{"DocumentTypeId":"LossRun.Reports.DataExtraction","FormId":"bf738574","FormName":"Amtrust Without Garaging LOC","OriginalFileExtension":"pdf","Pages":[{"Page":0,"Size":[0.0,0.0,792.0,612.0],"SkewAngle":0.0,"Evidence":[{"Text":"Converted","Box":[126.4659,24.288,31.416,5.2805]},{"Text":"#","Box":[126.7299,57.552,3.432,4.7524]},{"Text":"Insured","Box":[126.7299,84.216,23.232,5.0164]},{"Text":"Pol.","Box":[138.6109,84.216,11.088,5.0164]},{"Text":"Eff","Box":[138.6109,97.416,10.032,5.0164]},{"Text":"Date","Box":[138.6109,108.768,13.728,5.0164]},{"Text":"Pol.","Box":[138.6109,144.144,11.352,5.0164]},{"Text":"Exp","Box":[138.6109,157.608,11.88,6.0725]},{"Text":"Date","Box":[138.6109,171.6,13.728,5.0164]},{"Text":"Cancel","Box":[150.4918,84.216,20.856,5.2804]},{"Text":"Date","Box":[150.7558,106.656,13.992,5.0165]},{"Text":"Reserves","Box":[170.5574,585.552,26.4,5.0164]},{"Text":"Payments","Box":[182.7023,582.912,29.04,6.0725]},{"Text":"Recoveries","Box":[195.3753,579.48,32.472,5.0164]},{"Text":"Incurred","Box":[212.5367,585.288,26.664,5.0164]}],"Fields":[],"Tables":[{"FieldId":"LossRun.Reports.DataExtraction.ClaimDetails","Headers":[{"FieldId":"LossRun.Reports.DataExtraction.ClaimDetails.Carrier","Box":[0.0,0.0,0.0,0.0]},{"FieldId":"LossRun.Reports.DataExtraction.ClaimDetails.PolicyNumber","Box":[0.0,0.0,0.0,0.0]},{"FieldId":"LossRun.Reports.DataExtraction.ClaimDetails.PolicyYear","Box":[0.0,0.0,0.0,0.0]},{"FieldId":"LossRun.Reports.DataExtraction.ClaimDetails.PolicyEffectiveDate","Box":[0.0,0.0,0.0,0.0]},{"FieldId":"LossRun.Reports.DataExtraction.ClaimDetails.PolicyExpirationDate","Box":[0.0,0.0,0.0,0.0]},{"FieldId":"LossRun.Reports.DataExtraction.ClaimDetails.CoverageType","Box":[0.0,0.0,0.0,0.0]},{"FieldId":"LossRun.Reports.DataExtraction.ClaimDetails.Customer","Box":[0.0,0.0,0.0,0.0]},{"FieldId":"LossRun.Reports.DataExtraction.ClaimDetails.ClaimNumber","Box":[0.0,0.0,0.0,0.0]},{"FieldId":"LossRun.Reports.DataExtraction.ClaimDetails.DateofLoss","Box":[0.0,0.0,0.0,0.0]},{"FieldId":"LossRun.Reports.DataExtraction.ClaimDetails.DateReportedtoEmployer","Box":[0.0,0.0,0.0,0.0]},{"FieldId":"LossRun.Reports.DataExtraction.ClaimDetails.DateReportedtoCarrier","Box":[0.0,0.0,0.0,0.0]},{"FieldId":"LossRun.Reports.DataExtraction.ClaimDetails.Status","Box":[0.0,0.0,0.0,0.0]},{"FieldId":"LossRun.Reports.DataExtraction.ClaimDetails.OpenedDate","Box":[0.0,0.0,0.0,0.0]},{"FieldId":"LossRun.Reports.DataExtraction.ClaimDetails.CloseDate","Box":[0.0,0.0,0.0,0.0]},{"FieldId":"LossRun.Reports.DataExtraction.ClaimDetails.ReopenedDate","Box":[0.0,0.0,0.0,0.0]},{"FieldId":"LossRun.Reports.DataExtraction.ClaimDetails.ClaimType","Box":[0.0,0.0,0.0,0.0]},{"FieldId":"LossRun.Reports.DataExtraction.ClaimDetails.ClaimantFirstName","Box":[0.0,0.0,0.0,0.0]},{"FieldId":"LossRun.Reports.DataExtraction.ClaimDetails.ClaimantLastname","Box":[0.0,0.0,0.0,0.0]},{"FieldId":"LossRun.Reports.DataExtraction.ClaimDetails.EntityName(IfnotaPerson)","Box":[0.0,0.0,0.0,0.0]},{"FieldId":"LossRun.Reports.DataExtraction.ClaimDetails.AccidentDescription","Box":[0.0,0.0,0.0,0.0]},{"FieldId":"LossRun.Reports.DataExtraction.ClaimDetails.AccidentLocation(Description)","Box":[0.0,0.0,0.0,0.0]},{"FieldId":"LossRun.Reports.DataExtraction.ClaimDetails.AccidentLocation(Number)","Box":[0.0,0.0,0.0,0.0]},{"FieldId":"LossRun.Reports.DataExtraction.ClaimDetails.AccidentLocation(NumberCode)","Box":[0.0,0.0,0.0,0.0]},{"FieldId":"LossRun.Reports.DataExtraction.ClaimDetails.AccidentSite","Box":[0.0,0.0,0.0,0.0]},{"FieldId":"LossRun.Reports.DataExtraction.ClaimDetails.AccidentSiteCity","Box":[0.0,0.0,0.0,0.0]},{"FieldId":"LossRun.Reports.DataExtraction.ClaimDetails.AccidentState","Box":[0.0,0.0,0.0,0.0]},{"FieldId":"LossRun.Reports.DataExtraction.ClaimDetails.ValueDate","Box":[0.0,0.0,0.0,0.0]},{"FieldId":"LossRun.Reports.DataExtraction.ClaimDetails.PaidTotal","Box":[0.0,0.0,0.0,0.0]},{"FieldId":"LossRun.Reports.DataExtraction.ClaimDetails.OutstandingTotal","Box":[0.0,0.0,0.0,0.0]},{"FieldId":"LossRun.Reports.DataExtraction.ClaimDetails.IncurredTotal","Box":[0.0,0.0,0.0,0.0]},{"FieldId":"LossRun.Reports.DataExtraction.ClaimDetails.Recoveries","Box":[0.0,0.0,0.0,0.0]},{"FieldId":"LossRun.Reports.DataExtraction.ClaimDetails.PaidIndPDColl","Box":[0.0,0.0,0.0,0.0]},{"FieldId":"LossRun.Reports.DataExtraction.ClaimDetails.OutstandingINdPDColl","Box":[0.0,0.0,0.0,0.0]},{"FieldId":"LossRun.Reports.DataExtraction.ClaimDetails.RecoveredindPDColl","Box":[0.0,0.0,0.0,0.0]},{"FieldId":"LossRun.Reports.DataExtraction.ClaimDetails.PaidMedBIComp","Box":[0.0,0.0,0.0,0.0]},{"FieldId":"LossRun.Reports.DataExtraction.ClaimDetails.OutstandingMedBIComp","Box":[0.0,0.0,0.0,0.0]},{"FieldId":"LossRun.Reports.DataExtraction.ClaimDetails.RecoveredMedBIComp","Box":[0.0,0.0,0.0,0.0]},{"FieldId":"LossRun.Reports.DataExtraction.ClaimDetails.PaidExpense","Box":[0.0,0.0,0.0,0.0]},{"FieldId":"LossRun.Reports.DataExtraction.ClaimDetails.OutstandingExpense","Box":[0.0,0.0,0.0,0.0]},{"FieldId":"LossRun.Reports.DataExtraction.ClaimDetails.RecoveredExpense","Box":[0.0,0.0,0.0,0.0]},{"FieldId":"LossRun.Reports.DataExtraction.ClaimDetails.PaidSalvage","Box":[0.0,0.0,0.0,0.0]},{"FieldId":"LossRun.Reports.DataExtraction.ClaimDetails.OutstandingSalvage","Box":[0.0,0.0,0.0,0.0]},{"FieldId":"LossRun.Reports.DataExtraction.ClaimDetails.RecoveredSalvage","Box":[0.0,0.0,0.0,0.0]},{"FieldId":"LossRun.Reports.DataExtraction.ClaimDetails.PaidSubro","Box":[0.0,0.0,0.0,0.0]},{"FieldId":"LossRun.Reports.DataExtraction.ClaimDetails.OutstandingSubro","Box":[0.0,0.0,0.0,0.0]},{"FieldId":"LossRun.Reports.DataExtraction.ClaimDetails.RecoveredSubro","Box":[0.0,0.0,0.0,0.0]},{"FieldId":"LossRun.Reports.DataExtraction.ClaimDetails.LossType","Box":[0.0,0.0,0.0,0.0]},{"FieldId":"LossRun.Reports.DataExtraction.ClaimDetails.CauseOFInjury","Box":[0.0,0.0,0.0,0.0]},{"FieldId":"LossRun.Reports.DataExtraction.ClaimDetails.DetailedCauseofInjury","Box":[0.0,0.0,0.0,0.0]},{"FieldId":"LossRun.Reports.DataExtraction.ClaimDetails.NatureOfInjury","Box":[0.0,0.0,0.0,0.0]},{"FieldId":"LossRun.Reports.DataExtraction.ClaimDetails.DetailedNatureOfInjury","Box":[0.0,0.0,0.0,0.0]},{"FieldId":"LossRun.Reports.DataExtraction.ClaimDetails.BodyPartInjured","Box":[0.0,0.0,0.0,0.0]},{"FieldId":"LossRun.Reports.DataExtraction.ClaimDetails.DetailedBodyPartInjured","Box":[0.0,0.0,0.0,0.0]},{"FieldId":"LossRun.Reports.DataExtraction.ClaimDetails.ContributingFactor","Box":[0.0,0.0,0.0,0.0]},{"FieldId":"LossRun.Reports.DataExtraction.ClaimDetails.LitigationIndication","Box":[0.0,0.0,0.0,0.0]},{"FieldId":"LossRun.Reports.DataExtraction.ClaimDetails.Subrogation","Box":[0.0,0.0,0.0,0.0]},{"FieldId":"LossRun.Reports.DataExtraction.ClaimDetails.Occupation","Box":[0.0,0.0,0.0,0.0]},{"FieldId":"LossRun.Reports.DataExtraction.ClaimDetails.WorkLocation","Box":[0.0,0.0,0.0,0.0]},{"FieldId":"LossRun.Reports.DataExtraction.ClaimDetails.NCCICode","Box":[0.0,0.0,0.0,0.0]},{"FieldId":"LossRun.Reports.DataExtraction.ClaimDetails.DateOfBirth","Box":[0.0,0.0,0.0,0.0]},{"FieldId":"LossRun.Reports.DataExtraction.ClaimDetails.RTW","Box":[0.0,0.0,0.0,0.0]},{"FieldId":"LossRun.Reports.DataExtraction.ClaimDetails.RTWDATE","Box":[0.0,0.0,0.0,0.0]},{"FieldId":"LossRun.Reports.DataExtraction.ClaimDetails.Death","Box":[0.0,0.0,0.0,0.0]},{"FieldId":"LossRun.Reports.DataExtraction.ClaimDetails.Section32","Box":[0.0,0.0,0.0,0.0]},{"FieldId":"LossRun.Reports.DataExtraction.ClaimDetails.SLU","Box":[0.0,0.0,0.0,0.0]},{"FieldId":"LossRun.Reports.DataExtraction.ClaimDetails.GroupNumber","Box":[0.0,0.0,0.0,0.0]},{"FieldId":"LossRun.Reports.DataExtraction.ClaimDetails.EntityNumber","Box":[0.0,0.0,0.0,0.0]},{"FieldId":"LossRun.Reports.DataExtraction.ClaimDetails.BargainUnit","Box":[0.0,0.0,0.0,0.0]},{"FieldId":"LossRun.Reports.DataExtraction.ClaimDetails.EmployerReimburse","Box":[0.0,0.0,0.0,0.0]},{"FieldId":"LossRun.Reports.DataExtraction.ClaimDetails.Medicare","Box":[0.0,0.0,0.0,0.0]},{"FieldId":"LossRun.Reports.DataExtraction.ClaimDetails.DriverName","Box":[0.0,0.0,0.0,0.0]},{"FieldId":"LossRun.Reports.DataExtraction.ClaimDetails.VehicleUnitdescription","Box":[0.0,0.0,0.0,0.0]},{"FieldId":"LossRun.Reports.DataExtraction.ClaimDetails.Vehicleyear","Box":[0.0,0.0,0.0,0.0]},{"FieldId":"LossRun.Reports.DataExtraction.ClaimDetails.VehicleManufacturer","Box":[0.0,0.0,0.0,0.0]},{"FieldId":"LossRun.Reports.DataExtraction.ClaimDetails.VehicleModel","Box":[0.0,0.0,0.0,0.0]},{"FieldId":"LossRun.Reports.DataExtraction.ClaimDetails.VehicleID","Box":[0.0,0.0,0.0,0.0]},{"FieldId":"LossRun.Reports.DataExtraction.ClaimDetails.VehicleLicensePlate","Box":[0.0,0.0,0.0,0.0]},{"FieldId":"LossRun.Reports.DataExtraction.ClaimDetails.VehicleLicenseState","Box":[0.0,0.0,0.0,0.0]},{"FieldId":"LossRun.Reports.DataExtraction.ClaimDetails.TotaledIndicator","Box":[0.0,0.0,0.0,0.0]},{"FieldId":"LossRun.Reports.DataExtraction.ClaimDetails.AdjusterName","Box":[0.0,0.0,0.0,0.0]},{"FieldId":"LossRun.Reports.DataExtraction.ClaimDetails.AdjusterPhone","Box":[0.0,0.0,0.0,0.0]},{"FieldId":"LossRun.Reports.DataExtraction.ClaimDetails.AdjusterEmail","Box":[0.0,0.0,0.0,0.0]},{"FieldId":"LossRun.Reports.DataExtraction.ClaimDetails.ConcurrentEmp","Box":[0.0,0.0,0.0,0.0]},{"FieldId":"LossRun.Reports.DataExtraction.ClaimDetails.DegreeofDisability","Box":[0.0,0.0,0.0,0.0]},{"FieldId":"LossRun.Reports.DataExtraction.ClaimDetails.AvgWklyWage","Box":[0.0,0.0,0.0,0.0]},{"FieldId":"LossRun.Reports.DataExtraction.ClaimDetails.AttorneyFirm","Box":[0.0,0.0,0.0,0.0]},{"FieldId":"LossRun.Reports.DataExtraction.ClaimDetails.ClaimantSSN","Box":[0.0,0.0,0.0,0.0]},{"FieldId":"LossRun.Reports.DataExtraction.ClaimDetails.LAG","Box":[0.0,0.0,0.0,0.0]},{"FieldId":"LossRun.Reports.DataExtraction.ClaimDetails.GaragingLoc","Box":[0.0,0.0,0.0,0.0]},{"FieldId":"LossRun.Reports.DataExtraction.ClaimDetails.LOB","Box":[0.0,0.0,0.0,0.0]},{"FieldId":"LossRun.Reports.DataExtraction.ClaimDetails.ReservesLoss","Box":[0.0,0.0,0.0,0.0]},{"FieldId":"LossRun.Reports.DataExtraction.ClaimDetails.ReservesALAE","Box":[0.0,0.0,0.0,0.0]},{"FieldId":"LossRun.Reports.DataExtraction.ClaimDetails.PaymentsLoss","Box":[0.0,0.0,0.0,0.0]},{"FieldId":"LossRun.Reports.DataExtraction.ClaimDetails.PaymentsALAE","Box":[0.0,0.0,0.0,0.0]},{"FieldId":"LossRun.Reports.DataExtraction.ClaimDetails.RecoveriesLoss","Box":[0.0,0.0,0.0,0.0]},{"FieldId":"LossRun.Reports.DataExtraction.ClaimDetails.RecoveriesALAE","Box":[0.0,0.0,0.0,0.0]},{"FieldId":"LossRun.Reports.DataExtraction.ClaimDetails.IncurredLoss","Box":[0.0,0.0,0.0,0.0]},{"FieldId":"LossRun.Reports.DataExtraction.ClaimDetails.IncurredALAE","Box":[0.0,0.0,0.0,0.0]},{"FieldId":"LossRun.Reports.DataExtraction.ClaimDetails.UnitLocation","Box":[0.0,0.0,0.0,0.0]}],"Cells":[{"Row":0,"Column":1,"Box":[190.7813,21.6563,54.1406,12.375]},{"Row":0,"Column":3,"Box":[189.5352,81.7371,36.7225,10.0691]},{"Row":0,"Column":4,"Box":[190.7198,141.5591,36.7225,10.0691]},{"Row":0,"Column":6,"Box":[178.8739,80.5525,114.9057,10.0691]},{"Row":0,"Column":7,"Box":[164.6498,25.1737,42.183,12.2467]},{"Row":0,"Column":8,"Box":[165.251,197.8274,33.1687,11.846]},{"Row":0,"Column":10,"Box":[189.5352,197.2351,36.7225,11.846]},{"Row":0,"Column":11,"Box":[165.8433,300.8872,45.6069,11.846]},{"Row":0,"Column":13,"Box":[201.3812,196.0505,39.0916,10.6614]},{"Row":0,"Column":15,"Box":[178.8739,237.5113,62.1912,8.8845]},{"Row":0,"Column":16,"Box":[165.3302,83.0053,112.9416,12.2467]},{"Row":0,"Column":19,"Box":[189.9965,363.9859,116.9209,24.3585]},{"Row":0,"Column":25,"Box":[177.6893,195.4582,35.5379,12.4382]},{"Row":0,"Column":70,"Box":[164.6587,361.3015,103.0598,14.2151]},{"Row":0,"Column":79,"Box":[190.7198,302.0718,59.2298,23.6919]},{"Row":0,"Column":87,"Box":[189.5352,240.4728,18.3612,13.0305]},{"Row":0,"Column":89,"Box":[178.2816,302.6641,48.5684,11.846]},{"Row":0,"Column":90,"Box":[165.4015,648.883,39.9872,10.9056]},{"Row":0,"Column":91,"Box":[164.1898,696.7464,33.3227,12.7232]},{"Row":0,"Column":92,"Box":[177.5189,639.795,47.2576,11.5115]},{"Row":0,"Column":93,"Box":[177.5189,694.323,35.7461,12.1173]},{"Row":0,"Column":94,"Box":[190.8479,655.5475,33.9285,9.6939]},{"Row":0,"Column":95,"Box":[188.4245,694.323,34.5344,13.3291]},{"Row":0,"Column":96,"Box":[208.4181,642.2185,47.2576,16.3584]},{"Row":0,"Column":97,"Box":[210.8415,694.9288,37.5637,9.6939]},{"Row":0,"Column":98,"Box":[175.9124,362.4861,118.4595,13.6228]},{"Row":1,"Column":1,"Box":[261.9429,21.7719,53.069,9.5252]},{"Row":1,"Column":3,"Box":[258.834,81.7371,37.3147,11.846]},{"Row":1,"Column":4,"Box":[259.4263,140.3745,38.4993,12.4382]},{"Row":1,"Column":6,"Box":[247.5804,77.591,117.2749,11.846]},{"Row":1,"Column":7,"Box":[236.7692,24.4934,44.9045,10.2056]},{"Row":1,"Column":8,"Box":[235.7344,195.4582,37.3147,11.2537]},{"Row":1,"Column":10,"Box":[260.0186,195.4582,36.7225,11.2537]},{"Row":1,"Column":11,"Box":[234.5498,299.7026,55.0837,12.4382]},{"Row":1,"Column":13,"Box":[271.8646,194.8659,37.3147,10.6614]},{"Row":1,"Column":15,"Box":[248.1727,236.919,64.5604,11.2537]},{"Row":1,"Column":16,"Box":[236.7692,80.2838,110.9005,10.8859]},{"Row":1,"Column":19,"Box":[260.2882,361.2021,128.7522,27.1424]},{"Row":1,"Column":25,"Box":[248.1727,195.4582,35.5379,11.846]},{"Row":1,"Column":70,"Box":[233.9575,362.4861,117.2749,14.2151]},{"Row":1,"Column":79,"Box":[261.2032,301.4795,55.676,19.5458]},{"Row":1,"Column":87,"Box":[260.6109,239.2882,61.0067,15.3997]},{"Row":1,"Column":89,"Box":[248.1727,303.8487,53.3068,10.6614]},{"Row":1,"Column":90,"Box":[235.0762,640.4009,49.6811,13.3291]},{"Row":1,"Column":91,"Box":[235.0762,694.9288,35.7461,12.1173]},{"Row":1,"Column":92,"Box":[248.4053,645.2478,42.4107,10.9056]},{"Row":1,"Column":93,"Box":[249.617,690.6878,40.5931,9.6939]},{"Row":1,"Column":94,"Box":[259.9167,637.3715,50.2869,10.9056]},{"Row":1,"Column":95,"Box":[259.9167,697.9582,32.7168,12.1173]},{"Row":1,"Column":96,"Box":[279.9103,644.0361,43.0165,12.7232]},{"Row":1,"Column":97,"Box":[281.9248,696.088,47.7527,9.6424]},{"Row":1,"Column":98,"Box":[247.5804,361.8938,120.8287,13.6228]},{"Row":2,"Column":1,"Box":[330.6604,21.7719,53.069,10.2056]},{"Row":2,"Column":3,"Box":[331.0944,81.1448,37.907,10.6614]},{"Row":2,"Column":4,"Box":[329.9098,140.9668,39.0916,12.4382]},{"Row":2,"Column":6,"Box":[316.2869,78.7756,116.6826,14.2151]},{"Row":2,"Column":7,"Box":[308.2082,25.1737,43.5438,8.8448]},{"Row":2,"Column":8,"Box":[306.2179,195.4582,37.907,11.2537]},{"Row":2,"Column":10,"Box":[331.6867,196.6428,36.7225,10.0691]},{"Row":2,"Column":11,"Box":[305.6256,302.0718,47.3838,13.0305]},{"Row":2,"Column":13,"Box":[341.7557,194.2736,38.4993,10.6614]},{"Row":2,"Column":15,"Box":[318.0638,233.3653,68.7065,10.6614]},{"Row":2,"Column":16,"Box":[304.8063,78.9231,116.3435,12.9271]},{"Row":2,"Column":19,"Box":[330.58,361.2021,119.0088,25.7504]},{"Row":2,"Column":25,"Box":[317.4715,194.2736,38.4993,12.4382]},{"Row":2,"Column":70,"Box":[305.0333,362.4861,129.1209,13.6228]},{"Row":2,"Column":79,"Box":[331.6867,300.2949,52.1222,14.8074]},{"Row":2,"Column":87,"Box":[329.3175,234.5498,60.4144,15.992]},{"Row":2,"Column":89,"Box":[318.6561,302.6641,52.1222,11.846]},{"Row":2,"Column":90,"Box":[305.9626,640.4009,49.0752,12.7232]},{"Row":2,"Column":91,"Box":[306.5684,698.564,32.7168,10.9056]},{"Row":2,"Column":92,"Box":[318.0799,633.7363,53.9221,11.5115]},{"Row":2,"Column":93,"Box":[317.474,693.1112,37.5637,11.5115]},{"Row":2,"Column":94,"Box":[329.5914,641.6126,44.2283,11.5115]},{"Row":2,"Column":95,"Box":[329.5914,697.9582,31.5051,10.2997]},{"Row":2,"Column":96,"Box":[350.1908,641.0067,46.6517,11.5115]},{"Row":2,"Column":97,"Box":[348.9623,697.0063,42.2428,14.234]},{"Row":2,"Column":98,"Box":[317.4715,363.0784,120.8287,13.6228]},{"Row":3,"Column":1,"Box":[401.419,21.0915,52.3886,10.8859]},{"Row":3,"Column":3,"Box":[401.5778,81.7371,37.3147,12.4382]},{"Row":3,"Column":4,"Box":[399.8009,140.3745,39.0916,13.0305]},{"Row":3,"Column":6,"Box":[388.5472,77.591,117.8672,11.846]},{"Row":3,"Column":7,"Box":[377.6061,23.1326,44.9045,10.2056]},{"Row":3,"Column":8,"Box":[377.2936,196.6428,35.5379,10.6614]},{"Row":3,"Column":10,"Box":[402.1701,194.8659,37.3147,10.0691]},{"Row":3,"Column":11,"Box":[376.109,300.8872,52.7145,13.0305]},{"Row":3,"Column":13,"Box":[413.4237,196.0505,36.1302,10.6614]},{"Row":3,"Column":15,"Box":[387.9549,236.919,65.1527,10.6614]},{"Row":3,"Column":16,"Box":[375.5649,80.9642,113.622,12.2467]},{"Row":3,"Column":19,"Box":[400.1757,359.8102,121.0967,22.9666]},{"Row":3,"Column":25,"Box":[390.3241,195.4582,34.3533,9.4768]},{"Row":3,"Column":70,"Box":[373.1475,360.1169,119.0518,15.992]},{"Row":3,"Column":79,"Box":[400.9855,300.2949,56.2683,15.992]},{"Row":3,"Column":87,"Box":[400.3932,236.919,61.5989,16.5843]},{"Row":3,"Column":89,"Box":[389.1395,303.2564,56.8606,11.2537]},{"Row":3,"Column":90,"Box":[375.6372,639.1891,54.528,12.7232]},{"Row":3,"Column":91,"Box":[377.4548,696.1406,35.1403,9.6939]},{"Row":3,"Column":92,"Box":[388.3604,632.5246,54.528,12.1173]},{"Row":3,"Column":93,"Box":[387.7545,693.7171,35.1403,12.7232]},{"Row":3,"Column":94,"Box":[400.4777,639.795,48.4693,12.1173]},{"Row":3,"Column":95,"Box":[400.4777,693.1112,36.9579,10.2997]},{"Row":3,"Column":96,"Box":[419.8655,640.4009,47.2576,13.3291]},{"Row":3,"Column":97,"Box":[420.1322,697.0063,37.192,13.3157]},{"Row":3,"Column":98,"Box":[387.3626,363.0784,117.8672,14.2151]},{"Row":4,"Column":1,"Box":[472.858,23.1326,50.3475,8.8448]},{"Row":4,"Column":3,"Box":[470.2843,79.9602,39.6839,11.2537]},{"Row":4,"Column":4,"Box":[470.2843,142.1514,36.7225,12.4382]},{"Row":4,"Column":6,"Box":[458.4383,78.1833,117.2749,13.0305]},{"Row":4,"Column":7,"Box":[447.0039,22.4523,44.9045,11.5663]},{"Row":4,"Column":8,"Box":[446.5924,195.4582,37.3147,11.846]},{"Row":4,"Column":10,"Box":[472.0612,196.0505,36.1302,10.0691]},{"Row":4,"Column":11,"Box":[444.8155,302.0718,49.1607,13.6228]},{"Row":4,"Column":13,"Box":[482.1302,195.4582,37.907,12.4382]},{"Row":4,"Column":15,"Box":[459.0306,235.1421,68.1142,11.846]},{"Row":4,"Column":16,"Box":[445.6432,81.6446,113.622,12.9271]},{"Row":4,"Column":19,"Box":[471.8594,361.2021,118.3128,26.4464]},{"Row":4,"Column":25,"Box":[458.4383,193.6813,37.3147,13.6228]},{"Row":4,"Column":70,"Box":[446.0001,361.8938,111.3519,13.6228]},{"Row":4,"Column":79,"Box":[472.6535,303.8487,51.5299,17.7689]},{"Row":4,"Column":87,"Box":[470.8766,235.1421,63.9681,17.1766]},{"Row":4,"Column":89,"Box":[459.6229,304.441,55.0837,12.4382]},{"Row":4,"Column":90,"Box":[447.1295,641.6126,46.6517,11.5115]},{"Row":4,"Column":91,"Box":[448.3412,694.323,35.1403,10.2997]},{"Row":4,"Column":92,"Box":[459.2468,637.9774,48.4693,11.5115]},{"Row":4,"Column":93,"Box":[458.0351,694.323,36.9579,11.5115]},{"Row":4,"Column":94,"Box":[470.1524,645.8537,40.5931,10.9056]},{"Row":4,"Column":95,"Box":[470.7582,697.3523,32.7168,12.7232]},{"Row":4,"Column":96,"Box":[488.9342,637.3715,51.4987,13.3291]},{"Row":4,"Column":97,"Box":[489.9247,692.8738,39.4878,12.8565]},{"Row":4,"Column":98,"Box":[458.4383,363.6707,112.5365,12.4382]},{"Row":5,"Column":1,"Box":[542.2559,21.7719,51.7082,9.5252]},{"Row":5,"Column":3,"Box":[541.36,80.5525,38.4993,11.2537]},{"Row":5,"Column":4,"Box":[541.9523,144.5206,33.761,8.8845]},{"Row":5,"Column":6,"Box":[530.1063,76.4064,119.0518,10.6614]},{"Row":5,"Column":7,"Box":[517.0822,24.4934,46.9456,11.5663]},{"Row":5,"Column":8,"Box":[516.4835,195.4582,36.7225,12.4382]},{"Row":5,"Column":10,"Box":[541.9523,194.8659,37.3147,11.2537]},{"Row":5,"Column":11,"Box":[516.4835,300.8872,41.4608,11.2537]},{"Row":5,"Column":13,"Box":[553.7982,195.4582,36.7225,9.4768]},{"Row":5,"Column":15,"Box":[529.514,236.3267,66.3373,11.2537]},{"Row":5,"Column":16,"Box":[513.6803,77.5623,117.7042,15.6485]},{"Row":5,"Column":19,"Box":[542.1511,361.2021,118.3128,25.0545]},{"Row":5,"Column":25,"Box":[529.514,194.8659,37.3147,12.4382]},{"Row":5,"Column":70,"Box":[514.7066,361.3015,103.0598,14.2151]},{"Row":5,"Column":79,"Box":[543.7292,303.2564,55.676,15.3997]},{"Row":5,"Column":87,"Box":[541.9523,235.7344,58.0452,15.3997]},{"Row":5,"Column":89,"Box":[529.514,303.2564,55.0837,11.846]},{"Row":5,"Column":90,"Box":[516.8041,641.6126,48.4693,11.5115]},{"Row":5,"Column":91,"Box":[518.0158,696.1406,35.1403,10.9056]},{"Row":5,"Column":92,"Box":[529.5273,641.0067,46.6517,10.9056]},{"Row":5,"Column":93,"Box":[530.1332,693.1112,39.3813,11.5115]},{"Row":5,"Column":94,"Box":[539.827,647.6713,39.3813,11.5115]},{"Row":5,"Column":95,"Box":[540.4329,696.7464,32.7168,12.7232]},{"Row":5,"Column":96,"Box":[559.8206,638.5833,50.2869,13.9349]},{"Row":5,"Column":97,"Box":[561.0947,695.6288,36.2737,11.9382]},{"Row":5,"Column":98,"Box":[527.7372,361.3015,117.2749,13.6228]}]}]}],"AnchorBasedConfiguration":{"AnchorBasedFieldConfiguration":[]}}