{"DocumentTypeId":"LossRun.Reports.DataExtraction","FormId":"a96a80d6","FormName":"WC loss RUn","OriginalFileExtension":"pdf","Pages":[{"Page":0,"Size":[0.0,0.0,792.0,612.0],"SkewAngle":0.0,"Evidence":[{"Text":"CRISP-COMMUNITY","Box":[17.6052,270.88,65.6582,8.621]},{"Text":"RESIDENCE","Box":[17.6052,338.44,39.8582,8.621]},{"Text":"INSURANCE","Box":[17.6052,380.2,40.3382,8.621]},{"Text":"SAVINGS","Box":[17.6052,422.4401,30.4982,8.621]},{"Text":"Run","Box":[18.6681,672.64,10.6201,7.081]},{"Text":"date:","Box":[18.6681,684.88,12.8701,7.081]},{"Text":"Valuation","Box":[26.5881,658.36,23.9401,7.081]},{"Text":"Date:","Box":[26.5881,683.92,13.83,7.081]},{"Text":"Page:","Box":[34.3881,697.36,15.15,7.081]},{"Text":"716-842-0045","Box":[56.8177,63.7596,42.9363,8.4975]},{"Text":"www.ncacomp.com","Box":[64.6177,52.24,59.8376,8.4975]},{"Text":"DIVISION:","Box":[56.8177,270.88,31.5481,8.4975]},{"Text":"04008-","Box":[56.8177,304.36,21.4856,8.4975]},{"Text":"EVELYN","Box":[56.8177,327.7599,26.9157,8.4975]},{"Text":"DOUGHLIN/PEOPLE","Box":[56.8177,356.5599,65.1782,8.4975]},{"Text":"IN","Box":[56.8177,423.6399,6.7557,8.4975]},{"Text":"NEED","Box":[56.8177,432.28,18.9957,8.4975]}],"Fields":[],"Tables":[{"FieldId":"LossRun.Reports.DataExtraction.ClaimDetails","Headers":[{"FieldId":"LossRun.Reports.DataExtraction.ClaimDetails.Carrier","Box":[0.0,0.0,0.0,0.0]},{"FieldId":"LossRun.Reports.DataExtraction.ClaimDetails.PolicyNumber","Box":[0.0,0.0,0.0,0.0]},{"FieldId":"LossRun.Reports.DataExtraction.ClaimDetails.PolicyYear","Box":[0.0,0.0,0.0,0.0]},{"FieldId":"LossRun.Reports.DataExtraction.ClaimDetails.PolicyEffectiveDate","Box":[0.0,0.0,0.0,0.0]},{"FieldId":"LossRun.Reports.DataExtraction.ClaimDetails.PolicyExpirationDate","Box":[0.0,0.0,0.0,0.0]},{"FieldId":"LossRun.Reports.DataExtraction.ClaimDetails.CoverageType","Box":[0.0,0.0,0.0,0.0]},{"FieldId":"LossRun.Reports.DataExtraction.ClaimDetails.Customer","Box":[0.0,0.0,0.0,0.0]},{"FieldId":"LossRun.Reports.DataExtraction.ClaimDetails.ClaimNumber","Box":[0.0,0.0,0.0,0.0]},{"FieldId":"LossRun.Reports.DataExtraction.ClaimDetails.DateofLoss","Box":[0.0,0.0,0.0,0.0]},{"FieldId":"LossRun.Reports.DataExtraction.ClaimDetails.DateReportedtoEmployer","Box":[0.0,0.0,0.0,0.0]},{"FieldId":"LossRun.Reports.DataExtraction.ClaimDetails.DateReportedtoCarrier","Box":[0.0,0.0,0.0,0.0]},{"FieldId":"LossRun.Reports.DataExtraction.ClaimDetails.Status","Box":[0.0,0.0,0.0,0.0]},{"FieldId":"LossRun.Reports.DataExtraction.ClaimDetails.OpenedDate","Box":[0.0,0.0,0.0,0.0]},{"FieldId":"LossRun.Reports.DataExtraction.ClaimDetails.CloseDate","Box":[0.0,0.0,0.0,0.0]},{"FieldId":"LossRun.Reports.DataExtraction.ClaimDetails.ReopenedDate","Box":[0.0,0.0,0.0,0.0]},{"FieldId":"LossRun.Reports.DataExtraction.ClaimDetails.ClaimType","Box":[0.0,0.0,0.0,0.0]},{"FieldId":"LossRun.Reports.DataExtraction.ClaimDetails.ClaimantFirstName","Box":[0.0,0.0,0.0,0.0]},{"FieldId":"LossRun.Reports.DataExtraction.ClaimDetails.ClaimantLastname","Box":[0.0,0.0,0.0,0.0]},{"FieldId":"LossRun.Reports.DataExtraction.ClaimDetails.EntityName(IfnotaPerson)","Box":[0.0,0.0,0.0,0.0]},{"FieldId":"LossRun.Reports.DataExtraction.ClaimDetails.AccidentDescription","Box":[0.0,0.0,0.0,0.0]},{"FieldId":"LossRun.Reports.DataExtraction.ClaimDetails.AccidentLocation(Description)","Box":[0.0,0.0,0.0,0.0]},{"FieldId":"LossRun.Reports.DataExtraction.ClaimDetails.AccidentLocation(Number)","Box":[0.0,0.0,0.0,0.0]},{"FieldId":"LossRun.Reports.DataExtraction.ClaimDetails.AccidentLocation(NumberCode)","Box":[0.0,0.0,0.0,0.0]},{"FieldId":"LossRun.Reports.DataExtraction.ClaimDetails.AccidentSite","Box":[0.0,0.0,0.0,0.0]},{"FieldId":"LossRun.Reports.DataExtraction.ClaimDetails.AccidentSiteCity","Box":[0.0,0.0,0.0,0.0]},{"FieldId":"LossRun.Reports.DataExtraction.ClaimDetails.AccidentState","Box":[0.0,0.0,0.0,0.0]},{"FieldId":"LossRun.Reports.DataExtraction.ClaimDetails.ValueDate","Box":[0.0,0.0,0.0,0.0]},{"FieldId":"LossRun.Reports.DataExtraction.ClaimDetails.PaidTotal","Box":[0.0,0.0,0.0,0.0]},{"FieldId":"LossRun.Reports.DataExtraction.ClaimDetails.OutstandingTotal","Box":[0.0,0.0,0.0,0.0]},{"FieldId":"LossRun.Reports.DataExtraction.ClaimDetails.IncurredTotal","Box":[0.0,0.0,0.0,0.0]},{"FieldId":"LossRun.Reports.DataExtraction.ClaimDetails.Recoveries","Box":[0.0,0.0,0.0,0.0]},{"FieldId":"LossRun.Reports.DataExtraction.ClaimDetails.PaidIndPDColl","Box":[0.0,0.0,0.0,0.0]},{"FieldId":"LossRun.Reports.DataExtraction.ClaimDetails.OutstandingINdPDColl","Box":[0.0,0.0,0.0,0.0]},{"FieldId":"LossRun.Reports.DataExtraction.ClaimDetails.RecoveredindPDColl","Box":[0.0,0.0,0.0,0.0]},{"FieldId":"LossRun.Reports.DataExtraction.ClaimDetails.PaidMedBIComp","Box":[0.0,0.0,0.0,0.0]},{"FieldId":"LossRun.Reports.DataExtraction.ClaimDetails.OutstandingMedBIComp","Box":[0.0,0.0,0.0,0.0]},{"FieldId":"LossRun.Reports.DataExtraction.ClaimDetails.RecoveredMedBIComp","Box":[0.0,0.0,0.0,0.0]},{"FieldId":"LossRun.Reports.DataExtraction.ClaimDetails.PaidExpense","Box":[0.0,0.0,0.0,0.0]},{"FieldId":"LossRun.Reports.DataExtraction.ClaimDetails.OutstandingExpense","Box":[0.0,0.0,0.0,0.0]},{"FieldId":"LossRun.Reports.DataExtraction.ClaimDetails.RecoveredExpense","Box":[0.0,0.0,0.0,0.0]},{"FieldId":"LossRun.Reports.DataExtraction.ClaimDetails.PaidSalvage","Box":[0.0,0.0,0.0,0.0]},{"FieldId":"LossRun.Reports.DataExtraction.ClaimDetails.OutstandingSalvage","Box":[0.0,0.0,0.0,0.0]},{"FieldId":"LossRun.Reports.DataExtraction.ClaimDetails.RecoveredSalvage","Box":[0.0,0.0,0.0,0.0]},{"FieldId":"LossRun.Reports.DataExtraction.ClaimDetails.PaidSubro","Box":[0.0,0.0,0.0,0.0]},{"FieldId":"LossRun.Reports.DataExtraction.ClaimDetails.OutstandingSubro","Box":[0.0,0.0,0.0,0.0]},{"FieldId":"LossRun.Reports.DataExtraction.ClaimDetails.RecoveredSubro","Box":[0.0,0.0,0.0,0.0]},{"FieldId":"LossRun.Reports.DataExtraction.ClaimDetails.LossType","Box":[0.0,0.0,0.0,0.0]},{"FieldId":"LossRun.Reports.DataExtraction.ClaimDetails.CauseOFInjury","Box":[0.0,0.0,0.0,0.0]},{"FieldId":"LossRun.Reports.DataExtraction.ClaimDetails.DetailedCauseofInjury","Box":[0.0,0.0,0.0,0.0]},{"FieldId":"LossRun.Reports.DataExtraction.ClaimDetails.NatureOfInjury","Box":[0.0,0.0,0.0,0.0]},{"FieldId":"LossRun.Reports.DataExtraction.ClaimDetails.DetailedNatureOfInjury","Box":[0.0,0.0,0.0,0.0]},{"FieldId":"LossRun.Reports.DataExtraction.ClaimDetails.BodyPartInjured","Box":[0.0,0.0,0.0,0.0]},{"FieldId":"LossRun.Reports.DataExtraction.ClaimDetails.DetailedBodyPartInjured","Box":[0.0,0.0,0.0,0.0]},{"FieldId":"LossRun.Reports.DataExtraction.ClaimDetails.ContributingFactor","Box":[0.0,0.0,0.0,0.0]},{"FieldId":"LossRun.Reports.DataExtraction.ClaimDetails.LitigationIndication","Box":[0.0,0.0,0.0,0.0]},{"FieldId":"LossRun.Reports.DataExtraction.ClaimDetails.Subrogation","Box":[0.0,0.0,0.0,0.0]},{"FieldId":"LossRun.Reports.DataExtraction.ClaimDetails.Occupation","Box":[0.0,0.0,0.0,0.0]},{"FieldId":"LossRun.Reports.DataExtraction.ClaimDetails.WorkLocation","Box":[0.0,0.0,0.0,0.0]},{"FieldId":"LossRun.Reports.DataExtraction.ClaimDetails.NCCICode","Box":[0.0,0.0,0.0,0.0]},{"FieldId":"LossRun.Reports.DataExtraction.ClaimDetails.DateOfBirth","Box":[0.0,0.0,0.0,0.0]},{"FieldId":"LossRun.Reports.DataExtraction.ClaimDetails.RTW","Box":[0.0,0.0,0.0,0.0]},{"FieldId":"LossRun.Reports.DataExtraction.ClaimDetails.RTWDATE","Box":[0.0,0.0,0.0,0.0]},{"FieldId":"LossRun.Reports.DataExtraction.ClaimDetails.Death","Box":[0.0,0.0,0.0,0.0]},{"FieldId":"LossRun.Reports.DataExtraction.ClaimDetails.Section32","Box":[0.0,0.0,0.0,0.0]},{"FieldId":"LossRun.Reports.DataExtraction.ClaimDetails.SLU","Box":[0.0,0.0,0.0,0.0]},{"FieldId":"LossRun.Reports.DataExtraction.ClaimDetails.GroupNumber","Box":[0.0,0.0,0.0,0.0]},{"FieldId":"LossRun.Reports.DataExtraction.ClaimDetails.EntityNumber","Box":[0.0,0.0,0.0,0.0]},{"FieldId":"LossRun.Reports.DataExtraction.ClaimDetails.BargainUnit","Box":[0.0,0.0,0.0,0.0]},{"FieldId":"LossRun.Reports.DataExtraction.ClaimDetails.EmployerReimburse","Box":[0.0,0.0,0.0,0.0]},{"FieldId":"LossRun.Reports.DataExtraction.ClaimDetails.Medicare","Box":[0.0,0.0,0.0,0.0]},{"FieldId":"LossRun.Reports.DataExtraction.ClaimDetails.DriverName","Box":[0.0,0.0,0.0,0.0]},{"FieldId":"LossRun.Reports.DataExtraction.ClaimDetails.VehicleUnitdescription","Box":[0.0,0.0,0.0,0.0]},{"FieldId":"LossRun.Reports.DataExtraction.ClaimDetails.Vehicleyear","Box":[0.0,0.0,0.0,0.0]},{"FieldId":"LossRun.Reports.DataExtraction.ClaimDetails.VehicleManufacturer","Box":[0.0,0.0,0.0,0.0]},{"FieldId":"LossRun.Reports.DataExtraction.ClaimDetails.VehicleModel","Box":[0.0,0.0,0.0,0.0]},{"FieldId":"LossRun.Reports.DataExtraction.ClaimDetails.VehicleID","Box":[0.0,0.0,0.0,0.0]},{"FieldId":"LossRun.Reports.DataExtraction.ClaimDetails.VehicleLicensePlate","Box":[0.0,0.0,0.0,0.0]},{"FieldId":"LossRun.Reports.DataExtraction.ClaimDetails.VehicleLicenseState","Box":[0.0,0.0,0.0,0.0]},{"FieldId":"LossRun.Reports.DataExtraction.ClaimDetails.TotaledIndicator","Box":[0.0,0.0,0.0,0.0]},{"FieldId":"LossRun.Reports.DataExtraction.ClaimDetails.AdjusterName","Box":[0.0,0.0,0.0,0.0]},{"FieldId":"LossRun.Reports.DataExtraction.ClaimDetails.AdjusterPhone","Box":[0.0,0.0,0.0,0.0]},{"FieldId":"LossRun.Reports.DataExtraction.ClaimDetails.AdjusterEmail","Box":[0.0,0.0,0.0,0.0]},{"FieldId":"LossRun.Reports.DataExtraction.ClaimDetails.ConcurrentEmp","Box":[0.0,0.0,0.0,0.0]},{"FieldId":"LossRun.Reports.DataExtraction.ClaimDetails.DegreeofDisability","Box":[0.0,0.0,0.0,0.0]},{"FieldId":"LossRun.Reports.DataExtraction.ClaimDetails.AvgWklyWage","Box":[0.0,0.0,0.0,0.0]},{"FieldId":"LossRun.Reports.DataExtraction.ClaimDetails.AttorneyFirm","Box":[0.0,0.0,0.0,0.0]},{"FieldId":"LossRun.Reports.DataExtraction.ClaimDetails.ClaimantSSN","Box":[0.0,0.0,0.0,0.0]},{"FieldId":"LossRun.Reports.DataExtraction.ClaimDetails.Tenure","Box":[0.0,0.0,0.0,0.0]},{"FieldId":"LossRun.Reports.DataExtraction.ClaimDetails.CurrentAge","Box":[0.0,0.0,0.0,0.0]},{"FieldId":"LossRun.Reports.DataExtraction.ClaimDetails.ReservesCompensation","Box":[0.0,0.0,0.0,0.0]},{"FieldId":"LossRun.Reports.DataExtraction.ClaimDetails.ReservesExpense","Box":[0.0,0.0,0.0,0.0]},{"FieldId":"LossRun.Reports.DataExtraction.ClaimDetails.TotalReserves","Box":[0.0,0.0,0.0,0.0]},{"FieldId":"LossRun.Reports.DataExtraction.ClaimDetails.PaidCompensation","Box":[0.0,0.0,0.0,0.0]}],"Cells":[{"Row":0,"Column":0,"Box":[12.5047,268.0687,187.5699,13.2862]},{"Row":0,"Column":7,"Box":[103.1635,164.1237,55.4894,9.3785]},{"Row":0,"Column":8,"Box":[101.8752,403.3547,42.6454,10.0691]},{"Row":0,"Column":11,"Box":[111.3519,167.6202,63.9681,24.2842]},{"Row":0,"Column":12,"Box":[110.7596,402.7624,40.2762,8.8845]},{"Row":0,"Column":13,"Box":[119.0518,404.5393,40.8685,11.2537]},{"Row":0,"Column":16,"Box":[103.6521,18.3612,95.3599,42.0531]},{"Row":0,"Column":27,"Box":[110.1674,735.0413,29.0226,10.0691]},{"Row":0,"Column":34,"Box":[112.5365,603.5512,42.0531,8.2922]},{"Row":0,"Column":37,"Box":[111.3519,652.1196,52.1222,8.8845]},{"Row":0,"Column":47,"Box":[101.8752,241.0651,148.6667,12.4382]},{"Row":0,"Column":49,"Box":[110.1674,241.0651,104.2444,10.0691]},{"Row":0,"Column":51,"Box":[118.4595,239.8805,130.8978,27.2457]},{"Row":0,"Column":87,"Box":[109.5751,124.9748,39.0916,32.5764]},{"Row":0,"Column":88,"Box":[101.2829,128.5286,28.4303,11.846]},{"Row":0,"Column":92,"Box":[110.7596,533.6601,65.745,9.4768]},{"Row":1,"Column":0,"Box":[13.6228,268.3108,188.3506,13.6228]},{"Row":1,"Column":7,"Box":[150.4436,167.6202,49.1607,8.8845]},{"Row":1,"Column":8,"Box":[148.6667,402.7624,42.0531,10.0691]},{"Row":1,"Column":11,"Box":[158.1435,168.8048,63.9681,24.8765]},{"Row":1,"Column":12,"Box":[159.3281,402.1701,42.0531,8.2922]},{"Row":1,"Column":13,"Box":[167.0279,402.7624,42.0531,9.4768]},{"Row":1,"Column":16,"Box":[149.259,19.5458,95.3599,26.0611]},{"Row":1,"Column":27,"Box":[157.5512,715.4955,49.753,8.8845]},{"Row":1,"Column":34,"Box":[158.1435,599.4052,46.1992,8.8845]},{"Row":1,"Column":37,"Box":[159.9203,653.3042,54.4914,7.6999]},{"Row":1,"Column":47,"Box":[150.4436,239.2882,126.7517,8.2922]},{"Row":1,"Column":49,"Box":[157.5512,239.8805,133.8593,11.2537]},{"Row":1,"Column":51,"Box":[167.0279,239.2882,132.6747,21.915]},{"Row":1,"Column":87,"Box":[157.5512,122.6056,42.0531,31.3918]},{"Row":1,"Column":88,"Box":[148.6667,123.7902,34.3533,10.6614]},{"Row":1,"Column":92,"Box":[158.075,538.1276,57.7366,10.0899]},{"Row":2,"Column":0,"Box":[12.4382,267.1262,190.7198,13.0305]},{"Row":2,"Column":7,"Box":[197.2351,166.4356,50.3453,9.4768]},{"Row":2,"Column":8,"Box":[196.6428,404.5393,36.1302,10.6614]},{"Row":2,"Column":11,"Box":[206.7119,167.6202,56.8606,22.5073]},{"Row":2,"Column":12,"Box":[205.5273,403.947,41.4608,9.4768]},{"Row":2,"Column":13,"Box":[213.8194,403.3547,42.0531,10.6614]},{"Row":2,"Column":16,"Box":[198.4197,18.9535,63.3758,21.915]},{"Row":2,"Column":27,"Box":[204.935,717.8647,45.6069,9.4768]},{"Row":2,"Column":34,"Box":[204.935,592.8899,47.9761,10.0691]},{"Row":2,"Column":37,"Box":[205.5273,656.858,39.0916,8.8845]},{"Row":2,"Column":47,"Box":[196.6428,239.2882,135.0439,11.2537]},{"Row":2,"Column":49,"Box":[205.5273,239.8805,124.3825,10.0691]},{"Row":2,"Column":51,"Box":[213.2271,239.8805,128.5286,20.1381]},{"Row":2,"Column":87,"Box":[205.5273,122.0133,43.83,32.5764]},{"Row":2,"Column":88,"Box":[197.2351,124.9748,33.1687,10.6614]},{"Row":2,"Column":92,"Box":[206.8428,535.3249,53.2522,8.4082]},{"Row":3,"Column":0,"Box":[10.6614,268.3108,187.166,15.3997]},{"Row":3,"Column":7,"Box":[243.4343,165.251,51.5299,11.2537]},{"Row":3,"Column":8,"Box":[244.0266,403.947,40.2762,11.846]},{"Row":3,"Column":11,"Box":[252.9111,165.8433,62.7835,26.6534]},{"Row":3,"Column":12,"Box":[252.3188,405.7238,37.907,9.4768]},{"Row":3,"Column":13,"Box":[259.4263,402.7624,42.6454,13.0305]},{"Row":3,"Column":16,"Box":[246.9881,18.3612,91.2138,32.5764]},{"Row":3,"Column":27,"Box":[253.5034,717.2724,47.9761,7.6999]},{"Row":3,"Column":34,"Box":[252.3188,592.8899,46.7915,10.0691]},{"Row":3,"Column":37,"Box":[252.3188,653.3042,43.2377,9.4768]},{"Row":3,"Column":47,"Box":[244.0266,236.919,132.6747,11.2537]},{"Row":3,"Column":49,"Box":[252.3188,241.0651,116.0903,11.2537]},{"Row":3,"Column":51,"Box":[258.834,239.8805,129.1209,21.915]},{"Row":3,"Column":87,"Box":[252.3188,118.4595,43.83,28.4303]},{"Row":3,"Column":88,"Box":[245.2112,122.0133,36.1302,10.0691]},{"Row":3,"Column":92,"Box":[253.929,537.5671,45.9651,8.9688]},{"Row":4,"Column":0,"Box":[13.0305,269.4954,186.5737,13.0305]},{"Row":4,"Column":7,"Box":[292.0027,167.0279,48.5684,9.4768]},{"Row":4,"Column":8,"Box":[292.595,405.1316,39.6839,8.8845]},{"Row":4,"Column":11,"Box":[299.7026,165.8433,63.3758,28.4303]},{"Row":4,"Column":12,"Box":[299.7026,402.1701,43.2377,10.6614]},{"Row":4,"Column":13,"Box":[306.8102,404.5393,40.2762,11.846]},{"Row":4,"Column":16,"Box":[292.0027,17.7689,97.7291,36.1302]},{"Row":4,"Column":27,"Box":[297.9257,719.6416,43.2377,11.846]},{"Row":4,"Column":34,"Box":[301.4795,597.036,42.0531,9.4768]},{"Row":4,"Column":37,"Box":[299.7026,649.1582,47.9761,10.6614]},{"Row":4,"Column":47,"Box":[290.8181,239.2882,124.9748,10.6614]},{"Row":4,"Column":49,"Box":[297.3334,239.8805,85.8832,13.0305]},{"Row":4,"Column":51,"Box":[308.587,236.919,124.3825,18.3612]},{"Row":4,"Column":87,"Box":[301.4795,117.2749,45.6069,25.4688]},{"Row":4,"Column":88,"Box":[293.1873,125.5671,33.1687,10.0691]},{"Row":4,"Column":92,"Box":[301.0152,539.2487,47.6467,8.4082]},{"Row":5,"Column":0,"Box":[13.6228,271.8646,183.02,14.8074]},{"Row":5,"Column":7,"Box":[338.7942,164.0664,52.7145,9.4768]},{"Row":5,"Column":8,"Box":[339.3865,404.5393,41.4608,9.4768]},{"Row":5,"Column":11,"Box":[346.4941,164.6587,61.0067,32.5764]},{"Row":5,"Column":12,"Box":[347.6787,404.5393,40.2762,8.8845]},{"Row":5,"Column":13,"Box":[354.7863,399.8009,43.83,10.0691]},{"Row":5,"Column":16,"Box":[339.3865,20.1381,92.3984,39.0916]},{"Row":5,"Column":27,"Box":[347.0864,721.4185,43.2377,9.4768]},{"Row":5,"Column":34,"Box":[346.4941,597.6283,37.3147,10.6614]},{"Row":5,"Column":37,"Box":[346.4941,647.9736,47.9761,9.4768]},{"Row":5,"Column":47,"Box":[338.7942,241.6574,123.7902,11.2537]},{"Row":5,"Column":49,"Box":[347.6787,236.919,104.2444,10.0691]},{"Row":5,"Column":51,"Box":[355.9709,240.4728,122.0133,19.5458]},{"Row":5,"Column":87,"Box":[347.0864,116.6826,43.2377,30.7995]},{"Row":5,"Column":88,"Box":[339.9788,118.4595,42.0531,10.0691]},{"Row":5,"Column":92,"Box":[347.5408,536.446,48.2073,8.9688]},{"Row":6,"Column":0,"Box":[14.2151,268.3108,185.3891,12.4382]},{"Row":6,"Column":7,"Box":[384.4011,165.8433,53.8991,10.6614]},{"Row":6,"Column":8,"Box":[384.4011,402.7624,40.2762,11.2537]},{"Row":6,"Column":11,"Box":[392.6933,163.4741,68.1142,30.2072]},{"Row":6,"Column":12,"Box":[393.8779,399.2086,47.3838,11.2537]},{"Row":6,"Column":13,"Box":[402.1701,402.7624,41.4608,11.2537]},{"Row":6,"Column":16,"Box":[385.5857,17.1766,97.1368,36.7225]},{"Row":6,"Column":27,"Box":[394.4702,716.0878,49.1607,8.8845]},{"Row":6,"Column":34,"Box":[394.4702,601.7744,34.9456,9.4768]},{"Row":6,"Column":37,"Box":[393.8779,653.8965,41.4608,10.6614]},{"Row":6,"Column":47,"Box":[384.4011,239.2882,95.3599,13.0305]},{"Row":6,"Column":49,"Box":[395.0625,239.8805,102.4675,8.2922]},{"Row":6,"Column":51,"Box":[401.5778,238.1036,131.4901,20.1381]},{"Row":6,"Column":87,"Box":[393.2856,114.9057,47.3838,29.6149]},{"Row":6,"Column":88,"Box":[387.3626,120.8287,39.6839,10.6614]},{"Row":6,"Column":92,"Box":[396.3086,537.0065,48.2073,7.8477]},{"Row":7,"Column":0,"Box":[13.6228,268.9031,188.9429,11.846]},{"Row":7,"Column":7,"Box":[433.5618,165.8433,51.5299,10.0691]},{"Row":7,"Column":8,"Box":[433.5618,403.3547,39.6839,10.0691]},{"Row":7,"Column":11,"Box":[441.2617,164.6587,65.745,24.8765]},{"Row":7,"Column":12,"Box":[441.854,402.1701,43.83,8.2922]},{"Row":7,"Column":13,"Box":[450.1462,403.947,42.6454,11.2537]},{"Row":7,"Column":16,"Box":[433.5618,20.7304,91.2138,38.4993]},{"Row":7,"Column":27,"Box":[441.2617,713.1263,51.5299,8.8845]},{"Row":7,"Column":34,"Box":[441.854,600.5898,38.4993,9.4768]},{"Row":7,"Column":37,"Box":[442.4463,653.3042,41.4608,9.4768]},{"Row":7,"Column":47,"Box":[433.5618,238.6959,114.3134,12.4382]},{"Row":7,"Column":49,"Box":[442.4463,238.1036,117.2749,9.4768]},{"Row":7,"Column":51,"Box":[450.7385,238.6959,120.8287,23.6919]},{"Row":7,"Column":87,"Box":[442.4463,114.9057,46.1992,25.4688]},{"Row":7,"Column":88,"Box":[433.5618,122.6056,36.7225,11.846]},{"Row":7,"Column":92,"Box":[442.8342,537.5671,47.6467,9.5293]}]}]}],"AnchorBasedConfiguration":{"AnchorBasedFieldConfiguration":[]}}