{"DocumentTypeId":"LossRun.Reports.DataExtraction","FormId":"0b9dc7d8","FormName":"Amtrust Bold Policy Number","OriginalFileExtension":"pdf","Pages":[{"Page":0,"Size":[0.0,0.0,792.0,612.0],"SkewAngle":0.0,"Evidence":[{"Text":"Agency","Box":[117.7532,24.024,22.44,5.2804]},{"Text":"Id","Box":[117.7532,48.576,6.072,5.0164]},{"Text":"Policy","Box":[164.4849,24.816,24.816,7.1286]},{"Text":"Status","Box":[93.7273,546.48,18.48,5.0165]},{"Text":"Mi","Box":[105.6083,546.216,11.352,5.8085]}],"Fields":[],"Tables":[{"FieldId":"LossRun.Reports.DataExtraction.ClaimDetails","Headers":[{"FieldId":"LossRun.Reports.DataExtraction.ClaimDetails.Carrier","Box":[0.0,0.0,0.0,0.0]},{"FieldId":"LossRun.Reports.DataExtraction.ClaimDetails.PolicyNumber","Box":[0.0,0.0,0.0,0.0]},{"FieldId":"LossRun.Reports.DataExtraction.ClaimDetails.PolicyYear","Box":[0.0,0.0,0.0,0.0]},{"FieldId":"LossRun.Reports.DataExtraction.ClaimDetails.PolicyEffectiveDate","Box":[0.0,0.0,0.0,0.0]},{"FieldId":"LossRun.Reports.DataExtraction.ClaimDetails.PolicyExpirationDate","Box":[0.0,0.0,0.0,0.0]},{"FieldId":"LossRun.Reports.DataExtraction.ClaimDetails.CoverageType","Box":[0.0,0.0,0.0,0.0]},{"FieldId":"LossRun.Reports.DataExtraction.ClaimDetails.Customer","Box":[0.0,0.0,0.0,0.0]},{"FieldId":"LossRun.Reports.DataExtraction.ClaimDetails.ClaimNumber","Box":[0.0,0.0,0.0,0.0]},{"FieldId":"LossRun.Reports.DataExtraction.ClaimDetails.DateofLoss","Box":[0.0,0.0,0.0,0.0]},{"FieldId":"LossRun.Reports.DataExtraction.ClaimDetails.DateReportedtoEmployer","Box":[0.0,0.0,0.0,0.0]},{"FieldId":"LossRun.Reports.DataExtraction.ClaimDetails.DateReportedtoCarrier","Box":[0.0,0.0,0.0,0.0]},{"FieldId":"LossRun.Reports.DataExtraction.ClaimDetails.Status","Box":[0.0,0.0,0.0,0.0]},{"FieldId":"LossRun.Reports.DataExtraction.ClaimDetails.OpenedDate","Box":[0.0,0.0,0.0,0.0]},{"FieldId":"LossRun.Reports.DataExtraction.ClaimDetails.CloseDate","Box":[0.0,0.0,0.0,0.0]},{"FieldId":"LossRun.Reports.DataExtraction.ClaimDetails.ReopenedDate","Box":[0.0,0.0,0.0,0.0]},{"FieldId":"LossRun.Reports.DataExtraction.ClaimDetails.ClaimType","Box":[0.0,0.0,0.0,0.0]},{"FieldId":"LossRun.Reports.DataExtraction.ClaimDetails.ClaimantFirstName","Box":[0.0,0.0,0.0,0.0]},{"FieldId":"LossRun.Reports.DataExtraction.ClaimDetails.ClaimantLastname","Box":[0.0,0.0,0.0,0.0]},{"FieldId":"LossRun.Reports.DataExtraction.ClaimDetails.EntityName(IfnotaPerson)","Box":[0.0,0.0,0.0,0.0]},{"FieldId":"LossRun.Reports.DataExtraction.ClaimDetails.AccidentDescription","Box":[0.0,0.0,0.0,0.0]},{"FieldId":"LossRun.Reports.DataExtraction.ClaimDetails.AccidentLocation(Description)","Box":[0.0,0.0,0.0,0.0]},{"FieldId":"LossRun.Reports.DataExtraction.ClaimDetails.AccidentLocation(Number)","Box":[0.0,0.0,0.0,0.0]},{"FieldId":"LossRun.Reports.DataExtraction.ClaimDetails.AccidentLocation(NumberCode)","Box":[0.0,0.0,0.0,0.0]},{"FieldId":"LossRun.Reports.DataExtraction.ClaimDetails.AccidentSite","Box":[0.0,0.0,0.0,0.0]},{"FieldId":"LossRun.Reports.DataExtraction.ClaimDetails.AccidentSiteCity","Box":[0.0,0.0,0.0,0.0]},{"FieldId":"LossRun.Reports.DataExtraction.ClaimDetails.AccidentState","Box":[0.0,0.0,0.0,0.0]},{"FieldId":"LossRun.Reports.DataExtraction.ClaimDetails.ValueDate","Box":[0.0,0.0,0.0,0.0]},{"FieldId":"LossRun.Reports.DataExtraction.ClaimDetails.PaidTotal","Box":[0.0,0.0,0.0,0.0]},{"FieldId":"LossRun.Reports.DataExtraction.ClaimDetails.OutstandingTotal","Box":[0.0,0.0,0.0,0.0]},{"FieldId":"LossRun.Reports.DataExtraction.ClaimDetails.IncurredTotal","Box":[0.0,0.0,0.0,0.0]},{"FieldId":"LossRun.Reports.DataExtraction.ClaimDetails.Recoveries","Box":[0.0,0.0,0.0,0.0]},{"FieldId":"LossRun.Reports.DataExtraction.ClaimDetails.PaidIndPDColl","Box":[0.0,0.0,0.0,0.0]},{"FieldId":"LossRun.Reports.DataExtraction.ClaimDetails.OutstandingINdPDColl","Box":[0.0,0.0,0.0,0.0]},{"FieldId":"LossRun.Reports.DataExtraction.ClaimDetails.RecoveredindPDColl","Box":[0.0,0.0,0.0,0.0]},{"FieldId":"LossRun.Reports.DataExtraction.ClaimDetails.PaidMedBIComp","Box":[0.0,0.0,0.0,0.0]},{"FieldId":"LossRun.Reports.DataExtraction.ClaimDetails.OutstandingMedBIComp","Box":[0.0,0.0,0.0,0.0]},{"FieldId":"LossRun.Reports.DataExtraction.ClaimDetails.RecoveredMedBIComp","Box":[0.0,0.0,0.0,0.0]},{"FieldId":"LossRun.Reports.DataExtraction.ClaimDetails.PaidExpense","Box":[0.0,0.0,0.0,0.0]},{"FieldId":"LossRun.Reports.DataExtraction.ClaimDetails.OutstandingExpense","Box":[0.0,0.0,0.0,0.0]},{"FieldId":"LossRun.Reports.DataExtraction.ClaimDetails.RecoveredExpense","Box":[0.0,0.0,0.0,0.0]},{"FieldId":"LossRun.Reports.DataExtraction.ClaimDetails.PaidSalvage","Box":[0.0,0.0,0.0,0.0]},{"FieldId":"LossRun.Reports.DataExtraction.ClaimDetails.OutstandingSalvage","Box":[0.0,0.0,0.0,0.0]},{"FieldId":"LossRun.Reports.DataExtraction.ClaimDetails.RecoveredSalvage","Box":[0.0,0.0,0.0,0.0]},{"FieldId":"LossRun.Reports.DataExtraction.ClaimDetails.PaidSubro","Box":[0.0,0.0,0.0,0.0]},{"FieldId":"LossRun.Reports.DataExtraction.ClaimDetails.OutstandingSubro","Box":[0.0,0.0,0.0,0.0]},{"FieldId":"LossRun.Reports.DataExtraction.ClaimDetails.RecoveredSubro","Box":[0.0,0.0,0.0,0.0]},{"FieldId":"LossRun.Reports.DataExtraction.ClaimDetails.LossType","Box":[0.0,0.0,0.0,0.0]},{"FieldId":"LossRun.Reports.DataExtraction.ClaimDetails.CauseOFInjury","Box":[0.0,0.0,0.0,0.0]},{"FieldId":"LossRun.Reports.DataExtraction.ClaimDetails.DetailedCauseofInjury","Box":[0.0,0.0,0.0,0.0]},{"FieldId":"LossRun.Reports.DataExtraction.ClaimDetails.NatureOfInjury","Box":[0.0,0.0,0.0,0.0]},{"FieldId":"LossRun.Reports.DataExtraction.ClaimDetails.DetailedNatureOfInjury","Box":[0.0,0.0,0.0,0.0]},{"FieldId":"LossRun.Reports.DataExtraction.ClaimDetails.BodyPartInjured","Box":[0.0,0.0,0.0,0.0]},{"FieldId":"LossRun.Reports.DataExtraction.ClaimDetails.DetailedBodyPartInjured","Box":[0.0,0.0,0.0,0.0]},{"FieldId":"LossRun.Reports.DataExtraction.ClaimDetails.ContributingFactor","Box":[0.0,0.0,0.0,0.0]},{"FieldId":"LossRun.Reports.DataExtraction.ClaimDetails.LitigationIndication","Box":[0.0,0.0,0.0,0.0]},{"FieldId":"LossRun.Reports.DataExtraction.ClaimDetails.Subrogation","Box":[0.0,0.0,0.0,0.0]},{"FieldId":"LossRun.Reports.DataExtraction.ClaimDetails.Occupation","Box":[0.0,0.0,0.0,0.0]},{"FieldId":"LossRun.Reports.DataExtraction.ClaimDetails.WorkLocation","Box":[0.0,0.0,0.0,0.0]},{"FieldId":"LossRun.Reports.DataExtraction.ClaimDetails.NCCICode","Box":[0.0,0.0,0.0,0.0]},{"FieldId":"LossRun.Reports.DataExtraction.ClaimDetails.DateOfBirth","Box":[0.0,0.0,0.0,0.0]},{"FieldId":"LossRun.Reports.DataExtraction.ClaimDetails.RTW","Box":[0.0,0.0,0.0,0.0]},{"FieldId":"LossRun.Reports.DataExtraction.ClaimDetails.RTWDATE","Box":[0.0,0.0,0.0,0.0]},{"FieldId":"LossRun.Reports.DataExtraction.ClaimDetails.Death","Box":[0.0,0.0,0.0,0.0]},{"FieldId":"LossRun.Reports.DataExtraction.ClaimDetails.Section32","Box":[0.0,0.0,0.0,0.0]},{"FieldId":"LossRun.Reports.DataExtraction.ClaimDetails.SLU","Box":[0.0,0.0,0.0,0.0]},{"FieldId":"LossRun.Reports.DataExtraction.ClaimDetails.GroupNumber","Box":[0.0,0.0,0.0,0.0]},{"FieldId":"LossRun.Reports.DataExtraction.ClaimDetails.EntityNumber","Box":[0.0,0.0,0.0,0.0]},{"FieldId":"LossRun.Reports.DataExtraction.ClaimDetails.BargainUnit","Box":[0.0,0.0,0.0,0.0]},{"FieldId":"LossRun.Reports.DataExtraction.ClaimDetails.EmployerReimburse","Box":[0.0,0.0,0.0,0.0]},{"FieldId":"LossRun.Reports.DataExtraction.ClaimDetails.Medicare","Box":[0.0,0.0,0.0,0.0]},{"FieldId":"LossRun.Reports.DataExtraction.ClaimDetails.DriverName","Box":[0.0,0.0,0.0,0.0]},{"FieldId":"LossRun.Reports.DataExtraction.ClaimDetails.VehicleUnitdescription","Box":[0.0,0.0,0.0,0.0]},{"FieldId":"LossRun.Reports.DataExtraction.ClaimDetails.Vehicleyear","Box":[0.0,0.0,0.0,0.0]},{"FieldId":"LossRun.Reports.DataExtraction.ClaimDetails.VehicleManufacturer","Box":[0.0,0.0,0.0,0.0]},{"FieldId":"LossRun.Reports.DataExtraction.ClaimDetails.VehicleModel","Box":[0.0,0.0,0.0,0.0]},{"FieldId":"LossRun.Reports.DataExtraction.ClaimDetails.VehicleID","Box":[0.0,0.0,0.0,0.0]},{"FieldId":"LossRun.Reports.DataExtraction.ClaimDetails.VehicleLicensePlate","Box":[0.0,0.0,0.0,0.0]},{"FieldId":"LossRun.Reports.DataExtraction.ClaimDetails.VehicleLicenseState","Box":[0.0,0.0,0.0,0.0]},{"FieldId":"LossRun.Reports.DataExtraction.ClaimDetails.TotaledIndicator","Box":[0.0,0.0,0.0,0.0]},{"FieldId":"LossRun.Reports.DataExtraction.ClaimDetails.AdjusterName","Box":[0.0,0.0,0.0,0.0]},{"FieldId":"LossRun.Reports.DataExtraction.ClaimDetails.AdjusterPhone","Box":[0.0,0.0,0.0,0.0]},{"FieldId":"LossRun.Reports.DataExtraction.ClaimDetails.AdjusterEmail","Box":[0.0,0.0,0.0,0.0]},{"FieldId":"LossRun.Reports.DataExtraction.ClaimDetails.ConcurrentEmp","Box":[0.0,0.0,0.0,0.0]},{"FieldId":"LossRun.Reports.DataExtraction.ClaimDetails.DegreeofDisability","Box":[0.0,0.0,0.0,0.0]},{"FieldId":"LossRun.Reports.DataExtraction.ClaimDetails.AvgWklyWage","Box":[0.0,0.0,0.0,0.0]},{"FieldId":"LossRun.Reports.DataExtraction.ClaimDetails.AttorneyFirm","Box":[0.0,0.0,0.0,0.0]},{"FieldId":"LossRun.Reports.DataExtraction.ClaimDetails.ClaimantSSN","Box":[0.0,0.0,0.0,0.0]},{"FieldId":"LossRun.Reports.DataExtraction.ClaimDetails.LAG","Box":[0.0,0.0,0.0,0.0]},{"FieldId":"LossRun.Reports.DataExtraction.ClaimDetails.GaragingLoc","Box":[0.0,0.0,0.0,0.0]},{"FieldId":"LossRun.Reports.DataExtraction.ClaimDetails.LOB","Box":[0.0,0.0,0.0,0.0]},{"FieldId":"LossRun.Reports.DataExtraction.ClaimDetails.ReservesLoss","Box":[0.0,0.0,0.0,0.0]},{"FieldId":"LossRun.Reports.DataExtraction.ClaimDetails.ReservesALAE","Box":[0.0,0.0,0.0,0.0]},{"FieldId":"LossRun.Reports.DataExtraction.ClaimDetails.PaymentsLoss","Box":[0.0,0.0,0.0,0.0]},{"FieldId":"LossRun.Reports.DataExtraction.ClaimDetails.PaymentsALAE","Box":[0.0,0.0,0.0,0.0]},{"FieldId":"LossRun.Reports.DataExtraction.ClaimDetails.RecoveriesLoss","Box":[0.0,0.0,0.0,0.0]},{"FieldId":"LossRun.Reports.DataExtraction.ClaimDetails.RecoveriesALAE","Box":[0.0,0.0,0.0,0.0]},{"FieldId":"LossRun.Reports.DataExtraction.ClaimDetails.IncurredLoss","Box":[0.0,0.0,0.0,0.0]},{"FieldId":"LossRun.Reports.DataExtraction.ClaimDetails.IncurredALAE","Box":[0.0,0.0,0.0,0.0]},{"FieldId":"LossRun.Reports.DataExtraction.ClaimDetails.UnitLocation","Box":[0.0,0.0,0.0,0.0]},{"FieldId":"LossRun.Reports.DataExtraction.ClaimDetails.DateCanc","Box":[0.0,0.0,0.0,0.0]},{"FieldId":"LossRun.Reports.DataExtraction.ClaimDetails.PaidLoss","Box":[0.0,0.0,0.0,0.0]},{"FieldId":"LossRun.Reports.DataExtraction.ClaimDetails.PaidALAE","Box":[0.0,0.0,0.0,0.0]},{"FieldId":"LossRun.Reports.DataExtraction.ClaimDetails.PaidULAE","Box":[0.0,0.0,0.0,0.0]},{"FieldId":"LossRun.Reports.DataExtraction.ClaimDetails.ReservedLoss","Box":[0.0,0.0,0.0,0.0]},{"FieldId":"LossRun.Reports.DataExtraction.ClaimDetails.ReservedALAE","Box":[0.0,0.0,0.0,0.0]},{"FieldId":"LossRun.Reports.DataExtraction.ClaimDetails.ReservedULAE","Box":[0.0,0.0,0.0,0.0]},{"FieldId":"LossRun.Reports.DataExtraction.ClaimDetails.RecoveredLoss","Box":[0.0,0.0,0.0,0.0]},{"FieldId":"LossRun.Reports.DataExtraction.ClaimDetails.RecoveredALAE","Box":[0.0,0.0,0.0,0.0]},{"FieldId":"LossRun.Reports.DataExtraction.ClaimDetails.RecoveredULAE","Box":[0.0,0.0,0.0,0.0]},{"FieldId":"LossRun.Reports.DataExtraction.ClaimDetails.IncurredULAE","Box":[0.0,0.0,0.0,0.0]},{"FieldId":"LossRun.Reports.DataExtraction.ClaimDetails.Adj","Box":[0.0,0.0,0.0,0.0]},{"FieldId":"LossRun.Reports.DataExtraction.ClaimDetails.AgencyID","Box":[0.0,0.0,0.0,0.0]},{"FieldId":"LossRun.Reports.DataExtraction.ClaimDetails.AgencyName","Box":[0.0,0.0,0.0,0.0]}],"Cells":[{"Row":0,"Column":1,"Box":[217.6795,22.6161,50.8861,10.3657]},{"Row":0,"Column":3,"Box":[218.1094,86.625,37.125,9.7969]},{"Row":0,"Column":4,"Box":[217.0781,158.2969,39.1875,11.8594]},{"Row":0,"Column":6,"Box":[192.8438,88.1719,151.5938,12.8906]},{"Row":0,"Column":7,"Box":[179.9531,20.625,58.2656,12.375]},{"Row":0,"Column":8,"Box":[180.9844,242.3438,41.7656,12.375]},{"Row":0,"Column":11,"Box":[177.5769,538.854,23.813,15.6485]},{"Row":0,"Column":15,"Box":[177.5769,359.9164,90.4894,25.1737]},{"Row":0,"Column":16,"Box":[180.4688,85.5938,154.1719,13.4063]},{"Row":0,"Column":19,"Box":[206.1525,244.2533,278.2718,38.1008]},{"Row":0,"Column":25,"Box":[176.2162,295.2811,33.3382,23.813]},{"Row":0,"Column":46,"Box":[178.9376,469.4562,65.996,22.4523]},{"Row":0,"Column":89,"Box":[178.9376,334.7427,19.7308,18.37]},{"Row":0,"Column":90,"Box":[180.2984,651.7957,34.0186,12.9271]},{"Row":0,"Column":91,"Box":[182.3395,691.2572,37.4204,10.8859]},{"Row":0,"Column":92,"Box":[194.5862,649.0742,36.0597,10.8859]},{"Row":0,"Column":93,"Box":[193.9058,694.6591,32.6578,12.9271]},{"Row":0,"Column":94,"Box":[206.1525,654.5172,31.9774,10.8859]},{"Row":0,"Column":95,"Box":[206.8329,693.2983,33.3382,8.8448]},{"Row":0,"Column":96,"Box":[222.4814,647.7134,35.3793,13.6074]},{"Row":0,"Column":97,"Box":[224.5225,696.7002,29.9363,10.8859]},{"Row":0,"Column":98,"Box":[193.875,243.8906,41.25,9.7969]},{"Row":0,"Column":110,"Box":[193.3594,540.8906,27.8438,13.4063]},{"Row":0,"Column":111,"Box":[206.25,22.1719,29.9063,7.7344]},{"Row":0,"Column":112,"Box":[203.1563,86.625,154.6875,14.4375]},{"Row":1,"Column":1,"Box":[290.7106,22.1449,52.7708,10.8369]},{"Row":1,"Column":3,"Box":[290.2969,86.1094,38.6719,12.375]},{"Row":1,"Column":4,"Box":[290.2969,158.2969,39.7031,11.8594]},{"Row":1,"Column":6,"Box":[265.5469,86.625,153.6563,13.4063]},{"Row":1,"Column":7,"Box":[255.75,21.6563,55.6875,7.7344]},{"Row":1,"Column":8,"Box":[253.6875,243.375,37.125,11.8594]},{"Row":1,"Column":11,"Box":[253.0981,538.854,29.9363,13.6074]},{"Row":1,"Column":15,"Box":[255.1392,365.3594,61.2334,13.6074]},{"Row":1,"Column":16,"Box":[254.2031,87.1406,138.1875,12.8906]},{"Row":1,"Column":19,"Box":[278.9522,244.2533,272.1485,36.74]},{"Row":1,"Column":25,"Box":[253.7785,293.24,31.9774,21.0915]},{"Row":1,"Column":46,"Box":[253.0981,468.7758,53.069,20.4111]},{"Row":1,"Column":89,"Box":[255.8196,333.3819,28.5756,14.2878]},{"Row":1,"Column":90,"Box":[253.7785,651.7957,31.2971,12.2467]},{"Row":1,"Column":91,"Box":[255.8196,692.6179,35.3793,10.2056]},{"Row":1,"Column":92,"Box":[266.0252,647.7134,37.4204,13.6074]},{"Row":1,"Column":93,"Box":[267.3859,693.9787,34.0186,10.2056]},{"Row":1,"Column":94,"Box":[278.9522,649.7546,33.3382,10.2056]},{"Row":1,"Column":95,"Box":[279.6326,694.6591,33.3382,8.8448]},{"Row":1,"Column":96,"Box":[295.9615,647.0331,36.74,12.9271]},{"Row":1,"Column":97,"Box":[295.9615,693.9787,34.0186,14.2878]},{"Row":1,"Column":98,"Box":[265.5469,245.4375,40.7344,11.8594]},{"Row":1,"Column":110,"Box":[266.0625,541.9219,25.7813,12.375]},{"Row":1,"Column":111,"Box":[279.4688,21.6563,30.9375,7.7344]},{"Row":1,"Column":112,"Box":[278.4375,83.0156,160.875,11.8594]},{"Row":2,"Column":1,"Box":[364.2127,21.6737,52.7708,10.3657]},{"Row":2,"Column":3,"Box":[364.0313,87.1406,40.2188,10.3125]},{"Row":2,"Column":4,"Box":[365.0625,159.3281,39.7031,9.2813]},{"Row":2,"Column":6,"Box":[338.7656,87.1406,153.6563,11.8594]},{"Row":2,"Column":7,"Box":[328.9688,20.625,57.2344,8.7656]},{"Row":2,"Column":8,"Box":[327.4219,242.8594,38.1563,9.7969]},{"Row":2,"Column":11,"Box":[326.5782,540.2148,21.7719,11.5663]},{"Row":2,"Column":15,"Box":[327.2586,366.0397,57.8316,14.2878]},{"Row":2,"Column":16,"Box":[326.3906,85.5938,148.5,13.9219]},{"Row":2,"Column":19,"Box":[351.0716,240.8514,270.7878,41.5026]},{"Row":2,"Column":25,"Box":[327.939,292.5596,34.0186,12.2467]},{"Row":2,"Column":46,"Box":[326.5782,466.0543,52.3886,21.7719]},{"Row":2,"Column":89,"Box":[327.2586,332.7015,24.4934,13.6074]},{"Row":2,"Column":90,"Box":[328.6193,654.5172,29.9363,11.5663]},{"Row":2,"Column":91,"Box":[328.6193,691.9376,36.74,10.8859]},{"Row":2,"Column":92,"Box":[338.1445,651.7957,34.6989,12.9271]},{"Row":2,"Column":93,"Box":[339.5053,693.2983,37.4204,12.2467]},{"Row":2,"Column":94,"Box":[353.1127,651.1153,31.9774,8.1645]},{"Row":2,"Column":95,"Box":[351.0716,690.5768,35.3793,10.8859]},{"Row":2,"Column":96,"Box":[370.122,653.1564,28.5756,10.8859]},{"Row":2,"Column":97,"Box":[368.0809,691.9376,36.74,14.9682]},{"Row":2,"Column":98,"Box":[339.2813,243.375,51.5625,11.8594]},{"Row":2,"Column":110,"Box":[339.7969,541.9219,29.9063,10.3125]},{"Row":2,"Column":111,"Box":[351.1406,20.1094,26.8125,9.2813]},{"Row":2,"Column":112,"Box":[350.625,85.0781,156.75,14.9531]},{"Row":3,"Column":1,"Box":[437.2438,21.6737,51.8285,8.481]},{"Row":3,"Column":3,"Box":[435.7031,85.0781,40.7344,13.4063]},{"Row":3,"Column":4,"Box":[437.25,158.8125,36.6094,9.7969]},{"Row":3,"Column":6,"Box":[411.9844,86.625,150.5625,12.375]},{"Row":3,"Column":7,"Box":[400.6406,21.1406,56.2031,9.7969]},{"Row":3,"Column":8,"Box":[401.1563,245.9531,35.5781,9.2813]},{"Row":3,"Column":11,"Box":[400.0583,537.4933,39.4615,12.2467]},{"Row":3,"Column":15,"Box":[401.419,366.7201,61.2334,14.2878]},{"Row":3,"Column":16,"Box":[400.125,86.1094,141.7969,12.8906]},{"Row":3,"Column":19,"Box":[423.1909,243.5729,256.5,31.9774]},{"Row":3,"Column":25,"Box":[400.0583,292.5596,32.6578,15.6485]},{"Row":3,"Column":46,"Box":[397.3368,462.6525,55.7904,23.1326]},{"Row":3,"Column":89,"Box":[401.419,333.3819,23.1326,12.9271]},{"Row":3,"Column":90,"Box":[402.0994,647.7134,38.1008,9.5252]},{"Row":3,"Column":91,"Box":[402.0994,694.6591,36.74,8.8448]},{"Row":3,"Column":92,"Box":[413.6657,646.3527,39.4615,12.9271]},{"Row":3,"Column":93,"Box":[411.6246,696.7002,31.9774,12.9271]},{"Row":3,"Column":94,"Box":[425.232,645.6723,38.1008,9.5252]},{"Row":3,"Column":95,"Box":[425.232,693.9787,34.0186,9.5252]},{"Row":3,"Column":96,"Box":[442.2413,645.6723,40.1419,11.5663]},{"Row":3,"Column":97,"Box":[442.2413,695.3394,38.1008,14.9682]},{"Row":3,"Column":98,"Box":[412.5,241.8281,48.4688,10.3125]},{"Row":3,"Column":110,"Box":[413.5313,540.375,28.3594,9.2813]},{"Row":3,"Column":111,"Box":[425.3906,21.6563,25.2656,7.2188]},{"Row":3,"Column":112,"Box":[422.2969,82.5,159.8438,13.4063]}]}]}],"AnchorBasedConfiguration":{"AnchorBasedFieldConfiguration":[]}}