{"DocumentId":"HACE CARIBE TOWERS INC Page 1","ContentType":"application/pdf","Length":1833,"Pages":[{"PageIndex":0,"Size":[0.0,0.0,792.0,612.0],"Sections":[{"IndexInText":0,"Language":"eng","Length":13,"Rotation":"None","SkewAngle":0.0,"Type":"Paragraph","WordGroups":[{"IndexInText":0,"Length":13,"Type":"Heading","Words":[{"Box":[27.7222,24.024,21.384,5.5444],"Polygon":[24.024,27.7221737,45.408,27.7221737,45.408,33.26661,24.024,33.26661],"IndexInText":0,"OcrConfidence":1.0,"Text":"Report","VisualLineNumber":0},{"Box":[27.7222,46.992,7.92,4.7524],"Polygon":[46.992,27.7221737,54.912,27.7221737,54.912,32.47455,46.992,32.47455],"IndexInText":7,"OcrConfidence":1.0,"Text":"ID","VisualLineNumber":0},{"Box":[26.4021,74.184,10.032,5.0164],"Polygon":[74.184,26.402071,84.216,26.402071,84.216,31.4184647,74.184,31.4184647],"IndexInText":10,"OcrConfidence":1.0,"Text":"967","VisualLineNumber":0}]}]},{"IndexInText":15,"Language":"nor","Length":14,"Rotation":"None","SkewAngle":0.0,"Type":"Paragraph","WordGroups":[{"IndexInText":15,"Length":14,"Type":"Other","Words":[{"Box":[39.6031,24.024,12.672,5.0164],"Polygon":[24.024,39.6031075,36.696,39.6031075,36.696,44.6195,24.024,44.6195],"IndexInText":15,"OcrConfidence":1.0,"Text":"Run","VisualLineNumber":2},{"Box":[39.6031,38.808,7.656,4.7524],"Polygon":[38.808,39.6031075,46.464,39.6031075,46.464,44.35548,38.808,44.35548],"IndexInText":19,"OcrConfidence":1.0,"Text":"ID","VisualLineNumber":2},{"Box":[38.547,74.184,23.76,5.0164],"Polygon":[74.184,38.5470238,97.944,38.5470238,97.944,43.5634155,74.184,43.5634155],"IndexInText":22,"OcrConfidence":1.0,"Text":"8713703","VisualLineNumber":2}]}]},{"IndexInText":31,"Language":"eng","Length":10,"Rotation":"None","SkewAngle":0.0,"Type":"Paragraph","WordGroups":[{"IndexInText":31,"Length":10,"Type":"Other","Words":[{"Box":[50.428,72.336,17.16,5.0164],"Polygon":[72.336,50.4279556,89.496,50.4279556,89.496,55.4443474,72.336,55.4443474],"IndexInText":31,"OcrConfidence":1.0,"Text":"21590","VisualLineNumber":3},{"Box":[51.7481,24.288,13.992,5.0164],"Polygon":[24.288,51.74806,38.28,51.74806,38.28,56.7644539,24.288,56.7644539],"IndexInText":37,"OcrConfidence":1.0,"Text":"User","VisualLineNumber":4}]}]},{"IndexInText":43,"Language":"eng","Length":37,"Rotation":"None","SkewAngle":0.0,"Type":"Paragraph","WordGroups":[{"IndexInText":43,"Length":37,"Type":"Heading","Words":[{"Box":[27.9862,282.216,41.976,7.3926],"Polygon":[282.216,27.9861946,324.192017,27.9861946,324.192017,35.3787766,282.216,35.3787766],"IndexInText":43,"OcrConfidence":0.799999952,"Text":"AmTrust","VisualLineNumber":0},{"Box":[27.9862,326.832,27.192,7.3926],"Polygon":[326.832,27.9861946,354.024017,27.9861946,354.024017,35.3787766,326.832,35.3787766],"IndexInText":51,"OcrConfidence":1.0,"Text":"North","VisualLineNumber":0},{"Box":[27.7222,356.664,39.072,7.6566],"Polygon":[356.664,27.7221737,395.736,27.7221737,395.736,35.3787766,356.664,35.3787766],"IndexInText":57,"OcrConfidence":1.0,"Text":"America","VisualLineNumber":0},{"Box":[45.9396,289.08,26.928,7.6566],"Polygon":[289.080017,45.9396,316.008,45.9396,316.008,53.5962029,289.080017,53.5962029],"IndexInText":65,"OcrConfidence":1.0,"Text":"LOSS","VisualLineNumber":3},{"Box":[46.2036,318.912,23.232,7.3926],"Polygon":[318.912018,46.2036247,342.144,46.2036247,342.144,53.5962029,318.912018,53.5962029],"IndexInText":70,"OcrConfidence":1.0,"Text":"RUN","VisualLineNumber":3},{"Box":[46.2036,344.784,44.088,7.3926],"Polygon":[344.784,46.2036247,388.872,46.2036247,388.872,53.5962029,344.784,53.5962029],"IndexInText":74,"OcrConfidence":1.0,"Text":"REPORT","VisualLineNumber":3}]}]},{"IndexInText":82,"Language":"eng","Length":37,"Rotation":"None","SkewAngle":0.0,"Type":"Paragraph","WordGroups":[{"IndexInText":82,"Length":37,"Type":"Heading","Words":[{"Box":[93.7273,24.288,18.216,5.0164],"Polygon":[24.288,93.72735,42.504,93.72735,42.504,98.7437439,24.288,98.7437439],"IndexInText":82,"OcrConfidence":1.0,"Text":"Claim","VisualLineNumber":6},{"Box":[93.7273,44.352,8.448,5.0165],"Polygon":[44.352,93.72735,52.8,93.72735,52.8,98.7437439,44.352,98.7437439],"IndexInText":88,"OcrConfidence":1.0,"Text":"No","VisualLineNumber":6},{"Box":[105.6083,24.288,31.416,5.0164],"Polygon":[24.288,105.608284,55.7040024,105.608284,55.7040024,110.62468,24.288,110.62468],"IndexInText":91,"OcrConfidence":1.0,"Text":"Converted","VisualLineNumber":7},{"Box":[105.6083,57.552,3.432,5.0164],"Polygon":[57.552002,105.608284,60.984,105.608284,60.984,110.62468,57.552002,110.62468],"IndexInText":101,"OcrConfidence":1.0,"Text":"#","VisualLineNumber":7},{"Box":[117.7532,24.024,22.44,5.2804],"Polygon":[24.024,117.753235,46.464,117.753235,46.464,123.033653,24.024,123.033653],"IndexInText":103,"OcrConfidence":0.099999994,"Text":"Agency","VisualLineNumber":8},{"Box":[117.7532,48.576,6.072,5.0164],"Polygon":[48.576,117.753235,54.648,117.753235,54.648,122.76963,48.576,122.76963],"IndexInText":110,"OcrConfidence":0.099999994,"Text":"Id","VisualLineNumber":8},{"Box":[129.6342,24.288,18.216,5.5444],"Polygon":[24.288,129.634171,42.504,129.634171,42.504,135.1786,24.288,135.1786],"IndexInText":113,"OcrConfidence":1.0,"Text":"Policy","VisualLineNumber":9}]}]},{"IndexInText":121,"Language":"pol","Length":6,"Rotation":"None","SkewAngle":0.0,"Type":"Paragraph","WordGroups":[{"IndexInText":121,"Length":6,"Type":"Heading","Words":[{"Box":[164.4849,24.816,24.816,7.1286],"Polygon":[24.816,164.484909,49.632,164.484909,49.632,171.613464,24.816,171.613464],"IndexInText":121,"OcrConfidence":1.0,"Text":"Policy","VisualLineNumber":11}]}]},{"IndexInText":129,"Language":"bul","Length":9,"Rotation":"None","SkewAngle":0.0,"Type":"Paragraph","WordGroups":[{"IndexInText":129,"Length":9,"Type":"Other","Words":[{"Box":[185.3425,26.136,24.024,5.0164],"Polygon":[26.136,185.342545,50.16,185.342545,50.16,190.358932,26.136,190.358932],"IndexInText":129,"OcrConfidence":1.0,"Text":"2214069","VisualLineNumber":12},{"Box":[185.3425,70.752,1.848,4.7524],"Polygon":[70.752,185.342545,72.6,185.342545,72.6,190.09491,70.752,190.09491],"IndexInText":137,"OcrConfidence":1.0,"Text":"1","VisualLineNumber":12}]}]},{"IndexInText":140,"Language":"eng","Length":19,"Rotation":"None","SkewAngle":0.0,"Type":"Paragraph","WordGroups":[{"IndexInText":140,"Length":19,"Type":"Other","Words":[{"Box":[209.3684,24.288,17.16,5.0164],"Polygon":[24.288,209.368423,41.448,209.368423,41.448,214.384811,24.288,214.384811],"IndexInText":140,"OcrConfidence":1.0,"Text":"60760","VisualLineNumber":15},{"Box":[221.2494,24.288,47.52,5.0164],"Polygon":[24.288,221.249359,71.808,221.249359,71.808,226.265747,24.288,226.265747],"IndexInText":146,"OcrConfidence":0.799999952,"Text":"WPP1149870-01","VisualLineNumber":16}]}]},{"IndexInText":161,"Language":"bul","Length":9,"Rotation":"None","SkewAngle":0.0,"Type":"Paragraph","WordGroups":[{"IndexInText":161,"Length":9,"Type":"Other","Words":[{"Box":[258.2122,25.872,24.552,5.0164],"Polygon":[25.872,258.21225,50.424,258.21225,50.424,263.228638,25.872,263.228638],"IndexInText":161,"OcrConfidence":1.0,"Text":"2214069","VisualLineNumber":18},{"Box":[258.2122,69.96,3.168,4.7524],"Polygon":[69.96,258.21225,73.128,258.21225,73.128,262.96463,69.96,262.96463],"IndexInText":169,"OcrConfidence":1.0,"Text":"2","VisualLineNumber":18}]}]},{"IndexInText":172,"Language":"bul","Length":5,"Rotation":"None","SkewAngle":0.0,"Type":"Paragraph","WordGroups":[{"IndexInText":172,"Length":5,"Type":"Other","Words":[{"Box":[282.2381,24.288,17.16,5.0164],"Polygon":[24.288,282.238129,41.448,282.238129,41.448,287.254517,24.288,287.254517],"IndexInText":172,"OcrConfidence":1.0,"Text":"60760","VisualLineNumber":21}]}]},{"IndexInText":179,"Language":"eng","Length":13,"Rotation":"None","SkewAngle":0.0,"Type":"Paragraph","WordGroups":[{"IndexInText":179,"Length":13,"Type":"Other","Words":[{"Box":[294.1191,24.288,47.52,5.0164],"Polygon":[24.288,294.11908,71.808,294.11908,71.808,299.135468,24.288,299.135468],"IndexInText":179,"OcrConfidence":0.099999994,"Text":"WPP1149870-01","VisualLineNumber":22}]}]},{"IndexInText":194,"Language":"bul","Length":9,"Rotation":"None","SkewAngle":0.0,"Type":"Paragraph","WordGroups":[{"IndexInText":194,"Length":9,"Type":"Other","Words":[{"Box":[330.818,26.136,24.288,5.0164],"Polygon":[26.136,330.817963,50.424,330.817963,50.424,335.834351,26.136,335.834351],"IndexInText":194,"OcrConfidence":1.0,"Text":"2214069","VisualLineNumber":24},{"Box":[330.818,70.224,2.64,5.0164],"Polygon":[70.224,330.817963,72.864,330.817963,72.864,335.834351,70.224,335.834351],"IndexInText":202,"OcrConfidence":1.0,"Text":"3","VisualLineNumber":24}]}]},{"IndexInText":205,"Language":"eng","Length":19,"Rotation":"None","SkewAngle":0.0,"Type":"Paragraph","WordGroups":[{"IndexInText":205,"Length":19,"Type":"Other","Words":[{"Box":[354.8438,24.288,17.16,5.0164],"Polygon":[24.288,354.843842,41.448,354.843842,41.448,359.860229,24.288,359.860229],"IndexInText":205,"OcrConfidence":1.0,"Text":"60760","VisualLineNumber":27},{"Box":[366.9888,24.288,47.52,5.0164],"Polygon":[24.288,366.9888,71.808,366.9888,71.808,372.0052,24.288,372.0052],"IndexInText":211,"OcrConfidence":0.099999994,"Text":"WPP1149870-01","VisualLineNumber":28}]}]},{"IndexInText":226,"Language":"bul","Length":9,"Rotation":"None","SkewAngle":0.0,"Type":"Paragraph","WordGroups":[{"IndexInText":226,"Length":9,"Type":"Other","Words":[{"Box":[403.6877,25.872,24.552,5.0164],"Polygon":[25.872,403.687653,50.424,403.687653,50.424,408.704071,25.872,408.704071],"IndexInText":226,"OcrConfidence":1.0,"Text":"2214069","VisualLineNumber":30},{"Box":[403.6877,69.96,3.432,4.7524],"Polygon":[69.96,403.687653,73.392,403.687653,73.392,408.440033,69.96,408.440033],"IndexInText":234,"OcrConfidence":1.0,"Text":"4","VisualLineNumber":30}]}]},{"IndexInText":237,"Language":"eng","Length":19,"Rotation":"None","SkewAngle":0.0,"Type":"Paragraph","WordGroups":[{"IndexInText":237,"Length":19,"Type":"Other","Words":[{"Box":[427.7136,24.288,17.16,5.0164],"Polygon":[24.288,427.713562,41.448,427.713562,41.448,432.72995,24.288,432.72995],"IndexInText":237,"OcrConfidence":1.0,"Text":"60760","VisualLineNumber":33},{"Box":[439.5945,24.288,47.52,5.0164],"Polygon":[24.288,439.594482,71.808,439.594482,71.808,444.61087,24.288,444.61087],"IndexInText":243,"OcrConfidence":0.099999994,"Text":"WPP1149870-01","VisualLineNumber":34}]}]},{"IndexInText":258,"Language":"eng","Length":57,"Rotation":"None","SkewAngle":0.0,"Type":"Paragraph","WordGroups":[{"IndexInText":258,"Length":57,"Type":"Heading","Words":[{"Box":[93.7273,90.288,27.984,5.0164],"Polygon":[90.288,93.72735,118.272,93.72735,118.272,98.7437439,90.288,98.7437439],"IndexInText":258,"OcrConfidence":1.0,"Text":"Claimant","VisualLineNumber":6},{"Box":[105.6083,90.024,23.232,5.0164],"Polygon":[90.024,105.608284,113.256004,105.608284,113.256004,110.62468,90.024,110.62468],"IndexInText":267,"OcrConfidence":1.0,"Text":"Insured","VisualLineNumber":7},{"Box":[117.7532,90.024,22.44,5.2804],"Polygon":[90.024,117.753235,112.464005,117.753235,112.464005,123.033653,90.024,123.033653],"IndexInText":275,"OcrConfidence":0.099999994,"Text":"Agency","VisualLineNumber":8},{"Box":[117.7532,114.312,17.16,5.0164],"Polygon":[114.312004,117.753235,131.472,117.753235,131.472,122.76963,114.312004,122.76963],"IndexInText":282,"OcrConfidence":0.099999994,"Text":"Name","VisualLineNumber":8},{"Box":[129.6342,90.288,18.216,5.5444],"Polygon":[90.288,129.634171,108.504,129.634171,108.504,135.1786,90.288,135.1786],"IndexInText":287,"OcrConfidence":1.0,"Text":"Policy","VisualLineNumber":9},{"Box":[129.6342,110.352,26.4,5.0164],"Polygon":[110.352,129.634171,136.752,129.634171,136.752,134.650558,110.352,134.650558],"IndexInText":294,"OcrConfidence":1.0,"Text":"Effective","VisualLineNumber":9},{"Box":[141.5151,90.288,20.592,5.2804],"Polygon":[90.288,141.5151,110.88,141.5151,110.88,146.795517,90.288,146.795517],"IndexInText":304,"OcrConfidence":1.0,"Text":"Cancel","VisualLineNumber":10},{"Box":[141.7791,112.728,13.992,5.0164],"Polygon":[112.728004,141.779114,126.72,141.779114,126.72,146.795517,112.728004,146.795517],"IndexInText":311,"OcrConfidence":1.0,"Text":"Date","VisualLineNumber":10}]}]},{"IndexInText":317,"Language":"ron","Length":15,"Rotation":"None","SkewAngle":0.0,"Type":"Paragraph","WordGroups":[{"IndexInText":317,"Length":15,"Type":"Heading","Words":[{"Box":[129.6342,162.36,17.952,5.5444],"Polygon":[162.36,129.634171,180.312,129.634171,180.312,135.1786,162.36,135.1786],"IndexInText":317,"OcrConfidence":1.0,"Text":"Policy","VisualLineNumber":9},{"Box":[129.6342,182.688,11.616,5.5444],"Polygon":[182.688,129.634171,194.304,129.634171,194.304,135.1786,182.688,135.1786],"IndexInText":324,"OcrConfidence":1.0,"Text":"Exp","VisualLineNumber":9},{"Box":[129.6342,196.416,13.728,4.7524],"Polygon":[196.416,129.634171,210.144,129.634171,210.144,134.386536,196.416,134.386536],"IndexInText":328,"OcrConfidence":1.0,"Text":"Date","VisualLineNumber":9}]}]},{"IndexInText":334,"Language":"eng","Length":13,"Rotation":"None","SkewAngle":0.0,"Type":"Paragraph","WordGroups":[{"IndexInText":334,"Length":13,"Type":"Other","Words":[{"Box":[164.4849,132.0,65.208,6.3365],"Polygon":[132.0,164.484909,197.208008,164.484909,197.208008,170.8214,132.0,170.8214],"IndexInText":334,"OcrConfidence":0.099999994,"Text":"WPP1149870-01","VisualLineNumber":11}]}]},{"IndexInText":349,"Language":"eng","Length":35,"Rotation":"None","SkewAngle":0.0,"Type":"Paragraph","WordGroups":[{"IndexInText":349,"Length":35,"Type":"Other","Words":[{"Box":[185.0785,90.024,19.008,5.2804],"Polygon":[90.024,185.078522,109.032,185.078522,109.032,190.358932,90.024,190.358932],"IndexInText":349,"OcrConfidence":1.0,"Text":"Rivera","VisualLineNumber":12},{"Box":[185.0785,110.616,12.672,5.2804],"Polygon":[110.616,185.078522,123.288,185.078522,123.288,190.358932,110.616,190.358932],"IndexInText":356,"OcrConfidence":0.099999994,"Text":"Idea","VisualLineNumber":12},{"Box":[197.2235,90.024,20.856,6.0725],"Polygon":[90.024,197.223465,110.88,197.223465,110.88,203.295944,90.024,203.295944],"IndexInText":361,"OcrConfidence":1.0,"Text":"HACE;","VisualLineNumber":13},{"Box":[197.2235,113.256,25.608,5.0164],"Polygon":[113.256004,197.223465,138.864,197.223465,138.864,202.239868,113.256004,202.239868],"IndexInText":367,"OcrConfidence":1.0,"Text":"CARIBE","VisualLineNumber":13},{"Box":[196.9594,140.712,28.776,5.2805],"Polygon":[140.712,196.959442,169.488,196.959442,169.488,202.239868,140.712,202.239868],"IndexInText":374,"OcrConfidence":1.0,"Text":"TOWERS","VisualLineNumber":13},{"Box":[196.9594,171.336,11.88,5.2805],"Polygon":[171.336,196.959442,183.216,196.959442,183.216,202.239868,171.336,202.239868],"IndexInText":381,"OcrConfidence":1.0,"Text":"INC","VisualLineNumber":13}]}]},{"IndexInText":386,"Language":"eng","Length":19,"Rotation":"None","SkewAngle":0.0,"Type":"Paragraph","WordGroups":[{"IndexInText":386,"Length":19,"Type":"Heading","Words":[{"Box":[63.1009,299.904,15.312,6.3365],"Polygon":[299.904,63.10095,315.216,63.10095,315.216,69.43745,299.904,69.43745],"IndexInText":386,"OcrConfidence":1.0,"Text":"CPP","VisualLineNumber":5},{"Box":[63.1009,317.856,16.632,6.3366],"Polygon":[317.856018,63.10095,334.488,63.10095,334.488,69.43745,317.856018,69.43745],"IndexInText":390,"OcrConfidence":1.0,"Text":"Loss","VisualLineNumber":5},{"Box":[63.1009,336.864,15.048,6.3366],"Polygon":[336.864,63.10095,351.912018,63.10095,351.912018,69.43745,336.864,69.43745],"IndexInText":395,"OcrConfidence":1.0,"Text":"Run","VisualLineNumber":5},{"Box":[63.1009,354.024,24.552,8.1847],"Polygon":[354.024017,63.10095,378.576,63.10095,378.576,71.28559,354.024017,71.28559],"IndexInText":399,"OcrConfidence":1.0,"Text":"Report","VisualLineNumber":5}]}]},{"IndexInText":407,"Language":"eng","Length":34,"Rotation":"None","SkewAngle":0.0,"Type":"Paragraph","WordGroups":[{"IndexInText":407,"Length":34,"Type":"Heading","Words":[{"Box":[93.7273,246.048,15.048,5.0164],"Polygon":[246.048,93.72735,261.096,93.72735,261.096,98.7437439,246.048,98.7437439],"IndexInText":407,"OcrConfidence":1.0,"Text":"DOL","VisualLineNumber":6},{"Box":[105.3443,246.048,41.712,5.2804],"Polygon":[246.048,105.344261,287.76,105.344261,287.76,110.62468,246.048,110.62468],"IndexInText":411,"OcrConfidence":1.0,"Text":"Unit/Location","VisualLineNumber":7},{"Box":[117.7532,246.048,13.728,5.0164],"Polygon":[246.048,117.753235,259.776,117.753235,259.776,122.76963,246.048,122.76963],"IndexInText":425,"OcrConfidence":1.0,"Text":"Loss","VisualLineNumber":8},{"Box":[117.7532,261.624,34.584,6.3365],"Polygon":[261.624,117.753235,296.208,117.753235,296.208,124.089729,261.624,124.089729],"IndexInText":430,"OcrConfidence":1.0,"Text":"Description","VisualLineNumber":8}]}]},{"IndexInText":443,"Language":"eng","Length":22,"Rotation":"None","SkewAngle":0.0,"Type":"Paragraph","WordGroups":[{"IndexInText":443,"Length":22,"Type":"Heading","Words":[{"Box":[93.7273,306.24,13.464,5.0165],"Polygon":[306.24,93.72735,319.704,93.72735,319.704,98.7437439,306.24,98.7437439],"IndexInText":443,"OcrConfidence":1.0,"Text":"Loss","VisualLineNumber":6},{"Box":[93.7273,321.816,6.072,5.0164],"Polygon":[321.816,93.72735,327.888,93.72735,327.888,98.7437439,321.816,98.7437439],"IndexInText":448,"OcrConfidence":1.0,"Text":"St","VisualLineNumber":6},{"Box":[93.7273,342.144,14.784,5.0164],"Polygon":[342.144,93.72735,356.928,93.72735,356.928,98.7437439,342.144,98.7437439],"IndexInText":451,"OcrConfidence":1.0,"Text":"LOB","VisualLineNumber":6},{"Box":[93.7273,372.504,17.952,5.0164],"Polygon":[372.504,93.72735,390.456,93.72735,390.456,98.7437439,372.504,98.7437439],"IndexInText":455,"OcrConfidence":1.0,"Text":"Claim","VisualLineNumber":6},{"Box":[93.7273,392.568,15.048,5.2805],"Polygon":[392.568,93.72735,407.616,93.72735,407.616,99.00777,392.568,99.00777],"IndexInText":461,"OcrConfidence":1.0,"Text":"Type","VisualLineNumber":6}]}]},{"IndexInText":467,"Language":"eng","Length":9,"Rotation":"None","SkewAngle":0.0,"Type":"Paragraph","WordGroups":[{"IndexInText":467,"Length":9,"Type":"Heading","Words":[{"Box":[93.7273,480.216,13.464,5.0165],"Polygon":[480.216,93.72735,493.68,93.72735,493.68,98.7437439,480.216,98.7437439],"IndexInText":467,"OcrConfidence":1.0,"Text":"Loss","VisualLineNumber":6},{"Box":[93.7273,495.792,15.048,5.2805],"Polygon":[495.792,93.72735,510.84,93.72735,510.84,99.00777,495.792,99.00777],"IndexInText":472,"OcrConfidence":1.0,"Text":"Type","VisualLineNumber":6}]}]},{"IndexInText":478,"Language":"eng","Length":50,"Rotation":"None","SkewAngle":0.0,"Type":"Paragraph","WordGroups":[{"IndexInText":478,"Length":50,"Type":"Other","Words":[{"Box":[185.0785,246.312,31.68,5.2804],"Polygon":[246.312,185.078522,277.992,185.078522,277.992,190.358932,246.312,190.358932],"IndexInText":478,"OcrConfidence":1.0,"Text":"04/03/2016","VisualLineNumber":12},{"Box":[185.3425,306.24,8.976,4.7524],"Polygon":[306.24,185.342545,315.216,185.342545,315.216,190.09491,306.24,190.09491],"IndexInText":489,"OcrConfidence":1.0,"Text":"PA","VisualLineNumber":12},{"Box":[185.3425,342.408,8.976,5.0164],"Polygon":[342.408,185.342545,351.384,185.342545,351.384,190.358932,342.408,190.358932],"IndexInText":492,"OcrConfidence":1.0,"Text":"GL","VisualLineNumber":12},{"Box":[185.0785,372.24,24.024,6.6006],"Polygon":[372.24,185.078522,396.264,185.078522,396.264,191.679031,372.24,191.679031],"IndexInText":495,"OcrConfidence":1.0,"Text":"Liability","VisualLineNumber":12},{"Box":[188.2468,398.376,1.848,0.528],"Polygon":[398.376,188.246765,400.224,188.246765,400.224,188.774811,398.376,188.774811],"IndexInText":505,"OcrConfidence":1.0,"Text":"-","VisualLineNumber":12},{"Box":[185.0785,402.6,15.84,5.2804],"Polygon":[402.6,185.078522,418.44,185.078522,418.44,190.358932,402.6,190.358932],"IndexInText":507,"OcrConfidence":0.799999952,"Text":"Other","VisualLineNumber":12},{"Box":[185.3425,480.216,13.992,5.0165],"Polygon":[480.216,185.342545,494.208,185.342545,494.208,190.358932,480.216,190.358932],"IndexInText":513,"OcrConfidence":1.0,"Text":"Auto","VisualLineNumber":12},{"Box":[196.9594,247.896,30.624,5.2805],"Polygon":[247.896,196.959442,278.52,196.959442,278.52,202.239868,247.896,202.239868],"IndexInText":518,"OcrConfidence":0.799999952,"Text":"unattached","VisualLineNumber":13}]}]},{"IndexInText":530,"Language":"eng","Length":100,"Rotation":"None","SkewAngle":0.0,"Type":"Paragraph","WordGroups":[{"IndexInText":530,"Length":100,"Type":"Sentence","Words":[{"Box":[209.1044,90.024,52.8,5.2804],"Polygon":[90.024,209.1044,142.824,209.1044,142.824,214.384811,90.024,214.384811],"IndexInText":530,"OcrConfidence":1.0,"Text":"HABITATIONAL","VisualLineNumber":15},{"Box":[209.3684,144.672,26.136,5.0164],"Polygon":[144.672,209.368423,170.808,209.368423,170.808,214.384811,144.672,214.384811],"IndexInText":543,"OcrConfidence":1.0,"Text":"EXCESS","VisualLineNumber":15},{"Box":[209.3684,173.184,5.016,5.0164],"Polygon":[173.184,209.368423,178.2,209.368423,178.2,214.384811,173.184,214.384811],"IndexInText":550,"OcrConfidence":1.0,"Text":"&","VisualLineNumber":15},{"Box":[209.3684,180.312,30.36,5.0164],"Polygon":[180.312,209.368423,210.672,209.368423,210.672,214.384811,180.312,214.384811],"IndexInText":552,"OcrConfidence":1.0,"Text":"SURPLUS","VisualLineNumber":15},{"Box":[209.3684,212.784,19.536,5.0164],"Polygon":[212.784,209.368423,232.32,209.368423,232.32,214.384811,212.784,214.384811],"IndexInText":560,"OcrConfidence":1.0,"Text":"LINES","VisualLineNumber":15},{"Box":[209.3684,234.432,5.808,4.7524],"Polygon":[234.432,209.368423,240.24,209.368423,240.24,214.120789,234.432,214.120789],"IndexInText":566,"OcrConfidence":0.099999994,"Text":"Ib","VisualLineNumber":15},{"Box":[209.3684,246.048,3.432,4.7524],"Polygon":[246.048,209.368423,249.48,209.368423,249.48,214.120789,246.048,214.120789],"IndexInText":569,"OcrConfidence":1.0,"Text":"4","VisualLineNumber":15},{"Box":[209.3684,251.328,33.792,5.0164],"Polygon":[251.328,209.368423,285.12,209.368423,285.12,214.384811,251.328,214.384811],"IndexInText":571,"OcrConfidence":1.0,"Text":"VEHICLES","VisualLineNumber":15},{"Box":[209.3684,287.232,11.616,4.7524],"Polygon":[287.232,209.368423,298.848,209.368423,298.848,214.120789,287.232,214.120789],"IndexInText":580,"OcrConfidence":1.0,"Text":"HIT","VisualLineNumber":15},{"Box":[209.3684,300.696,21.12,5.0164],"Polygon":[300.696,209.368423,321.816,209.368423,321.816,214.384811,300.696,214.384811],"IndexInText":584,"OcrConfidence":1.0,"Text":"WHEN","VisualLineNumber":15},{"Box":[209.3684,323.664,19.272,5.0164],"Polygon":[323.664,209.368423,342.936,209.368423,342.936,214.384811,323.664,214.384811],"IndexInText":589,"OcrConfidence":1.0,"Text":"WIND","VisualLineNumber":15},{"Box":[209.3684,344.784,19.8,5.0164],"Polygon":[344.784,209.368423,364.584,209.368423,364.584,214.384811,344.784,214.384811],"IndexInText":594,"OcrConfidence":1.0,"Text":"BLEW","VisualLineNumber":15},{"Box":[209.3684,366.432,25.08,5.0164],"Polygon":[366.432,209.368423,391.512,209.368423,391.512,214.384811,366.432,214.384811],"IndexInText":599,"OcrConfidence":1.0,"Text":"BRICKS","VisualLineNumber":15},{"Box":[209.3684,393.624,22.44,5.0164],"Polygon":[393.624,209.368423,416.064,209.368423,416.064,214.384811,393.624,214.384811],"IndexInText":606,"OcrConfidence":1.0,"Text":"LOOSE","VisualLineNumber":15},{"Box":[209.3684,418.176,19.536,5.0164],"Polygon":[418.176,209.368423,437.712,209.368423,437.712,214.384811,418.176,214.384811],"IndexInText":612,"OcrConfidence":1.0,"Text":"FROM","VisualLineNumber":15},{"Box":[209.3684,440.088,13.2,4.7524],"Polygon":[440.088,209.368423,453.288,209.368423,453.288,214.120789,440.088,214.120789],"IndexInText":617,"OcrConfidence":1.0,"Text":"THE","VisualLineNumber":15},{"Box":[209.1044,455.4,35.376,5.2804],"Polygon":[455.4,209.1044,490.776,209.1044,490.776,214.384811,455.4,214.384811],"IndexInText":621,"OcrConfidence":1.0,"Text":"BUILDING.","VisualLineNumber":15}]}]},{"IndexInText":632,"Language":"bul","Length":10,"Rotation":"None","SkewAngle":0.0,"Type":"Paragraph","WordGroups":[{"IndexInText":632,"Length":10,"Type":"Other","Words":[{"Box":[220.9853,90.288,31.416,5.2805],"Polygon":[90.288,220.985336,121.704,220.985336,121.704,226.265747,90.288,226.265747],"IndexInText":632,"OcrConfidence":1.0,"Text":"06/30/2015","VisualLineNumber":16}]}]},{"IndexInText":644,"Language":"bul","Length":10,"Rotation":"None","SkewAngle":0.0,"Type":"Paragraph","WordGroups":[{"IndexInText":644,"Length":10,"Type":"Other","Words":[{"Box":[220.9853,162.36,31.68,5.2805],"Polygon":[162.36,220.985336,194.040009,220.985336,194.040009,226.265747,162.36,226.265747],"IndexInText":644,"OcrConfidence":1.0,"Text":"06/30/2016","VisualLineNumber":16}]}]},{"IndexInText":656,"Language":"eng","Length":54,"Rotation":"None","SkewAngle":0.0,"Type":"Paragraph","WordGroups":[{"IndexInText":656,"Length":54,"Type":"Heading","Words":[{"Box":[257.9482,90.288,14.52,5.2805],"Polygon":[90.288,257.948242,104.808,257.948242,104.808,263.228638,90.288,263.228638],"IndexInText":656,"OcrConfidence":1.0,"Text":"Ortiz","VisualLineNumber":18},{"Box":[257.9482,106.656,24.816,5.2805],"Polygon":[106.656,257.948242,131.472,257.948242,131.472,263.228638,106.656,263.228638],"IndexInText":662,"OcrConfidence":1.0,"Text":"Salvador","VisualLineNumber":18},{"Box":[257.9482,246.312,31.68,5.2804],"Polygon":[246.312,257.948242,277.992,257.948242,277.992,263.228638,246.312,263.228638],"IndexInText":671,"OcrConfidence":1.0,"Text":"04/03/2016","VisualLineNumber":18},{"Box":[258.2122,306.24,8.976,4.7524],"Polygon":[306.24,258.21225,315.216,258.21225,315.216,262.96463,306.24,262.96463],"IndexInText":682,"OcrConfidence":1.0,"Text":"PA","VisualLineNumber":18},{"Box":[257.9482,342.408,8.976,5.2804],"Polygon":[342.408,257.948242,351.384,257.948242,351.384,263.228638,342.408,263.228638],"IndexInText":685,"OcrConfidence":1.0,"Text":"GL","VisualLineNumber":18},{"Box":[257.9482,372.24,24.288,6.6006],"Polygon":[372.24,257.948242,396.528,257.948242,396.528,264.548737,372.24,264.548737],"IndexInText":688,"OcrConfidence":0.799999952,"Text":"Liability","VisualLineNumber":18},{"Box":[261.1165,398.376,1.848,0.528],"Polygon":[398.376,261.1165,400.224,261.1165,400.224,261.644531,398.376,261.644531],"IndexInText":698,"OcrConfidence":1.0,"Text":"-","VisualLineNumber":18},{"Box":[257.9482,402.6,15.84,5.2805],"Polygon":[402.6,257.948242,418.44,257.948242,418.44,263.228638,402.6,263.228638],"IndexInText":700,"OcrConfidence":0.799999952,"Text":"Other","VisualLineNumber":18},{"Box":[258.2122,480.216,13.992,5.0165],"Polygon":[480.216,258.21225,494.208,258.21225,494.208,263.228638,480.216,263.228638],"IndexInText":706,"OcrConfidence":0.799999952,"Text":"Auto","VisualLineNumber":18}]}]},{"IndexInText":712,"Language":"eng","Length":23,"Rotation":"None","SkewAngle":0.0,"Type":"Paragraph","WordGroups":[{"IndexInText":712,"Length":23,"Type":"Other","Words":[{"Box":[270.0932,90.024,20.856,6.0725],"Polygon":[90.024,270.09317,110.88,270.09317,110.88,276.165649,90.024,276.165649],"IndexInText":712,"OcrConfidence":1.0,"Text":"HACE;","VisualLineNumber":19},{"Box":[270.0932,113.256,25.608,5.0164],"Polygon":[113.256004,270.09317,138.864,270.09317,138.864,275.1096,113.256004,275.1096],"IndexInText":718,"OcrConfidence":1.0,"Text":"CARIBE","VisualLineNumber":19},{"Box":[269.8292,140.712,28.776,5.2804],"Polygon":[140.712,269.829163,169.488,269.829163,169.488,275.1096,140.712,275.1096],"IndexInText":725,"OcrConfidence":1.0,"Text":"TOWERS","VisualLineNumber":19},{"Box":[270.0932,171.336,11.88,5.0164],"Polygon":[171.336,270.09317,183.216,270.09317,183.216,275.1096,171.336,275.1096],"IndexInText":732,"OcrConfidence":1.0,"Text":"INC","VisualLineNumber":19}]}]},{"IndexInText":737,"Language":"ita","Length":10,"Rotation":"None","SkewAngle":0.0,"Type":"Paragraph","WordGroups":[{"IndexInText":737,"Length":10,"Type":"Other","Words":[{"Box":[269.8292,247.896,30.624,5.2804],"Polygon":[247.896,269.829163,278.52,269.829163,278.52,275.1096,247.896,275.1096],"IndexInText":737,"OcrConfidence":1.0,"Text":"unattached","VisualLineNumber":19}]}]},{"IndexInText":749,"Language":"eng","Length":99,"Rotation":"None","SkewAngle":0.0,"Type":"Paragraph","WordGroups":[{"IndexInText":749,"Length":99,"Type":"Other","Words":[{"Box":[282.2381,90.024,52.8,5.0164],"Polygon":[90.024,282.238129,142.824,282.238129,142.824,287.254517,90.024,287.254517],"IndexInText":749,"OcrConfidence":1.0,"Text":"HABITATIONAL","VisualLineNumber":21},{"Box":[282.2381,144.672,26.136,5.0164],"Polygon":[144.672,282.238129,170.808,282.238129,170.808,287.254517,144.672,287.254517],"IndexInText":762,"OcrConfidence":1.0,"Text":"EXCESS","VisualLineNumber":21},{"Box":[282.2381,173.184,5.016,5.0164],"Polygon":[173.184,282.238129,178.2,282.238129,178.2,287.254517,173.184,287.254517],"IndexInText":769,"OcrConfidence":1.0,"Text":"&","VisualLineNumber":21},{"Box":[282.2381,180.312,30.36,5.0164],"Polygon":[180.312,282.238129,210.672,282.238129,210.672,287.254517,180.312,287.254517],"IndexInText":771,"OcrConfidence":1.0,"Text":"SURPLUS","VisualLineNumber":21},{"Box":[282.2381,212.784,19.536,5.0164],"Polygon":[212.784,282.238129,232.32,282.238129,232.32,287.254517,212.784,287.254517],"IndexInText":779,"OcrConfidence":1.0,"Text":"LINES","VisualLineNumber":21},{"Box":[282.2381,234.432,5.808,4.7524],"Polygon":[234.432,282.238129,240.24,282.238129,240.24,286.9905,234.432,286.9905],"IndexInText":785,"OcrConfidence":0.099999994,"Text":"Ib","VisualLineNumber":21},{"Box":[282.2381,246.048,3.432,4.7524],"Polygon":[246.048,282.238129,249.48,282.238129,249.48,286.9905,246.048,286.9905],"IndexInText":788,"OcrConfidence":1.0,"Text":"4","VisualLineNumber":21},{"Box":[282.2381,251.328,33.792,5.0164],"Polygon":[251.328,282.238129,285.12,282.238129,285.12,287.254517,251.328,287.254517],"IndexInText":790,"OcrConfidence":1.0,"Text":"VEHICLES","VisualLineNumber":21},{"Box":[282.2381,287.232,11.616,4.7524],"Polygon":[287.232,282.238129,298.848,282.238129,298.848,286.9905,287.232,286.9905],"IndexInText":799,"OcrConfidence":1.0,"Text":"HIT","VisualLineNumber":21},{"Box":[282.2381,300.696,21.12,5.0164],"Polygon":[300.696,282.238129,321.816,282.238129,321.816,287.254517,300.696,287.254517],"IndexInText":803,"OcrConfidence":1.0,"Text":"WHEN","VisualLineNumber":21},{"Box":[282.2381,323.664,19.272,5.0164],"Polygon":[323.664,282.238129,342.936,282.238129,342.936,287.254517,323.664,287.254517],"IndexInText":808,"OcrConfidence":1.0,"Text":"WIND","VisualLineNumber":21},{"Box":[282.2381,344.784,19.8,5.0164],"Polygon":[344.784,282.238129,364.584,282.238129,364.584,287.254517,344.784,287.254517],"IndexInText":813,"OcrConfidence":1.0,"Text":"BLEW","VisualLineNumber":21},{"Box":[282.2381,366.432,25.08,5.0164],"Polygon":[366.432,282.238129,391.512,282.238129,391.512,287.254517,366.432,287.254517],"IndexInText":818,"OcrConfidence":1.0,"Text":"BRICKS","VisualLineNumber":21},{"Box":[282.2381,393.624,22.44,5.0164],"Polygon":[393.624,282.238129,416.064,282.238129,416.064,287.254517,393.624,287.254517],"IndexInText":825,"OcrConfidence":1.0,"Text":"LOOSE","VisualLineNumber":21},{"Box":[282.2381,418.176,19.536,5.0164],"Polygon":[418.176,282.238129,437.712,282.238129,437.712,287.254517,418.176,287.254517],"IndexInText":831,"OcrConfidence":0.799999952,"Text":"FROM","VisualLineNumber":21},{"Box":[282.2381,440.088,13.2,4.7524],"Polygon":[440.088,282.238129,453.288,282.238129,453.288,286.9905,440.088,286.9905],"IndexInText":836,"OcrConfidence":1.0,"Text":"THE","VisualLineNumber":21},{"Box":[282.2381,455.4,33.792,5.0164],"Polygon":[455.4,282.238129,486.845337,282.238129,486.845337,287.254517,455.4,287.254517],"IndexInText":840,"OcrConfidence":1.0,"Text":"BUILDING","VisualLineNumber":21}]}]},{"IndexInText":850,"Language":"bul","Length":10,"Rotation":"None","SkewAngle":0.0,"Type":"Paragraph","WordGroups":[{"IndexInText":850,"Length":10,"Type":"Other","Words":[{"Box":[293.855,90.288,31.416,5.2805],"Polygon":[90.288,293.855042,121.704,293.855042,121.704,299.135468,90.288,299.135468],"IndexInText":850,"OcrConfidence":1.0,"Text":"06/30/2015","VisualLineNumber":22}]}]},{"IndexInText":862,"Language":"bul","Length":10,"Rotation":"None","SkewAngle":0.0,"Type":"Paragraph","WordGroups":[{"IndexInText":862,"Length":10,"Type":"Other","Words":[{"Box":[293.855,162.36,31.68,5.2805],"Polygon":[162.36,293.855042,194.040009,293.855042,194.040009,299.135468,162.36,299.135468],"IndexInText":862,"OcrConfidence":1.0,"Text":"06/30/2016","VisualLineNumber":22}]}]},{"IndexInText":874,"Language":"eng","Length":34,"Rotation":"None","SkewAngle":0.0,"Type":"Paragraph","WordGroups":[{"IndexInText":874,"Length":34,"Type":"Other","Words":[{"Box":[330.5539,90.024,17.952,6.6006],"Polygon":[90.024,330.553925,107.976,330.553925,107.976,337.154449,90.024,337.154449],"IndexInText":874,"OcrConfidence":1.0,"Text":"Laboy","VisualLineNumber":24},{"Box":[330.818,109.824,12.672,5.0164],"Polygon":[109.824,330.817963,122.496,330.817963,122.496,335.834351,109.824,335.834351],"IndexInText":880,"OcrConfidence":1.0,"Text":"Jean","VisualLineNumber":24},{"Box":[342.9629,90.024,20.856,6.0725],"Polygon":[90.024,342.9629,110.88,342.9629,110.88,349.03537,90.024,349.03537],"IndexInText":885,"OcrConfidence":1.0,"Text":"HACE;","VisualLineNumber":25},{"Box":[342.9629,113.256,25.608,5.0164],"Polygon":[113.256004,342.9629,138.864,342.9629,138.864,347.9793,113.256004,347.9793],"IndexInText":891,"OcrConfidence":1.0,"Text":"CARIBE","VisualLineNumber":25},{"Box":[342.6989,140.712,28.776,5.2804],"Polygon":[140.712,342.698883,169.488,342.698883,169.488,347.9793,140.712,347.9793],"IndexInText":898,"OcrConfidence":1.0,"Text":"TOWERS","VisualLineNumber":25},{"Box":[342.6989,171.336,11.88,5.2804],"Polygon":[171.336,342.698883,183.216,342.698883,183.216,347.9793,171.336,347.9793],"IndexInText":905,"OcrConfidence":0.799999952,"Text":"INC","VisualLineNumber":25}]}]},{"IndexInText":910,"Language":"ita","Length":21,"Rotation":"None","SkewAngle":0.0,"Type":"Paragraph","WordGroups":[{"IndexInText":910,"Length":21,"Type":"Other","Words":[{"Box":[330.5539,246.312,31.68,5.2805],"Polygon":[246.312,330.553925,277.992,330.553925,277.992,335.834351,246.312,335.834351],"IndexInText":910,"OcrConfidence":1.0,"Text":"04/03/2016","VisualLineNumber":24},{"Box":[342.6989,247.896,30.624,5.2804],"Polygon":[247.896,342.698883,278.52,342.698883,278.52,347.9793,247.896,347.9793],"IndexInText":921,"OcrConfidence":0.799999952,"Text":"unattached","VisualLineNumber":25}]}]},{"IndexInText":933,"Language":"eng","Length":1,"Rotation":"None","SkewAngle":0.0,"Type":"Paragraph","WordGroups":[{"IndexInText":933,"Length":1,"Type":"Other","Words":[{"Box":[286.1985,489.984,0.792,1.0561],"Polygon":[486.845337,282.238129,490.776,282.238129,490.776,287.254517,486.845337,287.254517],"IndexInText":933,"OcrConfidence":1.0,"Text":".","VisualLineNumber":21}]}]},{"IndexInText":936,"Language":"eng","Length":23,"Rotation":"None","SkewAngle":0.0,"Type":"Paragraph","WordGroups":[{"IndexInText":936,"Length":23,"Type":"Heading","Words":[{"Box":[330.818,306.24,8.976,4.7524],"Polygon":[306.24,330.817963,315.216,330.817963,315.216,335.5703,306.24,335.5703],"IndexInText":936,"OcrConfidence":1.0,"Text":"PA","VisualLineNumber":24},{"Box":[330.818,342.408,8.976,5.0164],"Polygon":[342.408,330.817963,351.384,330.817963,351.384,335.834351,342.408,335.834351],"IndexInText":939,"OcrConfidence":1.0,"Text":"GL","VisualLineNumber":24},{"Box":[330.5539,372.24,24.024,6.6006],"Polygon":[372.24,330.553925,396.264,330.553925,396.264,337.154449,372.24,337.154449],"IndexInText":942,"OcrConfidence":0.799999952,"Text":"Liability","VisualLineNumber":24},{"Box":[333.7222,398.376,1.848,0.528],"Polygon":[398.376,333.722168,400.224,333.722168,400.224,334.2502,398.376,334.2502],"IndexInText":952,"OcrConfidence":1.0,"Text":"-","VisualLineNumber":24},{"Box":[330.5539,402.6,15.84,5.2805],"Polygon":[402.6,330.553925,418.44,330.553925,418.44,335.834351,402.6,335.834351],"IndexInText":954,"OcrConfidence":0.799999952,"Text":"Other","VisualLineNumber":24}]}]},{"IndexInText":961,"Language":"eng","Length":4,"Rotation":"None","SkewAngle":0.0,"Type":"Paragraph","WordGroups":[{"IndexInText":961,"Length":4,"Type":"Other","Words":[{"Box":[331.082,480.48,13.728,4.7524],"Polygon":[480.48,331.08197,494.208,331.08197,494.208,335.834351,480.48,335.834351],"IndexInText":961,"OcrConfidence":1.0,"Text":"Auto","VisualLineNumber":24}]}]},{"IndexInText":967,"Language":"eng","Length":100,"Rotation":"None","SkewAngle":0.0,"Type":"Paragraph","WordGroups":[{"IndexInText":967,"Length":100,"Type":"Sentence","Words":[{"Box":[354.8438,90.024,52.8,5.0164],"Polygon":[90.024,354.843842,142.824,354.843842,142.824,359.860229,90.024,359.860229],"IndexInText":967,"OcrConfidence":1.0,"Text":"HABITATIONAL","VisualLineNumber":27},{"Box":[354.8438,144.672,26.136,5.0164],"Polygon":[144.672,354.843842,170.808,354.843842,170.808,359.860229,144.672,359.860229],"IndexInText":980,"OcrConfidence":1.0,"Text":"EXCESS","VisualLineNumber":27},{"Box":[354.8438,173.184,5.016,5.0164],"Polygon":[173.184,354.843842,178.2,354.843842,178.2,359.860229,173.184,359.860229],"IndexInText":987,"OcrConfidence":1.0,"Text":"&","VisualLineNumber":27},{"Box":[354.8438,180.312,30.36,5.0164],"Polygon":[180.312,354.843842,210.672,354.843842,210.672,359.860229,180.312,359.860229],"IndexInText":989,"OcrConfidence":1.0,"Text":"SURPLUS","VisualLineNumber":27},{"Box":[354.8438,212.784,19.536,5.0164],"Polygon":[212.784,354.843842,232.32,354.843842,232.32,359.860229,212.784,359.860229],"IndexInText":997,"OcrConfidence":1.0,"Text":"LINES","VisualLineNumber":27},{"Box":[354.8438,234.696,5.544,4.7524],"Polygon":[234.696,354.843842,240.24,354.843842,240.24,359.5962,234.696,359.5962],"IndexInText":1003,"OcrConfidence":0.099999994,"Text":"lb","VisualLineNumber":27},{"Box":[354.8438,246.048,3.432,4.7524],"Polygon":[246.048,354.843842,249.48,354.843842,249.48,359.5962,246.048,359.5962],"IndexInText":1006,"OcrConfidence":1.0,"Text":"4","VisualLineNumber":27},{"Box":[354.8438,251.328,33.792,5.0164],"Polygon":[251.328,354.843842,285.12,354.843842,285.12,359.860229,251.328,359.860229],"IndexInText":1008,"OcrConfidence":0.799999952,"Text":"VEHICLES","VisualLineNumber":27},{"Box":[354.8438,287.232,11.616,4.7524],"Polygon":[287.232,354.843842,298.848,354.843842,298.848,359.5962,287.232,359.5962],"IndexInText":1017,"OcrConfidence":1.0,"Text":"HIT","VisualLineNumber":27},{"Box":[354.8438,300.696,21.12,5.0164],"Polygon":[300.696,354.843842,321.816,354.843842,321.816,359.860229,300.696,359.860229],"IndexInText":1021,"OcrConfidence":1.0,"Text":"WHEN","VisualLineNumber":27},{"Box":[354.8438,323.664,19.272,5.0164],"Polygon":[323.664,354.843842,342.936,354.843842,342.936,359.860229,323.664,359.860229],"IndexInText":1026,"OcrConfidence":1.0,"Text":"WIND","VisualLineNumber":27},{"Box":[354.8438,344.784,19.8,5.0164],"Polygon":[344.784,354.843842,364.584,354.843842,364.584,359.860229,344.784,359.860229],"IndexInText":1031,"OcrConfidence":1.0,"Text":"BLEW","VisualLineNumber":27},{"Box":[354.8438,366.432,25.08,5.0164],"Polygon":[366.432,354.843842,391.512,354.843842,391.512,359.860229,366.432,359.860229],"IndexInText":1036,"OcrConfidence":0.799999952,"Text":"BRICKS","VisualLineNumber":27},{"Box":[354.8438,393.624,22.44,5.0164],"Polygon":[393.624,354.843842,416.064,354.843842,416.064,359.860229,393.624,359.860229],"IndexInText":1043,"OcrConfidence":1.0,"Text":"LOOSE","VisualLineNumber":27},{"Box":[354.8438,418.176,19.536,5.0164],"Polygon":[418.176,354.843842,437.712,354.843842,437.712,359.860229,418.176,359.860229],"IndexInText":1049,"OcrConfidence":0.799999952,"Text":"FROM","VisualLineNumber":27},{"Box":[354.8438,440.088,13.2,4.7524],"Polygon":[440.088,354.843842,453.288,354.843842,453.288,359.5962,440.088,359.5962],"IndexInText":1054,"OcrConfidence":1.0,"Text":"THE","VisualLineNumber":27},{"Box":[354.8438,455.4,35.376,5.0164],"Polygon":[455.4,354.843842,490.776,354.843842,490.776,359.860229,455.4,359.860229],"IndexInText":1058,"OcrConfidence":0.799999952,"Text":"BUILDING.","VisualLineNumber":27}]}]},{"IndexInText":1069,"Language":"bul","Length":10,"Rotation":"None","SkewAngle":0.0,"Type":"Paragraph","WordGroups":[{"IndexInText":1069,"Length":10,"Type":"Other","Words":[{"Box":[366.7248,90.288,31.416,5.2804],"Polygon":[90.288,366.724762,121.704,366.724762,121.704,372.0052,90.288,372.0052],"IndexInText":1069,"OcrConfidence":1.0,"Text":"06/30/2015","VisualLineNumber":28}]}]},{"IndexInText":1081,"Language":"bul","Length":10,"Rotation":"None","SkewAngle":0.0,"Type":"Paragraph","WordGroups":[{"IndexInText":1081,"Length":10,"Type":"Other","Words":[{"Box":[366.7248,162.36,31.68,5.2804],"Polygon":[162.36,366.724762,194.040009,366.724762,194.040009,372.0052,162.36,372.0052],"IndexInText":1081,"OcrConfidence":1.0,"Text":"06/30/2016","VisualLineNumber":28}]}]},{"IndexInText":1093,"Language":"eng","Length":39,"Rotation":"None","SkewAngle":0.0,"Type":"Paragraph","WordGroups":[{"IndexInText":1093,"Length":39,"Type":"Other","Words":[{"Box":[403.4236,90.024,37.224,5.2805],"Polygon":[90.024,403.423645,127.248,403.423645,127.248,408.704071,90.024,408.704071],"IndexInText":1093,"OcrConfidence":0.799999952,"Text":"UNKNOWN","VisualLineNumber":30},{"Box":[403.4236,129.096,36.96,5.2805],"Polygon":[129.096008,403.423645,166.056,403.423645,166.056,408.704071,129.096008,408.704071],"IndexInText":1101,"OcrConfidence":0.599999964,"Text":"UNKNOWN","VisualLineNumber":30},{"Box":[415.5686,90.024,20.856,6.0725],"Polygon":[90.024,415.5686,110.88,415.5686,110.88,421.641083,90.024,421.641083],"IndexInText":1109,"OcrConfidence":1.0,"Text":"HACE;","VisualLineNumber":31},{"Box":[415.5686,113.256,25.608,5.0164],"Polygon":[113.256004,415.5686,138.864,415.5686,138.864,420.585,113.256004,420.585],"IndexInText":1115,"OcrConfidence":1.0,"Text":"CARIBE","VisualLineNumber":31},{"Box":[415.3046,140.712,28.776,5.2804],"Polygon":[140.712,415.304565,169.488,415.304565,169.488,420.585,140.712,420.585],"IndexInText":1122,"OcrConfidence":1.0,"Text":"TOWERS","VisualLineNumber":31},{"Box":[415.3046,171.336,11.88,5.2804],"Polygon":[171.336,415.304565,183.216,415.304565,183.216,420.585,171.336,420.585],"IndexInText":1129,"OcrConfidence":0.799999952,"Text":"INC","VisualLineNumber":31}]}]},{"IndexInText":1134,"Language":"eng","Length":43,"Rotation":"None","SkewAngle":0.0,"Type":"Paragraph","WordGroups":[{"IndexInText":1134,"Length":43,"Type":"Other","Words":[{"Box":[403.4236,246.312,31.68,5.2805],"Polygon":[246.312,403.423645,277.992,403.423645,277.992,408.704071,246.312,408.704071],"IndexInText":1134,"OcrConfidence":1.0,"Text":"04/03/2016","VisualLineNumber":30},{"Box":[403.6877,306.24,8.976,4.7524],"Polygon":[306.24,403.687653,315.216,403.687653,315.216,408.440033,306.24,408.440033],"IndexInText":1145,"OcrConfidence":1.0,"Text":"PA","VisualLineNumber":30},{"Box":[403.4236,342.408,8.976,5.2804],"Polygon":[342.408,403.423645,351.384,403.423645,351.384,408.704071,342.408,408.704071],"IndexInText":1148,"OcrConfidence":1.0,"Text":"GL","VisualLineNumber":30},{"Box":[403.4236,372.24,46.2,6.6006],"Polygon":[372.24,403.423645,418.44,403.423645,418.44,410.02417,372.24,410.02417],"IndexInText":1151,"OcrConfidence":0.799999952,"Text":"Liability-Other","VisualLineNumber":30},{"Box":[415.3046,247.896,30.624,5.2804],"Polygon":[247.896,415.304565,278.52,415.304565,278.52,420.585,247.896,420.585],"IndexInText":1167,"OcrConfidence":0.799999952,"Text":"unattached","VisualLineNumber":31}]}]},{"IndexInText":1179,"Language":"eng","Length":4,"Rotation":"None","SkewAngle":0.0,"Type":"Paragraph","WordGroups":[{"IndexInText":1179,"Length":4,"Type":"Other","Words":[{"Box":[403.6877,480.216,13.992,5.0164],"Polygon":[480.216,403.687653,494.208,403.687653,494.208,408.704071,480.216,408.704071],"IndexInText":1179,"OcrConfidence":1.0,"Text":"Auto","VisualLineNumber":30}]}]},{"IndexInText":1185,"Language":"eng","Length":100,"Rotation":"None","SkewAngle":0.0,"Type":"Paragraph","WordGroups":[{"IndexInText":1185,"Length":100,"Type":"Sentence","Words":[{"Box":[427.4495,90.024,52.8,5.2805],"Polygon":[90.024,427.449524,142.824,427.449524,142.824,432.72995,90.024,432.72995],"IndexInText":1185,"OcrConfidence":1.0,"Text":"HABITATIONAL","VisualLineNumber":33},{"Box":[427.4495,144.672,26.136,5.2804],"Polygon":[144.672,427.449524,170.808,427.449524,170.808,432.72995,144.672,432.72995],"IndexInText":1198,"OcrConfidence":1.0,"Text":"EXCESS","VisualLineNumber":33},{"Box":[427.7136,173.184,5.016,5.0164],"Polygon":[173.184,427.713562,178.2,427.713562,178.2,432.72995,173.184,432.72995],"IndexInText":1205,"OcrConfidence":1.0,"Text":"&","VisualLineNumber":33},{"Box":[427.7136,180.312,30.36,5.0164],"Polygon":[180.312,427.713562,210.672,427.713562,210.672,432.72995,180.312,432.72995],"IndexInText":1207,"OcrConfidence":1.0,"Text":"SURPLUS","VisualLineNumber":33},{"Box":[427.7136,212.784,19.536,5.0164],"Polygon":[212.784,427.713562,232.32,427.713562,232.32,432.72995,212.784,432.72995],"IndexInText":1215,"OcrConfidence":1.0,"Text":"LINES","VisualLineNumber":33},{"Box":[427.7136,234.432,5.808,4.7524],"Polygon":[234.432,427.713562,240.24,427.713562,240.24,432.4659,234.432,432.4659],"IndexInText":1221,"OcrConfidence":0.099999994,"Text":"Ib","VisualLineNumber":33},{"Box":[427.7136,246.048,3.432,4.7524],"Polygon":[246.048,427.713562,249.48,427.713562,249.48,432.4659,246.048,432.4659],"IndexInText":1224,"OcrConfidence":1.0,"Text":"4","VisualLineNumber":33},{"Box":[427.7136,251.328,33.792,5.0164],"Polygon":[251.328,427.713562,285.12,427.713562,285.12,432.72995,251.328,432.72995],"IndexInText":1226,"OcrConfidence":0.799999952,"Text":"VEHICLES","VisualLineNumber":33},{"Box":[427.7136,287.232,11.616,4.7524],"Polygon":[287.232,427.713562,298.848,427.713562,298.848,432.4659,287.232,432.4659],"IndexInText":1235,"OcrConfidence":1.0,"Text":"HIT","VisualLineNumber":33},{"Box":[427.7136,300.696,21.12,5.0164],"Polygon":[300.696,427.713562,321.816,427.713562,321.816,432.72995,300.696,432.72995],"IndexInText":1239,"OcrConfidence":1.0,"Text":"WHEN","VisualLineNumber":33},{"Box":[427.7136,323.664,19.272,5.0164],"Polygon":[323.664,427.713562,342.936,427.713562,342.936,432.72995,323.664,432.72995],"IndexInText":1244,"OcrConfidence":0.799999952,"Text":"WIND","VisualLineNumber":33},{"Box":[427.7136,344.784,19.8,5.0164],"Polygon":[344.784,427.713562,364.584,427.713562,364.584,432.72995,344.784,432.72995],"IndexInText":1249,"OcrConfidence":1.0,"Text":"BLEW","VisualLineNumber":33},{"Box":[427.7136,366.432,25.08,5.0164],"Polygon":[366.432,427.713562,391.512,427.713562,391.512,432.72995,366.432,432.72995],"IndexInText":1254,"OcrConfidence":1.0,"Text":"BRICKS","VisualLineNumber":33},{"Box":[427.7136,393.624,22.44,5.0164],"Polygon":[393.624,427.713562,416.064,427.713562,416.064,432.72995,393.624,432.72995],"IndexInText":1261,"OcrConfidence":1.0,"Text":"LOOSE","VisualLineNumber":33},{"Box":[427.7136,418.176,19.536,5.0164],"Polygon":[418.176,427.713562,437.712,427.713562,437.712,432.72995,418.176,432.72995],"IndexInText":1267,"OcrConfidence":0.799999952,"Text":"FROM","VisualLineNumber":33},{"Box":[427.7136,440.088,13.2,4.7524],"Polygon":[440.088,427.713562,453.288,427.713562,453.288,432.4659,440.088,432.4659],"IndexInText":1272,"OcrConfidence":1.0,"Text":"THE","VisualLineNumber":33},{"Box":[427.4495,455.4,35.376,5.2805],"Polygon":[455.4,427.449524,490.776,427.449524,490.776,432.72995,455.4,432.72995],"IndexInText":1276,"OcrConfidence":0.799999952,"Text":"BUILDING.","VisualLineNumber":33}]}]},{"IndexInText":1287,"Language":"bul","Length":10,"Rotation":"None","SkewAngle":0.0,"Type":"Paragraph","WordGroups":[{"IndexInText":1287,"Length":10,"Type":"Other","Words":[{"Box":[439.3304,90.288,31.416,5.2805],"Polygon":[90.288,439.330444,121.704,439.330444,121.704,444.61087,90.288,444.61087],"IndexInText":1287,"OcrConfidence":1.0,"Text":"06/30/2015","VisualLineNumber":34}]}]},{"IndexInText":1299,"Language":"bul","Length":10,"Rotation":"None","SkewAngle":0.0,"Type":"Paragraph","WordGroups":[{"IndexInText":1299,"Length":10,"Type":"Other","Words":[{"Box":[439.3304,162.36,31.68,5.2805],"Polygon":[162.36,439.330444,194.040009,439.330444,194.040009,444.61087,162.36,444.61087],"IndexInText":1299,"OcrConfidence":1.0,"Text":"06/30/2016","VisualLineNumber":34}]}]},{"IndexInText":1311,"Language":"nld","Length":20,"Rotation":"None","SkewAngle":0.0,"Type":"Paragraph","WordGroups":[{"IndexInText":1311,"Length":20,"Type":"Other","Words":[{"Box":[488.7023,429.792,55.704,5.8085],"Polygon":[429.792,488.702332,485.496,488.702332,485.496,494.510773,429.792,494.510773],"IndexInText":1311,"OcrConfidence":0.099999994,"Text":"WPP1149870-01","VisualLineNumber":36},{"Box":[489.7584,492.36,20.856,5.5444],"Polygon":[492.360016,489.758423,513.216,489.758423,513.216,495.302856,492.360016,495.302856],"IndexInText":1325,"OcrConfidence":1.0,"Text":"Totals","VisualLineNumber":36}]}]},{"IndexInText":1333,"Language":"eng","Length":11,"Rotation":"None","SkewAngle":0.0,"Type":"Paragraph","WordGroups":[{"IndexInText":1333,"Length":11,"Type":"Other","Words":[{"Box":[513.5203,472.56,20.064,5.8085],"Polygon":[472.56,513.520264,492.624,513.520264,492.624,519.328735,472.56,519.328735],"IndexInText":1333,"OcrConfidence":1.0,"Text":"Claim","VisualLineNumber":38},{"Box":[513.5203,495.264,20.856,5.8085],"Polygon":[495.264,513.520264,516.12,513.520264,516.12,519.328735,495.264,519.328735],"IndexInText":1339,"OcrConfidence":1.0,"Text":"Count","VisualLineNumber":38}]}]},{"IndexInText":1346,"Language":"eng","Length":14,"Rotation":"None","SkewAngle":0.0,"Type":"Paragraph","WordGroups":[{"IndexInText":1346,"Length":14,"Type":"Other","Words":[{"Box":[27.7222,666.072,14.256,5.0164],"Polygon":[666.072,27.7221737,680.328,27.7221737,680.328,32.7385674,666.072,32.7385674],"IndexInText":1346,"OcrConfidence":1.0,"Text":"Date","VisualLineNumber":0},{"Box":[39.6031,666.336,15.312,5.0164],"Polygon":[666.336,39.6031075,681.648,39.6031075,681.648,44.6195,666.336,44.6195],"IndexInText":1351,"OcrConfidence":1.0,"Text":"Time","VisualLineNumber":2},{"Box":[51.7481,666.336,14.256,5.5444],"Polygon":[666.336,51.74806,680.592,51.74806,680.592,57.2924919,666.336,57.2924919],"IndexInText":1356,"OcrConfidence":1.0,"Text":"Page","VisualLineNumber":4}]}]},{"IndexInText":1362,"Language":"deu","Length":20,"Rotation":"None","SkewAngle":0.0,"Type":"Paragraph","WordGroups":[{"IndexInText":1362,"Length":20,"Type":"Other","Words":[{"Box":[26.1381,714.384,24.816,5.2804],"Polygon":[714.384033,26.13805,739.2,26.13805,739.2,31.4184647,714.384033,31.4184647],"IndexInText":1362,"OcrConfidence":1.0,"Text":"6/1/2020","VisualLineNumber":0},{"Box":[38.547,716.232,32.736,5.0164],"Polygon":[716.232,38.5470238,748.968,38.5470238,748.968,43.5634155,716.232,43.5634155],"IndexInText":1371,"OcrConfidence":1.0,"Text":"9:18:10AM","VisualLineNumber":2},{"Box":[50.428,714.912,1.848,4.7524],"Polygon":[714.912,50.4279556,716.76,50.4279556,716.76,55.18033,714.912,55.18033],"IndexInText":1381,"OcrConfidence":1.0,"Text":"1","VisualLineNumber":3}]}]},{"IndexInText":1384,"Language":"ron","Length":6,"Rotation":"None","SkewAngle":0.0,"Type":"Paragraph","WordGroups":[{"IndexInText":1384,"Length":6,"Type":"Heading","Words":[{"Box":[93.7273,546.48,18.48,5.0165],"Polygon":[546.48,93.72735,564.96,93.72735,564.96,98.7437439,546.48,98.7437439],"IndexInText":1384,"OcrConfidence":1.0,"Text":"Status","VisualLineNumber":6}]}]},{"IndexInText":1392,"Language":"eng","Length":2,"Rotation":"None","SkewAngle":0.0,"Type":"Paragraph","WordGroups":[{"IndexInText":1392,"Length":2,"Type":"Heading","Words":[{"Box":[105.6083,546.216,11.352,5.8085],"Polygon":[546.216,105.608284,557.568,105.608284,557.568,111.41674,546.216,111.41674],"IndexInText":1392,"OcrConfidence":0.099999994,"Text":"Mi","VisualLineNumber":7}]}]},{"IndexInText":1396,"Language":"spa","Length":15,"Rotation":"None","SkewAngle":0.0,"Type":"Paragraph","WordGroups":[{"IndexInText":1396,"Length":15,"Type":"Other","Words":[{"Box":[129.6342,664.224,13.728,5.0164],"Polygon":[664.224,129.634171,677.952,129.634171,677.952,134.650558,664.224,134.650558],"IndexInText":1396,"OcrConfidence":1.0,"Text":"Loss","VisualLineNumber":9},{"Box":[129.6342,700.656,19.272,4.7524],"Polygon":[700.656,129.634171,719.928,129.634171,719.928,134.386536,700.656,134.386536],"IndexInText":1401,"OcrConfidence":1.0,"Text":"ALAE","VisualLineNumber":9},{"Box":[129.6342,746.328,15.576,5.0164],"Polygon":[746.328,129.634171,761.904,129.634171,761.904,134.650558,746.328,134.650558],"IndexInText":1406,"OcrConfidence":1.0,"Text":"Total","VisualLineNumber":9}]}]},{"IndexInText":1413,"Language":"fra","Length":7,"Rotation":"None","SkewAngle":0.0,"Type":"Paragraph","WordGroups":[{"IndexInText":1413,"Length":7,"Type":"Other","Words":[{"Box":[185.3425,546.48,4.224,5.0164],"Polygon":[546.48,185.342545,550.704,185.342545,550.704,190.358932,546.48,190.358932],"IndexInText":1413,"OcrConfidence":1.0,"Text":"C","VisualLineNumber":12},{"Box":[197.2235,546.216,17.424,5.0164],"Polygon":[546.216,197.223465,563.64,197.223465,563.64,202.239868,546.216,202.239868],"IndexInText":1415,"OcrConfidence":1.0,"Text":"24434","VisualLineNumber":13}]}]},{"IndexInText":1422,"Language":"fra","Length":7,"Rotation":"None","SkewAngle":0.0,"Type":"Paragraph","WordGroups":[{"IndexInText":1422,"Length":7,"Type":"Other","Words":[{"Box":[258.2122,546.48,4.224,5.0164],"Polygon":[546.48,258.21225,550.704,258.21225,550.704,263.228638,546.48,263.228638],"IndexInText":1422,"OcrConfidence":1.0,"Text":"C","VisualLineNumber":18},{"Box":[270.0932,546.216,17.424,4.7524],"Polygon":[546.216,270.09317,563.64,270.09317,563.64,274.845551,546.216,274.845551],"IndexInText":1424,"OcrConfidence":1.0,"Text":"24434","VisualLineNumber":19}]}]},{"IndexInText":1431,"Language":"fra","Length":7,"Rotation":"None","SkewAngle":0.0,"Type":"Paragraph","WordGroups":[{"IndexInText":1431,"Length":7,"Type":"Other","Words":[{"Box":[330.818,546.48,4.224,5.0164],"Polygon":[546.48,330.817963,550.704,330.817963,550.704,335.834351,546.48,335.834351],"IndexInText":1431,"OcrConfidence":1.0,"Text":"C","VisualLineNumber":24},{"Box":[342.9629,546.216,17.424,5.0164],"Polygon":[546.216,342.9629,563.64,342.9629,563.64,347.9793,546.216,347.9793],"IndexInText":1433,"OcrConfidence":1.0,"Text":"24434","VisualLineNumber":25}]}]},{"IndexInText":1440,"Language":"bul","Length":5,"Rotation":"None","SkewAngle":0.0,"Type":"Paragraph","WordGroups":[{"IndexInText":1440,"Length":5,"Type":"Other","Words":[{"Box":[415.5686,546.216,17.424,5.0164],"Polygon":[546.216,415.5686,563.64,415.5686,563.64,420.585,546.216,420.585],"IndexInText":1440,"OcrConfidence":1.0,"Text":"24434","VisualLineNumber":31}]}]},{"IndexInText":1447,"Language":"eng","Length":1,"Rotation":"None","SkewAngle":0.0,"Type":"Paragraph","WordGroups":[{"IndexInText":1447,"Length":1,"Type":"Other","Words":[{"Box":[512.4642,572.616,3.432,4.7524],"Polygon":[572.616,512.4642,576.048035,512.4642,576.048035,517.216553,572.616,517.216553],"IndexInText":1447,"OcrConfidence":1.0,"Text":"4","VisualLineNumber":38}]}]},{"IndexInText":1450,"Language":"eng","Length":28,"Rotation":"None","SkewAngle":0.0,"Type":"Paragraph","WordGroups":[{"IndexInText":1450,"Length":28,"Type":"Other","Words":[{"Box":[186.6626,609.576,26.4,5.0164],"Polygon":[609.576,186.662643,635.976,186.662643,635.976,191.679031,609.576,191.679031],"IndexInText":1450,"OcrConfidence":1.0,"Text":"Reserves","VisualLineNumber":12},{"Box":[198.5436,606.936,29.04,6.3365],"Polygon":[606.936035,198.543579,635.976,198.543579,635.976,204.880066,606.936035,204.880066],"IndexInText":1459,"OcrConfidence":1.0,"Text":"Payments","VisualLineNumber":13},{"Box":[210.4245,603.768,32.208,5.0164],"Polygon":[603.768,210.4245,635.976,210.4245,635.976,215.4409,603.768,215.4409],"IndexInText":1468,"OcrConfidence":1.0,"Text":"Recoveries","VisualLineNumber":15}]}]},{"IndexInText":1480,"Language":"eng","Length":8,"Rotation":"None","SkewAngle":0.0,"Type":"Paragraph","WordGroups":[{"IndexInText":1480,"Length":8,"Type":"Other","Words":[{"Box":[228.6419,609.312,26.664,5.0165],"Polygon":[609.312,228.641937,635.976,228.641937,635.976,233.658325,609.312,233.658325],"IndexInText":1480,"OcrConfidence":1.0,"Text":"Incurred","VisualLineNumber":17}]}]},{"IndexInText":1490,"Language":"eng","Length":28,"Rotation":"None","SkewAngle":0.0,"Type":"Paragraph","WordGroups":[{"IndexInText":1490,"Length":28,"Type":"Other","Words":[{"Box":[259.2683,609.312,26.664,5.0164],"Polygon":[609.312,259.268341,635.976,259.268341,635.976,264.284729,609.312,264.284729],"IndexInText":1490,"OcrConfidence":1.0,"Text":"Reserves","VisualLineNumber":18},{"Box":[271.1493,606.936,29.04,6.3365],"Polygon":[606.936035,271.149261,635.976,271.149261,635.976,277.485779,606.936035,277.485779],"IndexInText":1499,"OcrConfidence":1.0,"Text":"Payments","VisualLineNumber":19},{"Box":[283.2942,603.768,32.208,5.0164],"Polygon":[603.768,283.29422,635.976,283.29422,635.976,288.3106,603.768,288.3106],"IndexInText":1508,"OcrConfidence":1.0,"Text":"Recoveries","VisualLineNumber":21}]}]},{"IndexInText":1520,"Language":"eng","Length":8,"Rotation":"None","SkewAngle":0.0,"Type":"Paragraph","WordGroups":[{"IndexInText":1520,"Length":8,"Type":"Other","Words":[{"Box":[301.2476,609.312,26.664,5.0165],"Polygon":[609.312,301.24762,635.976,301.24762,635.976,306.264,609.312,306.264],"IndexInText":1520,"OcrConfidence":1.0,"Text":"Incurred","VisualLineNumber":23}]}]},{"IndexInText":1530,"Language":"eng","Length":8,"Rotation":"None","SkewAngle":0.0,"Type":"Paragraph","WordGroups":[{"IndexInText":1530,"Length":8,"Type":"Other","Words":[{"Box":[331.874,609.312,26.664,5.0164],"Polygon":[609.312,331.874023,635.976,331.874023,635.976,336.8904,609.312,336.8904],"IndexInText":1530,"OcrConfidence":1.0,"Text":"Reserves","VisualLineNumber":24}]}]},{"IndexInText":1540,"Language":"eng","Length":19,"Rotation":"None","SkewAngle":0.0,"Type":"Paragraph","WordGroups":[{"IndexInText":1540,"Length":19,"Type":"Other","Words":[{"Box":[344.019,606.936,29.04,6.3365],"Polygon":[606.936035,344.018982,635.976,344.018982,635.976,350.355469,606.936035,350.355469],"IndexInText":1540,"OcrConfidence":1.0,"Text":"Payments","VisualLineNumber":25},{"Box":[355.8999,603.768,32.208,5.0164],"Polygon":[603.768,355.8999,635.976,355.8999,635.976,360.916321,603.768,360.916321],"IndexInText":1549,"OcrConfidence":1.0,"Text":"Recoveries","VisualLineNumber":27}]}]},{"IndexInText":1561,"Language":"eng","Length":8,"Rotation":"None","SkewAngle":0.0,"Type":"Paragraph","WordGroups":[{"IndexInText":1561,"Length":8,"Type":"Other","Words":[{"Box":[374.1173,609.312,26.664,5.0165],"Polygon":[609.312,374.11734,635.976,374.11734,635.976,379.133728,609.312,379.133728],"IndexInText":1561,"OcrConfidence":1.0,"Text":"Incurred","VisualLineNumber":29}]}]},{"IndexInText":1571,"Language":"eng","Length":28,"Rotation":"None","SkewAngle":0.0,"Type":"Paragraph","WordGroups":[{"IndexInText":1571,"Length":28,"Type":"Other","Words":[{"Box":[404.7437,609.576,26.4,5.0164],"Polygon":[609.576,404.743744,635.976,404.743744,635.976,409.760132,609.576,409.760132],"IndexInText":1571,"OcrConfidence":1.0,"Text":"Reserves","VisualLineNumber":30},{"Box":[416.8887,606.936,29.04,6.3365],"Polygon":[606.936035,416.8887,635.976,416.8887,635.976,423.2252,606.936035,423.2252],"IndexInText":1580,"OcrConfidence":1.0,"Text":"Payments","VisualLineNumber":31},{"Box":[428.7696,603.768,32.208,5.0164],"Polygon":[603.768,428.769623,635.976,428.769623,635.976,433.786,603.768,433.786],"IndexInText":1589,"OcrConfidence":1.0,"Text":"Recoveries","VisualLineNumber":33}]}]},{"IndexInText":1601,"Language":"eng","Length":8,"Rotation":"None","SkewAngle":0.0,"Type":"Paragraph","WordGroups":[{"IndexInText":1601,"Length":8,"Type":"Other","Words":[{"Box":[446.7231,609.312,26.664,5.0164],"Polygon":[609.312,446.723053,635.976,446.723053,635.976,451.739441,609.312,451.739441],"IndexInText":1601,"OcrConfidence":1.0,"Text":"Incurred","VisualLineNumber":35}]}]},{"IndexInText":1611,"Language":"eng","Length":37,"Rotation":"None","SkewAngle":0.0,"Type":"Paragraph","WordGroups":[{"IndexInText":1611,"Length":37,"Type":"Other","Words":[{"Box":[489.4944,609.576,26.4,5.0164],"Polygon":[609.576,489.4944,635.976,489.4944,635.976,494.510773,609.576,494.510773],"IndexInText":1611,"OcrConfidence":1.0,"Text":"Reserves","VisualLineNumber":36},{"Box":[501.6393,606.936,29.04,5.5445],"Polygon":[606.936035,501.639343,635.976,501.639343,635.976,507.183777,606.936035,507.183777],"IndexInText":1620,"OcrConfidence":1.0,"Text":"Payments","VisualLineNumber":37},{"Box":[513.5203,603.768,32.208,5.0164],"Polygon":[603.768,513.520264,635.976,513.520264,635.976,518.5367,603.768,518.5367],"IndexInText":1629,"OcrConfidence":1.0,"Text":"Recoveries","VisualLineNumber":38},{"Box":[531.4737,609.312,26.664,5.0164],"Polygon":[609.312,531.4737,635.976,531.4737,635.976,536.490051,609.312,536.490051],"IndexInText":1640,"OcrConfidence":1.0,"Text":"Incurred","VisualLineNumber":39}]}]},{"IndexInText":1650,"Language":"eng","Length":1,"Rotation":"None","SkewAngle":0.0,"Type":"Paragraph","WordGroups":[{"IndexInText":1650,"Length":1,"Type":"Other","Words":[{"Box":[185.3425,676.368,3.168,4.7524],"Polygon":[676.368,185.342545,679.536,185.342545,679.536,190.09491,676.368,190.09491],"IndexInText":1650,"OcrConfidence":0.099999994,"Text":"o","VisualLineNumber":12}]}]},{"IndexInText":1653,"Language":"bul","Length":7,"Rotation":"None","SkewAngle":0.0,"Type":"Paragraph","WordGroups":[{"IndexInText":1653,"Length":7,"Type":"Other","Words":[{"Box":[197.2235,665.016,14.256,5.8084],"Polygon":[665.016,197.223465,679.272034,197.223465,679.272034,203.031921,665.016,203.031921],"IndexInText":1653,"OcrConfidence":1.0,"Text":"1,100","VisualLineNumber":13},{"Box":[209.3684,676.368,2.904,4.7524],"Polygon":[676.368,209.368423,679.272034,209.368423,679.272034,214.120789,676.368,214.120789],"IndexInText":1659,"OcrConfidence":1.0,"Text":"0","VisualLineNumber":15}]}]},{"IndexInText":1662,"Language":"bul","Length":5,"Rotation":"None","SkewAngle":0.0,"Type":"Paragraph","WordGroups":[{"IndexInText":1662,"Length":5,"Type":"Other","Words":[{"Box":[227.3218,665.016,14.256,5.8084],"Polygon":[665.016,227.321823,679.272034,227.321823,679.272034,233.13028,665.016,233.13028],"IndexInText":1662,"OcrConfidence":1.0,"Text":"1,100","VisualLineNumber":17}]}]},{"IndexInText":1669,"Language":"bul","Length":9,"Rotation":"None","SkewAngle":0.0,"Type":"Paragraph","WordGroups":[{"IndexInText":1669,"Length":9,"Type":"Other","Words":[{"Box":[258.2122,676.368,3.168,5.0164],"Polygon":[676.368,258.21225,679.536,258.21225,679.536,263.228638,676.368,263.228638],"IndexInText":1669,"OcrConfidence":1.0,"Text":"0","VisualLineNumber":18},{"Box":[270.0932,663.696,15.576,6.0725],"Polygon":[663.696,270.09317,679.272034,270.09317,679.272034,276.165649,663.696,276.165649],"IndexInText":1671,"OcrConfidence":1.0,"Text":"2,665","VisualLineNumber":19},{"Box":[282.2381,676.368,3.168,5.0164],"Polygon":[676.368,282.238129,679.536,282.238129,679.536,287.254517,676.368,287.254517],"IndexInText":1677,"OcrConfidence":1.0,"Text":"0","VisualLineNumber":21}]}]},{"IndexInText":1680,"Language":"bul","Length":5,"Rotation":"None","SkewAngle":0.0,"Type":"Paragraph","WordGroups":[{"IndexInText":1680,"Length":5,"Type":"Other","Words":[{"Box":[300.1916,663.696,15.576,5.8084],"Polygon":[663.696,300.191559,679.272034,300.191559,679.272034,306.0,663.696,306.0],"IndexInText":1680,"OcrConfidence":1.0,"Text":"2,665","VisualLineNumber":23}]}]},{"IndexInText":1687,"Language":"eng","Length":3,"Rotation":"None","SkewAngle":0.0,"Type":"Paragraph","WordGroups":[{"IndexInText":1687,"Length":3,"Type":"Other","Words":[{"Box":[330.818,676.368,3.168,5.0164],"Polygon":[676.368,330.817963,679.536,330.817963,679.536,335.834351,676.368,335.834351],"IndexInText":1687,"OcrConfidence":1.0,"Text":"0","VisualLineNumber":24},{"Box":[342.9629,676.368,3.168,4.7524],"Polygon":[676.368,342.9629,679.536,342.9629,679.536,347.715271,676.368,347.715271],"IndexInText":1689,"OcrConfidence":1.0,"Text":"0","VisualLineNumber":25}]}]},{"IndexInText":1692,"Language":"eng","Length":3,"Rotation":"None","SkewAngle":0.0,"Type":"Paragraph","WordGroups":[{"IndexInText":1692,"Length":3,"Type":"Other","Words":[{"Box":[354.8438,676.368,3.168,4.7524],"Polygon":[676.368,354.843842,679.536,354.843842,679.536,359.5962,676.368,359.5962],"IndexInText":1692,"OcrConfidence":1.0,"Text":"0","VisualLineNumber":27},{"Box":[372.7972,676.368,3.168,4.7524],"Polygon":[676.368,372.797241,679.536,372.797241,679.536,377.549622,676.368,377.549622],"IndexInText":1694,"OcrConfidence":1.0,"Text":"0","VisualLineNumber":29}]}]},{"IndexInText":1697,"Language":"eng","Length":1,"Rotation":"None","SkewAngle":0.0,"Type":"Paragraph","WordGroups":[{"IndexInText":1697,"Length":1,"Type":"Other","Words":[{"Box":[403.6877,676.368,3.168,4.7524],"Polygon":[676.368,403.687653,679.536,403.687653,679.536,408.440033,676.368,408.440033],"IndexInText":1697,"OcrConfidence":0.099999994,"Text":"o","VisualLineNumber":30}]}]},{"IndexInText":1700,"Language":"eng","Length":3,"Rotation":"None","SkewAngle":0.0,"Type":"Paragraph","WordGroups":[{"IndexInText":1700,"Length":3,"Type":"Other","Words":[{"Box":[415.5686,676.368,3.168,4.7524],"Polygon":[676.368,415.5686,679.536,415.5686,679.536,420.320953,676.368,420.320953],"IndexInText":1700,"OcrConfidence":0.099999994,"Text":"o","VisualLineNumber":31},{"Box":[427.7136,676.368,3.168,4.7524],"Polygon":[676.368,427.713562,679.536,427.713562,679.536,432.4659,676.368,432.4659],"IndexInText":1702,"OcrConfidence":0.099999994,"Text":"o","VisualLineNumber":33}]}]},{"IndexInText":1705,"Language":"eng","Length":1,"Rotation":"None","SkewAngle":0.0,"Type":"Paragraph","WordGroups":[{"IndexInText":1705,"Length":1,"Type":"Other","Words":[{"Box":[445.667,676.368,3.168,4.7524],"Polygon":[676.368,445.666962,679.536,445.666962,679.536,450.419342,676.368,450.419342],"IndexInText":1705,"OcrConfidence":1.0,"Text":"0","VisualLineNumber":35}]}]},{"IndexInText":1708,"Language":"bul","Length":9,"Rotation":"None","SkewAngle":0.0,"Type":"Paragraph","WordGroups":[{"IndexInText":1708,"Length":9,"Type":"Other","Words":[{"Box":[488.4383,674.784,2.904,4.7524],"Polygon":[674.784,488.438324,677.688,488.438324,677.688,493.190674,674.784,493.190674],"IndexInText":1708,"OcrConfidence":1.0,"Text":"0","VisualLineNumber":36},{"Box":[500.3192,662.376,15.048,5.8084],"Polygon":[662.376,500.319244,677.424,500.319244,677.424,506.1277,662.376,506.1277],"IndexInText":1710,"OcrConfidence":1.0,"Text":"3,765","VisualLineNumber":37},{"Box":[512.4642,674.784,3.168,4.7524],"Polygon":[674.784,512.4642,677.952,512.4642,677.952,517.216553,674.784,517.216553],"IndexInText":1716,"OcrConfidence":1.0,"Text":"0","VisualLineNumber":38}]}]},{"IndexInText":1719,"Language":"bul","Length":5,"Rotation":"None","SkewAngle":0.0,"Type":"Paragraph","WordGroups":[{"IndexInText":1719,"Length":5,"Type":"Other","Words":[{"Box":[530.4176,663.96,15.048,5.8084],"Polygon":[663.96,530.4176,679.008,530.4176,679.008,536.2261,663.96,536.2261],"IndexInText":1719,"OcrConfidence":1.0,"Text":"3,765","VisualLineNumber":39}]}]},{"IndexInText":1726,"Language":"eng","Length":1,"Rotation":"None","SkewAngle":0.0,"Type":"Paragraph","WordGroups":[{"IndexInText":1726,"Length":1,"Type":"Other","Words":[{"Box":[185.3425,719.136,3.168,5.0164],"Polygon":[719.136,185.342545,722.304,185.342545,722.304,190.358932,719.136,190.358932],"IndexInText":1726,"OcrConfidence":0.099999994,"Text":"o","VisualLineNumber":12}]}]},{"IndexInText":1729,"Language":"eng","Length":3,"Rotation":"None","SkewAngle":0.0,"Type":"Paragraph","WordGroups":[{"IndexInText":1729,"Length":3,"Type":"Other","Words":[{"Box":[197.2235,719.928,3.168,5.0164],"Polygon":[719.928,197.223465,723.096,197.223465,723.096,202.239868,719.928,202.239868],"IndexInText":1729,"OcrConfidence":1.0,"Text":"0","VisualLineNumber":13},{"Box":[209.3684,719.136,3.168,5.0164],"Polygon":[719.136,209.368423,722.304,209.368423,722.304,214.384811,719.136,214.384811],"IndexInText":1731,"OcrConfidence":1.0,"Text":"0","VisualLineNumber":15}]}]},{"IndexInText":1734,"Language":"eng","Length":1,"Rotation":"None","SkewAngle":0.0,"Type":"Paragraph","WordGroups":[{"IndexInText":1734,"Length":1,"Type":"Other","Words":[{"Box":[185.3425,766.392,3.168,5.0164],"Polygon":[766.392,185.342545,769.56,185.342545,769.56,190.358932,766.392,190.358932],"IndexInText":1734,"OcrConfidence":0.099999994,"Text":"o","VisualLineNumber":12}]}]},{"IndexInText":1737,"Language":"bul","Length":5,"Rotation":"None","SkewAngle":0.0,"Type":"Paragraph","WordGroups":[{"IndexInText":1737,"Length":5,"Type":"Other","Words":[{"Box":[197.2235,754.512,15.048,5.8084],"Polygon":[754.512,197.223465,769.56,197.223465,769.56,203.031921,754.512,203.031921],"IndexInText":1737,"OcrConfidence":1.0,"Text":"1,100","VisualLineNumber":13}]}]},{"IndexInText":1744,"Language":"eng","Length":1,"Rotation":"None","SkewAngle":0.0,"Type":"Paragraph","WordGroups":[{"IndexInText":1744,"Length":1,"Type":"Other","Words":[{"Box":[209.3684,765.6,3.168,5.0164],"Polygon":[765.600037,209.368423,768.768,209.368423,768.768,214.384811,765.600037,214.384811],"IndexInText":1744,"OcrConfidence":0.099999994,"Text":"o","VisualLineNumber":15}]}]},{"IndexInText":1747,"Language":"bul","Length":5,"Rotation":"None","SkewAngle":0.0,"Type":"Paragraph","WordGroups":[{"IndexInText":1747,"Length":5,"Type":"Other","Words":[{"Box":[227.3218,754.512,15.048,5.8084],"Polygon":[754.512,227.321823,769.56,227.321823,769.56,233.13028,754.512,233.13028],"IndexInText":1747,"OcrConfidence":1.0,"Text":"1,100","VisualLineNumber":17}]}]},{"IndexInText":1754,"Language":"bul","Length":5,"Rotation":"None","SkewAngle":0.0,"Type":"Paragraph","WordGroups":[{"IndexInText":1754,"Length":5,"Type":"Other","Words":[{"Box":[270.0932,753.72,15.576,6.0725],"Polygon":[753.720032,270.09317,769.296,270.09317,769.296,276.165649,753.720032,276.165649],"IndexInText":1754,"OcrConfidence":1.0,"Text":"2,665","VisualLineNumber":19}]}]},{"IndexInText":1761,"Language":"eng","Length":1,"Rotation":"None","SkewAngle":0.0,"Type":"Paragraph","WordGroups":[{"IndexInText":1761,"Length":1,"Type":"Other","Words":[{"Box":[282.2381,719.136,3.168,5.0164],"Polygon":[719.136,282.238129,722.304,282.238129,722.304,287.254517,719.136,287.254517],"IndexInText":1761,"OcrConfidence":1.0,"Text":"0","VisualLineNumber":21}]}]},{"IndexInText":1764,"Language":"eng","Length":1,"Rotation":"None","SkewAngle":0.0,"Type":"Paragraph","WordGroups":[{"IndexInText":1764,"Length":1,"Type":"Other","Words":[{"Box":[300.1916,719.136,3.168,5.0164],"Polygon":[719.136,300.191559,722.304,300.191559,722.304,305.207947,719.136,305.207947],"IndexInText":1764,"OcrConfidence":1.0,"Text":"0","VisualLineNumber":23}]}]},{"IndexInText":1767,"Language":"bul","Length":5,"Rotation":"None","SkewAngle":0.0,"Type":"Paragraph","WordGroups":[{"IndexInText":1767,"Length":5,"Type":"Other","Words":[{"Box":[300.1916,753.984,15.312,5.8084],"Polygon":[753.984,300.191559,769.296,300.191559,769.296,306.0,753.984,306.0],"IndexInText":1767,"OcrConfidence":1.0,"Text":"2,665","VisualLineNumber":23}]}]},{"IndexInText":1774,"Language":"eng","Length":3,"Rotation":"None","SkewAngle":0.0,"Type":"Paragraph","WordGroups":[{"IndexInText":1774,"Length":3,"Type":"Other","Words":[{"Box":[330.818,719.136,3.168,5.0164],"Polygon":[719.136,330.817963,722.304,330.817963,722.304,335.834351,719.136,335.834351],"IndexInText":1774,"OcrConfidence":1.0,"Text":"0","VisualLineNumber":24},{"Box":[342.9629,719.928,3.168,4.7524],"Polygon":[719.928,342.9629,723.096,342.9629,723.096,347.715271,719.928,347.715271],"IndexInText":1776,"OcrConfidence":1.0,"Text":"0","VisualLineNumber":25}]}]},{"IndexInText":1779,"Language":"eng","Length":3,"Rotation":"None","SkewAngle":0.0,"Type":"Paragraph","WordGroups":[{"IndexInText":1779,"Length":3,"Type":"Other","Words":[{"Box":[330.818,766.392,2.904,4.7524],"Polygon":[766.392,330.817963,769.296,330.817963,769.296,335.5703,766.392,335.5703],"IndexInText":1779,"OcrConfidence":1.0,"Text":"0","VisualLineNumber":24},{"Box":[342.9629,766.392,2.904,4.7524],"Polygon":[766.392,342.9629,769.296,342.9629,769.296,347.715271,766.392,347.715271],"IndexInText":1781,"OcrConfidence":1.0,"Text":"0","VisualLineNumber":25}]}]},{"IndexInText":1784,"Language":"eng","Length":1,"Rotation":"None","SkewAngle":0.0,"Type":"Paragraph","WordGroups":[{"IndexInText":1784,"Length":1,"Type":"Other","Words":[{"Box":[354.8438,719.136,3.168,4.7524],"Polygon":[719.136,354.843842,722.304,354.843842,722.304,359.5962,719.136,359.5962],"IndexInText":1784,"OcrConfidence":1.0,"Text":"0","VisualLineNumber":27}]}]},{"IndexInText":1787,"Language":"eng","Length":1,"Rotation":"None","SkewAngle":0.0,"Type":"Paragraph","WordGroups":[{"IndexInText":1787,"Length":1,"Type":"Other","Words":[{"Box":[354.8438,765.6,2.904,4.7524],"Polygon":[765.600037,354.843842,768.504,354.843842,768.504,359.5962,765.600037,359.5962],"IndexInText":1787,"OcrConfidence":1.0,"Text":"0","VisualLineNumber":27}]}]},{"IndexInText":1790,"Language":"eng","Length":1,"Rotation":"None","SkewAngle":0.0,"Type":"Paragraph","WordGroups":[{"IndexInText":1790,"Length":1,"Type":"Other","Words":[{"Box":[403.6877,719.136,3.168,4.7524],"Polygon":[719.136,403.687653,722.304,403.687653,722.304,408.440033,719.136,408.440033],"IndexInText":1790,"OcrConfidence":0.099999994,"Text":"o","VisualLineNumber":30}]}]},{"IndexInText":1793,"Language":"eng","Length":1,"Rotation":"None","SkewAngle":0.0,"Type":"Paragraph","WordGroups":[{"IndexInText":1793,"Length":1,"Type":"Other","Words":[{"Box":[403.6877,766.392,2.904,4.7524],"Polygon":[766.392,403.687653,769.296,403.687653,769.296,408.440033,766.392,408.440033],"IndexInText":1793,"OcrConfidence":0.099999994,"Text":"o","VisualLineNumber":30}]}]},{"IndexInText":1796,"Language":"eng","Length":3,"Rotation":"None","SkewAngle":0.0,"Type":"Paragraph","WordGroups":[{"IndexInText":1796,"Length":3,"Type":"Other","Words":[{"Box":[415.5686,719.928,2.904,4.7524],"Polygon":[719.928,415.5686,722.832031,415.5686,722.832031,420.320953,719.928,420.320953],"IndexInText":1796,"OcrConfidence":0.099999994,"Text":"o","VisualLineNumber":31},{"Box":[427.7136,719.136,3.168,4.7524],"Polygon":[719.136,427.713562,722.304,427.713562,722.304,432.4659,719.136,432.4659],"IndexInText":1798,"OcrConfidence":0.099999994,"Text":"o","VisualLineNumber":33}]}]},{"IndexInText":1801,"Language":"eng","Length":3,"Rotation":"None","SkewAngle":0.0,"Type":"Paragraph","WordGroups":[{"IndexInText":1801,"Length":3,"Type":"Other","Words":[{"Box":[415.5686,766.392,2.904,4.7524],"Polygon":[766.392,415.5686,769.296,415.5686,769.296,420.320953,766.392,420.320953],"IndexInText":1801,"OcrConfidence":0.099999994,"Text":"o","VisualLineNumber":31},{"Box":[427.7136,765.6,2.904,4.7524],"Polygon":[765.600037,427.713562,768.504,427.713562,768.504,432.4659,765.600037,432.4659],"IndexInText":1803,"OcrConfidence":0.099999994,"Text":"o","VisualLineNumber":33}]}]},{"IndexInText":1806,"Language":"bul","Length":5,"Rotation":"None","SkewAngle":0.0,"Type":"Paragraph","WordGroups":[{"IndexInText":1806,"Length":5,"Type":"Other","Words":[{"Box":[488.4383,716.76,2.904,4.7524],"Polygon":[716.76,488.438324,719.664,488.438324,719.664,493.190674,716.76,493.190674],"IndexInText":1806,"OcrConfidence":1.0,"Text":"0","VisualLineNumber":36},{"Box":[500.3192,716.76,2.904,4.7524],"Polygon":[716.76,500.319244,719.664,500.319244,719.664,505.071625,716.76,505.071625],"IndexInText":1808,"OcrConfidence":1.0,"Text":"0","VisualLineNumber":37},{"Box":[512.4642,716.76,2.904,4.7524],"Polygon":[716.76,512.4642,719.664,512.4642,719.664,517.216553,716.76,517.216553],"IndexInText":1810,"OcrConfidence":1.0,"Text":"0","VisualLineNumber":38}]}]},{"IndexInText":1813,"Language":"bul","Length":7,"Rotation":"None","SkewAngle":0.0,"Type":"Paragraph","WordGroups":[{"IndexInText":1813,"Length":7,"Type":"Other","Words":[{"Box":[488.4383,764.808,3.168,5.0164],"Polygon":[764.808,488.438324,767.976,488.438324,767.976,493.4547,764.808,493.4547],"IndexInText":1813,"OcrConfidence":1.0,"Text":"0","VisualLineNumber":36},{"Box":[500.3192,752.4,15.312,6.0725],"Polygon":[752.4,500.319244,767.712036,500.319244,767.712036,506.391724,752.4,506.391724],"IndexInText":1815,"OcrConfidence":1.0,"Text":"3,765","VisualLineNumber":37}]}]},{"IndexInText":1822,"Language":"eng","Length":1,"Rotation":"None","SkewAngle":0.0,"Type":"Paragraph","WordGroups":[{"IndexInText":1822,"Length":1,"Type":"Other","Words":[{"Box":[512.4642,764.808,3.168,5.0164],"Polygon":[764.808,512.4642,767.976,512.4642,767.976,517.4806,764.808,517.4806],"IndexInText":1822,"OcrConfidence":0.099999994,"Text":"o","VisualLineNumber":38}]}]},{"IndexInText":1825,"Language":"eng","Length":1,"Rotation":"None","SkewAngle":0.0,"Type":"Paragraph","WordGroups":[{"IndexInText":1825,"Length":1,"Type":"Other","Words":[{"Box":[530.4176,719.136,3.168,4.7524],"Polygon":[719.136,530.4176,722.304,530.4176,722.304,535.17,719.136,535.17],"IndexInText":1825,"OcrConfidence":1.0,"Text":"0","VisualLineNumber":39}]}]},{"IndexInText":1828,"Language":"bul","Length":5,"Rotation":"None","SkewAngle":0.0,"Type":"Paragraph","WordGroups":[{"IndexInText":1828,"Length":5,"Type":"Other","Words":[{"Box":[530.4176,752.4,15.312,6.0725],"Polygon":[752.4,530.4176,767.712036,530.4176,767.712036,536.490051,752.4,536.490051],"IndexInText":1828,"OcrConfidence":1.0,"Text":"3,765","VisualLineNumber":39}]}]}],"ProcessingSource":"Ocr","IndexInText":0,"TextLength":1833,"SkewAngle":0.0}]}