{"DocumentTypeId":"LossRun.Reports.DataExtraction","FormId":"c08a27aa","FormName":"GuideOne 5 rows","OriginalFileExtension":"pdf","Pages":[{"Page":0,"Size":[0.0,0.0,792.0,658.0],"SkewAngle":0.0,"Evidence":[{"Text":"Claim","Box":[151.628,28.45,19.404,8.4]},{"Text":"No","Box":[151.628,50.206,9.354,8.4]},{"Text":"Loss","Box":[151.628,89.225,15.51,8.4]},{"Text":"Location","Box":[151.628,107.087,29.712,8.4]},{"Text":"Loss","Box":[151.628,154.0,15.51,8.4]},{"Text":"Date","Box":[151.628,171.862,16.158,8.4]},{"Text":"Loss","Box":[151.628,214.775,15.51,8.4]},{"Text":"Type","Box":[151.628,232.637,16.626,8.4]},{"Text":"Worker's","Box":[168.628,80.0,31.464,8.4]},{"Text":"Compensation","Box":[168.628,113.816,49.662,8.4]},{"Text":"Info,","Box":[168.628,165.83,16.968,8.4]},{"Text":"if","Box":[168.628,185.15,4.734,8.4]},{"Text":"applicable:","Box":[168.628,192.236,38.178,8.4]},{"Text":"Claimant","Box":[181.628,29.65,30.87,8.4]},{"Text":"Med","Box":[181.628,217.05,14.166,8.4]},{"Text":"Total","Box":[181.628,233.568,17.61,8.4]},{"Text":"Last","Box":[188.918,26.7,14.574,8.4]},{"Text":"Name","Box":[188.918,43.626,19.872,8.4]},{"Text":"Med","Box":[188.918,82.125,14.166,8.4]},{"Text":"OS","Box":[188.918,98.643,9.51,8.4]},{"Text":"Reserves","Box":[188.918,110.505,31.692,8.4]},{"Text":"Med","Box":[188.918,158.3,14.166,8.4]},{"Text":"Paid","Box":[188.918,174.818,15.102,8.4]},{"Text":"Reserves","Box":[188.918,218.25,31.692,8.4]},{"Text":"Loss","Box":[151.628,293.1,15.51,8.4]},{"Text":"Description","Box":[151.628,310.962,39.96,8.4]},{"Text":"Body","Box":[151.628,395.925,17.244,8.4]},{"Text":"Part","Box":[151.628,415.521,14.574,8.4]},{"Text":"Status","Box":[151.628,459.85,22.32,8.4]},{"Text":"Opened","Box":[151.628,503.775,26.478,8.4]},{"Text":"Closed","Box":[151.628,549.5,23.004,8.4]},{"Text":"CTD","Box":[151.628,591.425,13.716,8.4]},{"Text":"Paid","Box":[151.628,607.493,15.102,8.4]},{"Text":"ALAE","Box":[151.628,641.45,17.682,8.4]},{"Text":"Paid","Box":[151.628,661.484,15.102,8.4]},{"Text":"Case","Box":[151.628,692.45,16.344,8.4]},{"Text":"Incurred","Box":[151.628,711.146,30.54,8.4]},{"Text":"Loss","Box":[158.918,710.275,15.51,8.4]},{"Text":"Ind","Box":[181.628,453.1,12.042,8.4]},{"Text":"Total","Box":[181.628,467.494,17.61,8.4]},{"Text":"Ind","Box":[188.918,292.175,12.042,8.4]},{"Text":"OS","Box":[188.918,306.569,9.51,8.4]},{"Text":"Reserves","Box":[188.918,318.431,31.692,8.4]},{"Text":"Ind","Box":[188.918,398.35,12.042,8.4]},{"Text":"Paid","Box":[188.918,412.744,15.102,8.4]},{"Text":"Reserves","Box":[188.918,453.25,31.692,8.4]}],"Fields":[],"Tables":[{"FieldId":"LossRun.Reports.DataExtraction.ClaimDetails","Headers":[{"FieldId":"LossRun.Reports.DataExtraction.ClaimDetails.Carrier","Box":[0.0,0.0,0.0,0.0]},{"FieldId":"LossRun.Reports.DataExtraction.ClaimDetails.PolicyNumber","Box":[0.0,0.0,0.0,0.0]},{"FieldId":"LossRun.Reports.DataExtraction.ClaimDetails.PolicyYear","Box":[0.0,0.0,0.0,0.0]},{"FieldId":"LossRun.Reports.DataExtraction.ClaimDetails.PolicyEffectiveDate","Box":[0.0,0.0,0.0,0.0]},{"FieldId":"LossRun.Reports.DataExtraction.ClaimDetails.PolicyExpirationDate","Box":[0.0,0.0,0.0,0.0]},{"FieldId":"LossRun.Reports.DataExtraction.ClaimDetails.CoverageType","Box":[0.0,0.0,0.0,0.0]},{"FieldId":"LossRun.Reports.DataExtraction.ClaimDetails.Customer","Box":[0.0,0.0,0.0,0.0]},{"FieldId":"LossRun.Reports.DataExtraction.ClaimDetails.ClaimNumber","Box":[0.0,0.0,0.0,0.0]},{"FieldId":"LossRun.Reports.DataExtraction.ClaimDetails.DateofLoss","Box":[0.0,0.0,0.0,0.0]},{"FieldId":"LossRun.Reports.DataExtraction.ClaimDetails.DateReportedtoEmployer","Box":[0.0,0.0,0.0,0.0]},{"FieldId":"LossRun.Reports.DataExtraction.ClaimDetails.DateReportedtoCarrier","Box":[0.0,0.0,0.0,0.0]},{"FieldId":"LossRun.Reports.DataExtraction.ClaimDetails.Status","Box":[0.0,0.0,0.0,0.0]},{"FieldId":"LossRun.Reports.DataExtraction.ClaimDetails.OpenedDate","Box":[0.0,0.0,0.0,0.0]},{"FieldId":"LossRun.Reports.DataExtraction.ClaimDetails.CloseDate","Box":[0.0,0.0,0.0,0.0]},{"FieldId":"LossRun.Reports.DataExtraction.ClaimDetails.ReopenedDate","Box":[0.0,0.0,0.0,0.0]},{"FieldId":"LossRun.Reports.DataExtraction.ClaimDetails.ClaimType","Box":[0.0,0.0,0.0,0.0]},{"FieldId":"LossRun.Reports.DataExtraction.ClaimDetails.ClaimantFirstName","Box":[0.0,0.0,0.0,0.0]},{"FieldId":"LossRun.Reports.DataExtraction.ClaimDetails.ClaimantLastname","Box":[0.0,0.0,0.0,0.0]},{"FieldId":"LossRun.Reports.DataExtraction.ClaimDetails.EntityName(IfnotaPerson)","Box":[0.0,0.0,0.0,0.0]},{"FieldId":"LossRun.Reports.DataExtraction.ClaimDetails.AccidentDescription","Box":[0.0,0.0,0.0,0.0]},{"FieldId":"LossRun.Reports.DataExtraction.ClaimDetails.AccidentLocation(Description)","Box":[0.0,0.0,0.0,0.0]},{"FieldId":"LossRun.Reports.DataExtraction.ClaimDetails.AccidentLocation(Number)","Box":[0.0,0.0,0.0,0.0]},{"FieldId":"LossRun.Reports.DataExtraction.ClaimDetails.AccidentLocation(NumberCode)","Box":[0.0,0.0,0.0,0.0]},{"FieldId":"LossRun.Reports.DataExtraction.ClaimDetails.AccidentSite","Box":[0.0,0.0,0.0,0.0]},{"FieldId":"LossRun.Reports.DataExtraction.ClaimDetails.AccidentSiteCity","Box":[0.0,0.0,0.0,0.0]},{"FieldId":"LossRun.Reports.DataExtraction.ClaimDetails.AccidentState","Box":[0.0,0.0,0.0,0.0]},{"FieldId":"LossRun.Reports.DataExtraction.ClaimDetails.ValueDate","Box":[0.0,0.0,0.0,0.0]},{"FieldId":"LossRun.Reports.DataExtraction.ClaimDetails.PaidTotal","Box":[0.0,0.0,0.0,0.0]},{"FieldId":"LossRun.Reports.DataExtraction.ClaimDetails.OutstandingTotal","Box":[0.0,0.0,0.0,0.0]},{"FieldId":"LossRun.Reports.DataExtraction.ClaimDetails.IncurredTotal","Box":[0.0,0.0,0.0,0.0]},{"FieldId":"LossRun.Reports.DataExtraction.ClaimDetails.Recoveries","Box":[0.0,0.0,0.0,0.0]},{"FieldId":"LossRun.Reports.DataExtraction.ClaimDetails.PaidIndPDColl","Box":[0.0,0.0,0.0,0.0]},{"FieldId":"LossRun.Reports.DataExtraction.ClaimDetails.OutstandingINdPDColl","Box":[0.0,0.0,0.0,0.0]},{"FieldId":"LossRun.Reports.DataExtraction.ClaimDetails.RecoveredindPDColl","Box":[0.0,0.0,0.0,0.0]},{"FieldId":"LossRun.Reports.DataExtraction.ClaimDetails.PaidMedBIComp","Box":[0.0,0.0,0.0,0.0]},{"FieldId":"LossRun.Reports.DataExtraction.ClaimDetails.OutstandingMedBIComp","Box":[0.0,0.0,0.0,0.0]},{"FieldId":"LossRun.Reports.DataExtraction.ClaimDetails.RecoveredMedBIComp","Box":[0.0,0.0,0.0,0.0]},{"FieldId":"LossRun.Reports.DataExtraction.ClaimDetails.PaidExpense","Box":[0.0,0.0,0.0,0.0]},{"FieldId":"LossRun.Reports.DataExtraction.ClaimDetails.OutstandingExpense","Box":[0.0,0.0,0.0,0.0]},{"FieldId":"LossRun.Reports.DataExtraction.ClaimDetails.RecoveredExpense","Box":[0.0,0.0,0.0,0.0]},{"FieldId":"LossRun.Reports.DataExtraction.ClaimDetails.PaidSalvage","Box":[0.0,0.0,0.0,0.0]},{"FieldId":"LossRun.Reports.DataExtraction.ClaimDetails.OutstandingSalvage","Box":[0.0,0.0,0.0,0.0]},{"FieldId":"LossRun.Reports.DataExtraction.ClaimDetails.RecoveredSalvage","Box":[0.0,0.0,0.0,0.0]},{"FieldId":"LossRun.Reports.DataExtraction.ClaimDetails.PaidSubro","Box":[0.0,0.0,0.0,0.0]},{"FieldId":"LossRun.Reports.DataExtraction.ClaimDetails.OutstandingSubro","Box":[0.0,0.0,0.0,0.0]},{"FieldId":"LossRun.Reports.DataExtraction.ClaimDetails.RecoveredSubro","Box":[0.0,0.0,0.0,0.0]},{"FieldId":"LossRun.Reports.DataExtraction.ClaimDetails.LossType","Box":[0.0,0.0,0.0,0.0]},{"FieldId":"LossRun.Reports.DataExtraction.ClaimDetails.CauseOFInjury","Box":[0.0,0.0,0.0,0.0]},{"FieldId":"LossRun.Reports.DataExtraction.ClaimDetails.DetailedCauseofInjury","Box":[0.0,0.0,0.0,0.0]},{"FieldId":"LossRun.Reports.DataExtraction.ClaimDetails.NatureOfInjury","Box":[0.0,0.0,0.0,0.0]},{"FieldId":"LossRun.Reports.DataExtraction.ClaimDetails.DetailedNatureOfInjury","Box":[0.0,0.0,0.0,0.0]},{"FieldId":"LossRun.Reports.DataExtraction.ClaimDetails.BodyPartInjured","Box":[0.0,0.0,0.0,0.0]},{"FieldId":"LossRun.Reports.DataExtraction.ClaimDetails.DetailedBodyPartInjured","Box":[0.0,0.0,0.0,0.0]},{"FieldId":"LossRun.Reports.DataExtraction.ClaimDetails.ContributingFactor","Box":[0.0,0.0,0.0,0.0]},{"FieldId":"LossRun.Reports.DataExtraction.ClaimDetails.LitigationIndication","Box":[0.0,0.0,0.0,0.0]},{"FieldId":"LossRun.Reports.DataExtraction.ClaimDetails.Subrogation","Box":[0.0,0.0,0.0,0.0]},{"FieldId":"LossRun.Reports.DataExtraction.ClaimDetails.Occupation","Box":[0.0,0.0,0.0,0.0]},{"FieldId":"LossRun.Reports.DataExtraction.ClaimDetails.WorkLocation","Box":[0.0,0.0,0.0,0.0]},{"FieldId":"LossRun.Reports.DataExtraction.ClaimDetails.NCCICode","Box":[0.0,0.0,0.0,0.0]},{"FieldId":"LossRun.Reports.DataExtraction.ClaimDetails.DateOfBirth","Box":[0.0,0.0,0.0,0.0]},{"FieldId":"LossRun.Reports.DataExtraction.ClaimDetails.RTW","Box":[0.0,0.0,0.0,0.0]},{"FieldId":"LossRun.Reports.DataExtraction.ClaimDetails.RTWDATE","Box":[0.0,0.0,0.0,0.0]},{"FieldId":"LossRun.Reports.DataExtraction.ClaimDetails.Death","Box":[0.0,0.0,0.0,0.0]},{"FieldId":"LossRun.Reports.DataExtraction.ClaimDetails.Section32","Box":[0.0,0.0,0.0,0.0]},{"FieldId":"LossRun.Reports.DataExtraction.ClaimDetails.SLU","Box":[0.0,0.0,0.0,0.0]},{"FieldId":"LossRun.Reports.DataExtraction.ClaimDetails.GroupNumber","Box":[0.0,0.0,0.0,0.0]},{"FieldId":"LossRun.Reports.DataExtraction.ClaimDetails.EntityNumber","Box":[0.0,0.0,0.0,0.0]},{"FieldId":"LossRun.Reports.DataExtraction.ClaimDetails.BargainUnit","Box":[0.0,0.0,0.0,0.0]},{"FieldId":"LossRun.Reports.DataExtraction.ClaimDetails.EmployerReimburse","Box":[0.0,0.0,0.0,0.0]},{"FieldId":"LossRun.Reports.DataExtraction.ClaimDetails.Medicare","Box":[0.0,0.0,0.0,0.0]},{"FieldId":"LossRun.Reports.DataExtraction.ClaimDetails.DriverName","Box":[0.0,0.0,0.0,0.0]},{"FieldId":"LossRun.Reports.DataExtraction.ClaimDetails.VehicleUnitdescription","Box":[0.0,0.0,0.0,0.0]},{"FieldId":"LossRun.Reports.DataExtraction.ClaimDetails.Vehicleyear","Box":[0.0,0.0,0.0,0.0]},{"FieldId":"LossRun.Reports.DataExtraction.ClaimDetails.VehicleManufacturer","Box":[0.0,0.0,0.0,0.0]},{"FieldId":"LossRun.Reports.DataExtraction.ClaimDetails.VehicleModel","Box":[0.0,0.0,0.0,0.0]},{"FieldId":"LossRun.Reports.DataExtraction.ClaimDetails.VehicleID","Box":[0.0,0.0,0.0,0.0]},{"FieldId":"LossRun.Reports.DataExtraction.ClaimDetails.VehicleLicensePlate","Box":[0.0,0.0,0.0,0.0]},{"FieldId":"LossRun.Reports.DataExtraction.ClaimDetails.VehicleLicenseState","Box":[0.0,0.0,0.0,0.0]},{"FieldId":"LossRun.Reports.DataExtraction.ClaimDetails.TotaledIndicator","Box":[0.0,0.0,0.0,0.0]},{"FieldId":"LossRun.Reports.DataExtraction.ClaimDetails.AdjusterName","Box":[0.0,0.0,0.0,0.0]},{"FieldId":"LossRun.Reports.DataExtraction.ClaimDetails.AdjusterPhone","Box":[0.0,0.0,0.0,0.0]},{"FieldId":"LossRun.Reports.DataExtraction.ClaimDetails.AdjusterEmail","Box":[0.0,0.0,0.0,0.0]},{"FieldId":"LossRun.Reports.DataExtraction.ClaimDetails.ConcurrentEmp","Box":[0.0,0.0,0.0,0.0]},{"FieldId":"LossRun.Reports.DataExtraction.ClaimDetails.DegreeofDisability","Box":[0.0,0.0,0.0,0.0]},{"FieldId":"LossRun.Reports.DataExtraction.ClaimDetails.AvgWklyWage","Box":[0.0,0.0,0.0,0.0]},{"FieldId":"LossRun.Reports.DataExtraction.ClaimDetails.AttorneyFirm","Box":[0.0,0.0,0.0,0.0]},{"FieldId":"LossRun.Reports.DataExtraction.ClaimDetails.ClaimantSSN","Box":[0.0,0.0,0.0,0.0]},{"FieldId":"LossRun.Reports.DataExtraction.ClaimDetails.CTDPaid","Box":[0.0,0.0,0.0,0.0]},{"FieldId":"LossRun.Reports.DataExtraction.ClaimDetails.ALAEPaid","Box":[0.0,0.0,0.0,0.0]},{"FieldId":"LossRun.Reports.DataExtraction.ClaimDetails.MedOSReserves","Box":[0.0,0.0,0.0,0.0]},{"FieldId":"LossRun.Reports.DataExtraction.ClaimDetails.INDOSReserves","Box":[0.0,0.0,0.0,0.0]}],"Cells":[{"Row":0,"Column":1,"Box":[105.4575,150.362,118.3846,17.0093]},{"Row":0,"Column":3,"Box":[125.8687,12.9271,53.7493,17.6897]},{"Row":0,"Column":4,"Box":[129.9509,74.1605,67.3568,12.2467]},{"Row":0,"Column":6,"Box":[74.1605,385.7705,210.2347,20.4111]},{"Row":0,"Column":7,"Box":[217.0384,13.6074,59.8727,74.1605]},{"Row":0,"Column":8,"Box":[219.7599,148.3209,61.2334,25.1737]},{"Row":0,"Column":11,"Box":[217.7188,445.6432,49.6671,36.0597]},{"Row":0,"Column":12,"Box":[216.3581,488.5066,53.7493,46.9456]},{"Row":0,"Column":13,"Box":[215.6777,538.854,44.2241,42.8634]},{"Row":0,"Column":19,"Box":[216.3581,262.6233,128.5902,53.7493]},{"Row":0,"Column":20,"Box":[217.7188,68.7175,82.3249,55.7904]},{"Row":0,"Column":31,"Box":[273.5092,366.0397,69.3979,16.3289]},{"Row":0,"Column":34,"Box":[274.1896,139.4761,51.7082,18.37]},{"Row":0,"Column":47,"Box":[217.7188,194.5862,74.8408,48.3064]},{"Row":0,"Column":51,"Box":[214.9973,381.6883,65.996,52.3886]},{"Row":0,"Column":87,"Box":[219.7599,578.3156,62.5942,31.2971]},{"Row":0,"Column":88,"Box":[217.7188,638.1882,53.069,20.4111]},{"Row":0,"Column":89,"Box":[273.5092,73.4801,53.069,17.6897]},{"Row":0,"Column":90,"Box":[273.5092,278.2718,63.2745,19.0504]},{"Row":1,"Column":7,"Box":[299.3634,13.6074,59.8727,62.5942]},{"Row":1,"Column":8,"Box":[298.683,148.3209,48.3064,25.1737]},{"Row":1,"Column":11,"Box":[298.683,449.045,40.8223,33.3382]},{"Row":1,"Column":12,"Box":[298.0026,488.5066,47.626,39.4615]},{"Row":1,"Column":13,"Box":[304.126,540.8952,40.8223,40.8223]},{"Row":1,"Column":19,"Box":[302.7652,266.0252,123.8276,51.0278]},{"Row":1,"Column":20,"Box":[302.7652,72.7997,78.2427,48.9867]},{"Row":1,"Column":31,"Box":[354.4734,370.8023,66.6764,18.37]},{"Row":1,"Column":34,"Box":[355.1538,136.0743,58.5119,17.0093]},{"Row":1,"Column":47,"Box":[302.7652,197.3077,72.1194,46.9456]},{"Row":1,"Column":51,"Box":[302.7652,386.4509,62.5942,44.9045]},{"Row":1,"Column":87,"Box":[299.3634,581.7174,56.4708,23.813]},{"Row":1,"Column":88,"Box":[299.3634,637.5079,59.8727,25.8541]},{"Row":1,"Column":89,"Box":[353.7931,73.4801,59.8727,15.6485]},{"Row":1,"Column":90,"Box":[353.7931,281.6737,66.6764,17.0093]},{"Row":2,"Column":7,"Box":[382.3687,19.7308,49.6671,66.6764]},{"Row":2,"Column":8,"Box":[379.6472,149.0013,43.5438,26.5345]},{"Row":2,"Column":11,"Box":[379.6472,445.6432,49.6671,36.0597]},{"Row":2,"Column":12,"Box":[378.9668,492.5888,45.5849,42.8634]},{"Row":2,"Column":13,"Box":[385.0901,538.854,49.6671,42.8634]},{"Row":2,"Column":19,"Box":[379.6472,266.0252,124.5079,49.6671]},{"Row":2,"Column":20,"Box":[381.0079,69.3979,84.366,49.6671]},{"Row":2,"Column":31,"Box":[436.7984,365.3594,65.3156,13.6074]},{"Row":2,"Column":34,"Box":[434.7572,139.4761,58.5119,19.0504]},{"Row":2,"Column":47,"Box":[384.4098,200.7095,97.9735,42.8634]},{"Row":2,"Column":51,"Box":[380.3275,385.7705,65.3156,51.7082]},{"Row":2,"Column":87,"Box":[381.0079,582.3978,57.1512,23.1326]},{"Row":2,"Column":88,"Box":[380.3275,636.8275,58.5119,20.4111]},{"Row":2,"Column":89,"Box":[435.4376,71.439,61.9138,16.3289]},{"Row":2,"Column":90,"Box":[436.118,279.6326,72.1194,15.6485]},{"Row":3,"Column":7,"Box":[463.3328,16.3289,57.1512,63.2745]},{"Row":3,"Column":8,"Box":[460.6113,146.9602,44.2241,26.5345]},{"Row":3,"Column":11,"Box":[459.931,444.2824,49.6671,40.1419]},{"Row":3,"Column":12,"Box":[460.6113,493.9495,43.5438,44.2241]},{"Row":3,"Column":13,"Box":[461.2917,536.8129,49.6671,43.5438]},{"Row":3,"Column":19,"Box":[461.2917,265.3448,129.2705,52.3886]},{"Row":3,"Column":20,"Box":[459.931,69.3979,82.3249,51.7082]},{"Row":3,"Column":31,"Box":[517.7625,366.0397,66.6764,18.37]},{"Row":3,"Column":34,"Box":[516.4018,137.435,57.1512,17.6897]},{"Row":3,"Column":47,"Box":[464.6936,197.3077,70.7586,44.2241]},{"Row":3,"Column":51,"Box":[459.931,385.0901,65.3156,53.7493]},{"Row":3,"Column":87,"Box":[461.9721,583.0782,54.4297,24.4934]},{"Row":3,"Column":88,"Box":[461.9721,639.549,59.1923,22.4523]},{"Row":3,"Column":89,"Box":[515.7214,74.1605,55.7904,17.6897]},{"Row":3,"Column":90,"Box":[515.7214,291.1989,62.5942,17.6897]},{"Row":4,"Column":7,"Box":[542.2559,17.6897,56.4708,68.0371]},{"Row":4,"Column":8,"Box":[541.5755,146.9602,46.2652,27.2149]},{"Row":4,"Column":11,"Box":[541.5755,440.2002,49.6671,36.0597]},{"Row":4,"Column":12,"Box":[540.8952,491.9084,44.2241,36.74]},{"Row":4,"Column":13,"Box":[542.9363,536.1326,51.7082,38.1008]},{"Row":4,"Column":19,"Box":[542.2559,268.0663,123.1472,52.3886]},{"Row":4,"Column":20,"Box":[542.2559,70.0782,78.9231,52.3886]},{"Row":4,"Column":31,"Box":[598.0463,365.3594,62.5942,17.0093]},{"Row":4,"Column":34,"Box":[596.6856,140.8369,51.0278,18.37]},{"Row":4,"Column":47,"Box":[540.8952,196.6273,72.1194,49.6671]},{"Row":4,"Column":51,"Box":[541.5755,383.049,66.6764,55.1101]},{"Row":4,"Column":87,"Box":[542.2559,578.9959,61.2334,25.1737]},{"Row":4,"Column":88,"Box":[542.9363,639.549,62.5942,23.813]},{"Row":4,"Column":89,"Box":[597.366,76.2016,55.7904,16.3289]},{"Row":4,"Column":90,"Box":[596.6856,282.3541,70.7586,19.0504]}]}]}],"AnchorBasedConfiguration":{"AnchorBasedFieldConfiguration":[]}}