{"DocumentTypeId":"LossRun.Reports.DataExtraction","FormId":"73e73b10","FormName":"Amtrust table without headers","OriginalFileExtension":"pdf","Pages":[{"Page":0,"Size":[0.0,0.0,792.0,612.0],"SkewAngle":0.0,"Evidence":[{"Text":"Loss","Box":[71.7072,24.0,17.116,12.1792]},{"Text":"History","Box":[71.7072,43.316,28.3536,12.1792]},{"Text":"For:","Box":[71.7072,73.8696,16.6144,12.1792]},{"Text":"As","Box":[83.7072,24.0,9.7768,12.1792]},{"Text":"Of","Box":[83.7072,35.9768,9.7768,12.1792]},{"Text":"Date:","Box":[83.7072,47.9536,20.5216,12.1792]},{"Text":"Insured","Box":[71.7072,216.0,29.3392,12.1792]},{"Text":"Name:","Box":[71.7072,247.5392,24.9216,12.1792]},{"Text":"Agency","Box":[83.7072,216.0,27.8608,12.1792]},{"Text":"Name:","Box":[83.7072,246.0608,24.9216,12.1792]}],"Fields":[],"Tables":[{"FieldId":"LossRun.Reports.DataExtraction.ClaimDetails","Headers":[{"FieldId":"LossRun.Reports.DataExtraction.ClaimDetails.Carrier","Box":[0.0,0.0,0.0,0.0]},{"FieldId":"LossRun.Reports.DataExtraction.ClaimDetails.PolicyNumber","Box":[0.0,0.0,0.0,0.0]},{"FieldId":"LossRun.Reports.DataExtraction.ClaimDetails.PolicyYear","Box":[0.0,0.0,0.0,0.0]},{"FieldId":"LossRun.Reports.DataExtraction.ClaimDetails.PolicyEffectiveDate","Box":[0.0,0.0,0.0,0.0]},{"FieldId":"LossRun.Reports.DataExtraction.ClaimDetails.PolicyExpirationDate","Box":[0.0,0.0,0.0,0.0]},{"FieldId":"LossRun.Reports.DataExtraction.ClaimDetails.CoverageType","Box":[0.0,0.0,0.0,0.0]},{"FieldId":"LossRun.Reports.DataExtraction.ClaimDetails.Customer","Box":[0.0,0.0,0.0,0.0]},{"FieldId":"LossRun.Reports.DataExtraction.ClaimDetails.ClaimNumber","Box":[0.0,0.0,0.0,0.0]},{"FieldId":"LossRun.Reports.DataExtraction.ClaimDetails.DateofLoss","Box":[0.0,0.0,0.0,0.0]},{"FieldId":"LossRun.Reports.DataExtraction.ClaimDetails.DateReportedtoEmployer","Box":[0.0,0.0,0.0,0.0]},{"FieldId":"LossRun.Reports.DataExtraction.ClaimDetails.DateReportedtoCarrier","Box":[0.0,0.0,0.0,0.0]},{"FieldId":"LossRun.Reports.DataExtraction.ClaimDetails.Status","Box":[0.0,0.0,0.0,0.0]},{"FieldId":"LossRun.Reports.DataExtraction.ClaimDetails.OpenedDate","Box":[0.0,0.0,0.0,0.0]},{"FieldId":"LossRun.Reports.DataExtraction.ClaimDetails.CloseDate","Box":[0.0,0.0,0.0,0.0]},{"FieldId":"LossRun.Reports.DataExtraction.ClaimDetails.ReopenedDate","Box":[0.0,0.0,0.0,0.0]},{"FieldId":"LossRun.Reports.DataExtraction.ClaimDetails.ClaimType","Box":[0.0,0.0,0.0,0.0]},{"FieldId":"LossRun.Reports.DataExtraction.ClaimDetails.ClaimantFirstName","Box":[0.0,0.0,0.0,0.0]},{"FieldId":"LossRun.Reports.DataExtraction.ClaimDetails.ClaimantLastname","Box":[0.0,0.0,0.0,0.0]},{"FieldId":"LossRun.Reports.DataExtraction.ClaimDetails.EntityName(IfnotaPerson)","Box":[0.0,0.0,0.0,0.0]},{"FieldId":"LossRun.Reports.DataExtraction.ClaimDetails.AccidentDescription","Box":[0.0,0.0,0.0,0.0]},{"FieldId":"LossRun.Reports.DataExtraction.ClaimDetails.AccidentLocation(Description)","Box":[0.0,0.0,0.0,0.0]},{"FieldId":"LossRun.Reports.DataExtraction.ClaimDetails.AccidentLocation(Number)","Box":[0.0,0.0,0.0,0.0]},{"FieldId":"LossRun.Reports.DataExtraction.ClaimDetails.AccidentLocation(NumberCode)","Box":[0.0,0.0,0.0,0.0]},{"FieldId":"LossRun.Reports.DataExtraction.ClaimDetails.AccidentSite","Box":[0.0,0.0,0.0,0.0]},{"FieldId":"LossRun.Reports.DataExtraction.ClaimDetails.AccidentSiteCity","Box":[0.0,0.0,0.0,0.0]},{"FieldId":"LossRun.Reports.DataExtraction.ClaimDetails.AccidentState","Box":[0.0,0.0,0.0,0.0]},{"FieldId":"LossRun.Reports.DataExtraction.ClaimDetails.ValueDate","Box":[0.0,0.0,0.0,0.0]},{"FieldId":"LossRun.Reports.DataExtraction.ClaimDetails.PaidTotal","Box":[0.0,0.0,0.0,0.0]},{"FieldId":"LossRun.Reports.DataExtraction.ClaimDetails.OutstandingTotal","Box":[0.0,0.0,0.0,0.0]},{"FieldId":"LossRun.Reports.DataExtraction.ClaimDetails.IncurredTotal","Box":[0.0,0.0,0.0,0.0]},{"FieldId":"LossRun.Reports.DataExtraction.ClaimDetails.Recoveries","Box":[0.0,0.0,0.0,0.0]},{"FieldId":"LossRun.Reports.DataExtraction.ClaimDetails.PaidIndPDColl","Box":[0.0,0.0,0.0,0.0]},{"FieldId":"LossRun.Reports.DataExtraction.ClaimDetails.OutstandingINdPDColl","Box":[0.0,0.0,0.0,0.0]},{"FieldId":"LossRun.Reports.DataExtraction.ClaimDetails.RecoveredindPDColl","Box":[0.0,0.0,0.0,0.0]},{"FieldId":"LossRun.Reports.DataExtraction.ClaimDetails.PaidMedBIComp","Box":[0.0,0.0,0.0,0.0]},{"FieldId":"LossRun.Reports.DataExtraction.ClaimDetails.OutstandingMedBIComp","Box":[0.0,0.0,0.0,0.0]},{"FieldId":"LossRun.Reports.DataExtraction.ClaimDetails.RecoveredMedBIComp","Box":[0.0,0.0,0.0,0.0]},{"FieldId":"LossRun.Reports.DataExtraction.ClaimDetails.PaidExpense","Box":[0.0,0.0,0.0,0.0]},{"FieldId":"LossRun.Reports.DataExtraction.ClaimDetails.OutstandingExpense","Box":[0.0,0.0,0.0,0.0]},{"FieldId":"LossRun.Reports.DataExtraction.ClaimDetails.RecoveredExpense","Box":[0.0,0.0,0.0,0.0]},{"FieldId":"LossRun.Reports.DataExtraction.ClaimDetails.PaidSalvage","Box":[0.0,0.0,0.0,0.0]},{"FieldId":"LossRun.Reports.DataExtraction.ClaimDetails.OutstandingSalvage","Box":[0.0,0.0,0.0,0.0]},{"FieldId":"LossRun.Reports.DataExtraction.ClaimDetails.RecoveredSalvage","Box":[0.0,0.0,0.0,0.0]},{"FieldId":"LossRun.Reports.DataExtraction.ClaimDetails.PaidSubro","Box":[0.0,0.0,0.0,0.0]},{"FieldId":"LossRun.Reports.DataExtraction.ClaimDetails.OutstandingSubro","Box":[0.0,0.0,0.0,0.0]},{"FieldId":"LossRun.Reports.DataExtraction.ClaimDetails.RecoveredSubro","Box":[0.0,0.0,0.0,0.0]},{"FieldId":"LossRun.Reports.DataExtraction.ClaimDetails.LossType","Box":[0.0,0.0,0.0,0.0]},{"FieldId":"LossRun.Reports.DataExtraction.ClaimDetails.CauseOFInjury","Box":[0.0,0.0,0.0,0.0]},{"FieldId":"LossRun.Reports.DataExtraction.ClaimDetails.DetailedCauseofInjury","Box":[0.0,0.0,0.0,0.0]},{"FieldId":"LossRun.Reports.DataExtraction.ClaimDetails.NatureOfInjury","Box":[0.0,0.0,0.0,0.0]},{"FieldId":"LossRun.Reports.DataExtraction.ClaimDetails.DetailedNatureOfInjury","Box":[0.0,0.0,0.0,0.0]},{"FieldId":"LossRun.Reports.DataExtraction.ClaimDetails.BodyPartInjured","Box":[0.0,0.0,0.0,0.0]},{"FieldId":"LossRun.Reports.DataExtraction.ClaimDetails.DetailedBodyPartInjured","Box":[0.0,0.0,0.0,0.0]},{"FieldId":"LossRun.Reports.DataExtraction.ClaimDetails.ContributingFactor","Box":[0.0,0.0,0.0,0.0]},{"FieldId":"LossRun.Reports.DataExtraction.ClaimDetails.LitigationIndication","Box":[0.0,0.0,0.0,0.0]},{"FieldId":"LossRun.Reports.DataExtraction.ClaimDetails.Subrogation","Box":[0.0,0.0,0.0,0.0]},{"FieldId":"LossRun.Reports.DataExtraction.ClaimDetails.Occupation","Box":[0.0,0.0,0.0,0.0]},{"FieldId":"LossRun.Reports.DataExtraction.ClaimDetails.WorkLocation","Box":[0.0,0.0,0.0,0.0]},{"FieldId":"LossRun.Reports.DataExtraction.ClaimDetails.NCCICode","Box":[0.0,0.0,0.0,0.0]},{"FieldId":"LossRun.Reports.DataExtraction.ClaimDetails.DateOfBirth","Box":[0.0,0.0,0.0,0.0]},{"FieldId":"LossRun.Reports.DataExtraction.ClaimDetails.RTW","Box":[0.0,0.0,0.0,0.0]},{"FieldId":"LossRun.Reports.DataExtraction.ClaimDetails.RTWDATE","Box":[0.0,0.0,0.0,0.0]},{"FieldId":"LossRun.Reports.DataExtraction.ClaimDetails.Death","Box":[0.0,0.0,0.0,0.0]},{"FieldId":"LossRun.Reports.DataExtraction.ClaimDetails.Section32","Box":[0.0,0.0,0.0,0.0]},{"FieldId":"LossRun.Reports.DataExtraction.ClaimDetails.SLU","Box":[0.0,0.0,0.0,0.0]},{"FieldId":"LossRun.Reports.DataExtraction.ClaimDetails.GroupNumber","Box":[0.0,0.0,0.0,0.0]},{"FieldId":"LossRun.Reports.DataExtraction.ClaimDetails.EntityNumber","Box":[0.0,0.0,0.0,0.0]},{"FieldId":"LossRun.Reports.DataExtraction.ClaimDetails.BargainUnit","Box":[0.0,0.0,0.0,0.0]},{"FieldId":"LossRun.Reports.DataExtraction.ClaimDetails.EmployerReimburse","Box":[0.0,0.0,0.0,0.0]},{"FieldId":"LossRun.Reports.DataExtraction.ClaimDetails.Medicare","Box":[0.0,0.0,0.0,0.0]},{"FieldId":"LossRun.Reports.DataExtraction.ClaimDetails.DriverName","Box":[0.0,0.0,0.0,0.0]},{"FieldId":"LossRun.Reports.DataExtraction.ClaimDetails.VehicleUnitdescription","Box":[0.0,0.0,0.0,0.0]},{"FieldId":"LossRun.Reports.DataExtraction.ClaimDetails.Vehicleyear","Box":[0.0,0.0,0.0,0.0]},{"FieldId":"LossRun.Reports.DataExtraction.ClaimDetails.VehicleManufacturer","Box":[0.0,0.0,0.0,0.0]},{"FieldId":"LossRun.Reports.DataExtraction.ClaimDetails.VehicleModel","Box":[0.0,0.0,0.0,0.0]},{"FieldId":"LossRun.Reports.DataExtraction.ClaimDetails.VehicleID","Box":[0.0,0.0,0.0,0.0]},{"FieldId":"LossRun.Reports.DataExtraction.ClaimDetails.VehicleLicensePlate","Box":[0.0,0.0,0.0,0.0]},{"FieldId":"LossRun.Reports.DataExtraction.ClaimDetails.VehicleLicenseState","Box":[0.0,0.0,0.0,0.0]},{"FieldId":"LossRun.Reports.DataExtraction.ClaimDetails.TotaledIndicator","Box":[0.0,0.0,0.0,0.0]},{"FieldId":"LossRun.Reports.DataExtraction.ClaimDetails.AdjusterName","Box":[0.0,0.0,0.0,0.0]},{"FieldId":"LossRun.Reports.DataExtraction.ClaimDetails.AdjusterPhone","Box":[0.0,0.0,0.0,0.0]},{"FieldId":"LossRun.Reports.DataExtraction.ClaimDetails.AdjusterEmail","Box":[0.0,0.0,0.0,0.0]},{"FieldId":"LossRun.Reports.DataExtraction.ClaimDetails.ConcurrentEmp","Box":[0.0,0.0,0.0,0.0]},{"FieldId":"LossRun.Reports.DataExtraction.ClaimDetails.DegreeofDisability","Box":[0.0,0.0,0.0,0.0]},{"FieldId":"LossRun.Reports.DataExtraction.ClaimDetails.AvgWklyWage","Box":[0.0,0.0,0.0,0.0]},{"FieldId":"LossRun.Reports.DataExtraction.ClaimDetails.AttorneyFirm","Box":[0.0,0.0,0.0,0.0]},{"FieldId":"LossRun.Reports.DataExtraction.ClaimDetails.ClaimantSSN","Box":[0.0,0.0,0.0,0.0]},{"FieldId":"LossRun.Reports.DataExtraction.ClaimDetails.LAG","Box":[0.0,0.0,0.0,0.0]},{"FieldId":"LossRun.Reports.DataExtraction.ClaimDetails.GaragingLoc","Box":[0.0,0.0,0.0,0.0]},{"FieldId":"LossRun.Reports.DataExtraction.ClaimDetails.LOB","Box":[0.0,0.0,0.0,0.0]},{"FieldId":"LossRun.Reports.DataExtraction.ClaimDetails.ReservesLoss","Box":[0.0,0.0,0.0,0.0]},{"FieldId":"LossRun.Reports.DataExtraction.ClaimDetails.ReservesALAE","Box":[0.0,0.0,0.0,0.0]},{"FieldId":"LossRun.Reports.DataExtraction.ClaimDetails.PaymentsLoss","Box":[0.0,0.0,0.0,0.0]},{"FieldId":"LossRun.Reports.DataExtraction.ClaimDetails.PaymentsALAE","Box":[0.0,0.0,0.0,0.0]},{"FieldId":"LossRun.Reports.DataExtraction.ClaimDetails.RecoveriesLoss","Box":[0.0,0.0,0.0,0.0]},{"FieldId":"LossRun.Reports.DataExtraction.ClaimDetails.RecoveriesALAE","Box":[0.0,0.0,0.0,0.0]},{"FieldId":"LossRun.Reports.DataExtraction.ClaimDetails.IncurredLoss","Box":[0.0,0.0,0.0,0.0]},{"FieldId":"LossRun.Reports.DataExtraction.ClaimDetails.IncurredALAE","Box":[0.0,0.0,0.0,0.0]},{"FieldId":"LossRun.Reports.DataExtraction.ClaimDetails.UnitLocation","Box":[0.0,0.0,0.0,0.0]},{"FieldId":"LossRun.Reports.DataExtraction.ClaimDetails.DateCanc","Box":[0.0,0.0,0.0,0.0]},{"FieldId":"LossRun.Reports.DataExtraction.ClaimDetails.PaidLoss","Box":[0.0,0.0,0.0,0.0]},{"FieldId":"LossRun.Reports.DataExtraction.ClaimDetails.PaidALAE","Box":[0.0,0.0,0.0,0.0]},{"FieldId":"LossRun.Reports.DataExtraction.ClaimDetails.PaidULAE","Box":[0.0,0.0,0.0,0.0]},{"FieldId":"LossRun.Reports.DataExtraction.ClaimDetails.ReservedLoss","Box":[0.0,0.0,0.0,0.0]},{"FieldId":"LossRun.Reports.DataExtraction.ClaimDetails.ReservedALAE","Box":[0.0,0.0,0.0,0.0]},{"FieldId":"LossRun.Reports.DataExtraction.ClaimDetails.ReservedULAE","Box":[0.0,0.0,0.0,0.0]},{"FieldId":"LossRun.Reports.DataExtraction.ClaimDetails.RecoveredLoss","Box":[0.0,0.0,0.0,0.0]},{"FieldId":"LossRun.Reports.DataExtraction.ClaimDetails.RecoveredALAE","Box":[0.0,0.0,0.0,0.0]},{"FieldId":"LossRun.Reports.DataExtraction.ClaimDetails.RecoveredULAE","Box":[0.0,0.0,0.0,0.0]},{"FieldId":"LossRun.Reports.DataExtraction.ClaimDetails.IncurredULAE","Box":[0.0,0.0,0.0,0.0]},{"FieldId":"LossRun.Reports.DataExtraction.ClaimDetails.Adj","Box":[0.0,0.0,0.0,0.0]},{"FieldId":"LossRun.Reports.DataExtraction.ClaimDetails.AgencyID","Box":[0.0,0.0,0.0,0.0]},{"FieldId":"LossRun.Reports.DataExtraction.ClaimDetails.AgencyName","Box":[0.0,0.0,0.0,0.0]},{"FieldId":"LossRun.Reports.DataExtraction.ClaimDetails.Subline","Box":[0.0,0.0,0.0,0.0]},{"FieldId":"LossRun.Reports.DataExtraction.ClaimDetails.ReserveAmt","Box":[0.0,0.0,0.0,0.0]},{"FieldId":"LossRun.Reports.DataExtraction.ClaimDetails.ExpensePymts","Box":[0.0,0.0,0.0,0.0]},{"FieldId":"LossRun.Reports.DataExtraction.ClaimDetails.RecoveryAmt","Box":[0.0,0.0,0.0,0.0]}],"Cells":[{"Row":0,"Column":7,"Box":[98.4742,61.59,49.2371,21.9515]},{"Row":0,"Column":8,"Box":[98.4742,217.1167,42.9848,21.9515]},{"Row":0,"Column":11,"Box":[98.4742,185.0735,32.0432,21.9515]},{"Row":0,"Column":15,"Box":[98.4742,110.8271,74.2464,21.9515]},{"Row":0,"Column":19,"Box":[98.4742,260.1015,208.6715,21.9515]},{"Row":0,"Column":100,"Box":[98.4742,520.3548,61.7418,21.9515]},{"Row":0,"Column":113,"Box":[98.4742,14.0677,47.5223,21.9515]},{"Row":0,"Column":114,"Box":[98.4742,468.7731,51.5817,21.9515]},{"Row":0,"Column":115,"Box":[98.4742,582.0966,64.8679,21.9515]},{"Row":0,"Column":116,"Box":[98.4742,646.9645,59.0064,21.9515]},{"Row":1,"Column":7,"Box":[120.4257,61.59,49.2371,14.9682]},{"Row":1,"Column":8,"Box":[120.4257,217.1167,42.9848,14.9682]},{"Row":1,"Column":11,"Box":[120.4257,185.0735,32.0432,14.9682]},{"Row":1,"Column":15,"Box":[120.4257,110.8271,74.2464,14.9682]},{"Row":1,"Column":19,"Box":[120.4257,260.1015,208.6715,14.9682]},{"Row":1,"Column":100,"Box":[120.4257,520.3548,61.7418,14.9682]},{"Row":1,"Column":113,"Box":[120.4257,14.0677,47.5223,14.9682]},{"Row":1,"Column":114,"Box":[120.4257,468.7731,51.5817,14.9682]},{"Row":1,"Column":115,"Box":[120.4257,582.0966,64.8679,14.9682]},{"Row":1,"Column":116,"Box":[120.4257,646.9645,59.0064,14.9682]},{"Row":2,"Column":7,"Box":[135.3939,61.59,49.2371,10.8859]},{"Row":2,"Column":8,"Box":[135.3939,217.1167,42.9848,10.8859]},{"Row":2,"Column":11,"Box":[135.3939,185.0735,32.0432,10.8859]},{"Row":2,"Column":15,"Box":[135.3939,110.8271,74.2464,10.8859]},{"Row":2,"Column":19,"Box":[135.3939,260.1015,208.6715,10.8859]},{"Row":2,"Column":100,"Box":[135.3939,520.3548,61.7418,10.8859]},{"Row":2,"Column":113,"Box":[135.3939,14.0677,47.5223,10.8859]},{"Row":2,"Column":114,"Box":[135.3939,468.7731,51.5817,10.8859]},{"Row":2,"Column":115,"Box":[135.3939,582.0966,64.8679,10.8859]},{"Row":2,"Column":116,"Box":[135.3939,646.9645,59.0064,10.8859]},{"Row":3,"Column":7,"Box":[146.2798,61.59,49.2371,10.2056]},{"Row":3,"Column":8,"Box":[146.2798,217.1167,42.9848,10.2056]},{"Row":3,"Column":11,"Box":[146.2798,185.0735,32.0432,10.2056]},{"Row":3,"Column":15,"Box":[146.2798,110.8271,74.2464,10.2056]},{"Row":3,"Column":19,"Box":[146.2798,260.1015,208.6715,10.2056]},{"Row":3,"Column":100,"Box":[146.2798,520.3548,61.7418,10.2056]},{"Row":3,"Column":113,"Box":[146.2798,14.0677,47.5223,10.2056]},{"Row":3,"Column":114,"Box":[146.2798,468.7731,51.5817,10.2056]},{"Row":3,"Column":115,"Box":[146.2798,582.0966,64.8679,10.2056]},{"Row":3,"Column":116,"Box":[146.2798,646.9645,59.0064,10.2056]},{"Row":4,"Column":7,"Box":[156.4854,61.59,49.2371,10.8859]},{"Row":4,"Column":8,"Box":[156.4854,217.1167,42.9848,10.8859]},{"Row":4,"Column":11,"Box":[156.4854,185.0735,32.0432,10.8859]},{"Row":4,"Column":15,"Box":[156.4854,110.8271,74.2464,10.8859]},{"Row":4,"Column":19,"Box":[156.4854,260.1015,208.6715,10.8859]},{"Row":4,"Column":100,"Box":[156.4854,520.3548,61.7418,10.8859]},{"Row":4,"Column":113,"Box":[156.4854,14.0677,47.5223,10.8859]},{"Row":4,"Column":114,"Box":[156.4854,468.7731,51.5817,10.8859]},{"Row":4,"Column":115,"Box":[156.4854,582.0966,64.8679,10.8859]},{"Row":4,"Column":116,"Box":[156.4854,646.9645,59.0064,10.8859]},{"Row":5,"Column":7,"Box":[167.3713,61.59,49.2371,11.5663]},{"Row":5,"Column":8,"Box":[167.3713,217.1167,42.9848,11.5663]},{"Row":5,"Column":11,"Box":[167.3713,185.0735,32.0432,11.5663]},{"Row":5,"Column":15,"Box":[167.3713,110.8271,74.2464,11.5663]},{"Row":5,"Column":19,"Box":[167.3713,260.1015,208.6715,11.5663]},{"Row":5,"Column":100,"Box":[167.3713,520.3548,61.7418,11.5663]},{"Row":5,"Column":113,"Box":[167.3713,14.0677,47.5223,11.5663]},{"Row":5,"Column":114,"Box":[167.3713,468.7731,51.5817,11.5663]},{"Row":5,"Column":115,"Box":[167.3713,582.0966,64.8679,11.5663]},{"Row":5,"Column":116,"Box":[167.3713,646.9645,59.0064,11.5663]},{"Row":6,"Column":7,"Box":[178.9376,61.59,49.2371,9.5252]},{"Row":6,"Column":8,"Box":[178.9376,217.1167,42.9848,9.5252]},{"Row":6,"Column":11,"Box":[178.9376,185.0735,32.0432,9.5252]},{"Row":6,"Column":15,"Box":[178.9376,110.8271,74.2464,9.5252]},{"Row":6,"Column":19,"Box":[178.9376,260.1015,208.6715,9.5252]},{"Row":6,"Column":100,"Box":[178.9376,520.3548,61.7418,9.5252]},{"Row":6,"Column":113,"Box":[178.9376,14.0677,47.5223,9.5252]},{"Row":6,"Column":114,"Box":[178.9376,468.7731,51.5817,9.5252]},{"Row":6,"Column":115,"Box":[178.9376,582.0966,64.8679,9.5252]},{"Row":6,"Column":116,"Box":[178.9376,646.9645,59.0064,9.5252]},{"Row":7,"Column":7,"Box":[188.4628,61.59,49.2371,10.8859]},{"Row":7,"Column":8,"Box":[188.4628,217.1167,42.9848,10.8859]},{"Row":7,"Column":11,"Box":[188.4628,185.0735,32.0432,10.8859]},{"Row":7,"Column":15,"Box":[188.4628,110.8271,74.2464,10.8859]},{"Row":7,"Column":19,"Box":[188.4628,260.1015,208.6715,10.8859]},{"Row":7,"Column":100,"Box":[188.4628,520.3548,61.7418,10.8859]},{"Row":7,"Column":113,"Box":[188.4628,14.0677,47.5223,10.8859]},{"Row":7,"Column":114,"Box":[188.4628,468.7731,51.5817,10.8859]},{"Row":7,"Column":115,"Box":[188.4628,582.0966,64.8679,10.8859]},{"Row":7,"Column":116,"Box":[188.4628,646.9645,59.0064,10.8859]},{"Row":8,"Column":7,"Box":[199.3488,61.59,49.2371,10.2056]},{"Row":8,"Column":8,"Box":[199.3488,217.1167,42.9848,10.2056]},{"Row":8,"Column":11,"Box":[199.3488,185.0735,32.0432,10.2056]},{"Row":8,"Column":15,"Box":[199.3488,110.8271,74.2464,10.2056]},{"Row":8,"Column":19,"Box":[199.3488,260.1015,208.6715,10.2056]},{"Row":8,"Column":100,"Box":[199.3488,520.3548,61.7418,10.2056]},{"Row":8,"Column":113,"Box":[199.3488,14.0677,47.5223,10.2056]},{"Row":8,"Column":114,"Box":[199.3488,468.7731,51.5817,10.2056]},{"Row":8,"Column":115,"Box":[199.3488,582.0966,64.8679,10.2056]},{"Row":8,"Column":116,"Box":[199.3488,646.9645,59.0064,10.2056]},{"Row":9,"Column":7,"Box":[209.5544,61.59,49.2371,10.8859]},{"Row":9,"Column":8,"Box":[209.5544,217.1167,42.9848,10.8859]},{"Row":9,"Column":11,"Box":[209.5544,185.0735,32.0432,10.8859]},{"Row":9,"Column":15,"Box":[209.5544,110.8271,74.2464,10.8859]},{"Row":9,"Column":19,"Box":[209.5544,260.1015,208.6715,10.8859]},{"Row":9,"Column":100,"Box":[209.5544,520.3548,61.7418,10.8859]},{"Row":9,"Column":113,"Box":[209.5544,14.0677,47.5223,10.8859]},{"Row":9,"Column":114,"Box":[209.5544,468.7731,51.5817,10.8859]},{"Row":9,"Column":115,"Box":[209.5544,582.0966,64.8679,10.8859]},{"Row":9,"Column":116,"Box":[209.5544,646.9645,59.0064,10.8859]},{"Row":10,"Column":7,"Box":[220.4403,61.59,49.2371,10.2056]},{"Row":10,"Column":8,"Box":[220.4403,217.1167,42.9848,10.2056]},{"Row":10,"Column":11,"Box":[220.4403,185.0735,32.0432,10.2056]},{"Row":10,"Column":15,"Box":[220.4403,110.8271,74.2464,10.2056]},{"Row":10,"Column":19,"Box":[220.4403,260.1015,208.6715,10.2056]},{"Row":10,"Column":100,"Box":[220.4403,520.3548,61.7418,10.2056]},{"Row":10,"Column":113,"Box":[220.4403,14.0677,47.5223,10.2056]},{"Row":10,"Column":114,"Box":[220.4403,468.7731,51.5817,10.2056]},{"Row":10,"Column":115,"Box":[220.4403,582.0966,64.8679,10.2056]},{"Row":10,"Column":116,"Box":[220.4403,646.9645,59.0064,10.2056]},{"Row":11,"Column":7,"Box":[230.6459,61.59,49.2371,13.6074]},{"Row":11,"Column":8,"Box":[230.6459,217.1167,42.9848,13.6074]},{"Row":11,"Column":11,"Box":[230.6459,185.0735,32.0432,13.6074]},{"Row":11,"Column":15,"Box":[230.6459,110.8271,74.2464,13.6074]},{"Row":11,"Column":19,"Box":[230.6459,260.1015,208.6715,13.6074]},{"Row":11,"Column":100,"Box":[230.6459,520.3548,61.7418,13.6074]},{"Row":11,"Column":113,"Box":[230.6459,14.0677,47.5223,13.6074]},{"Row":11,"Column":114,"Box":[230.6459,468.7731,51.5817,13.6074]},{"Row":11,"Column":115,"Box":[230.6459,582.0966,64.8679,13.6074]},{"Row":11,"Column":116,"Box":[230.6459,646.9645,59.0064,13.6074]},{"Row":12,"Column":7,"Box":[244.2533,61.59,49.2371,10.2056]},{"Row":12,"Column":8,"Box":[244.2533,217.1167,42.9848,10.2056]},{"Row":12,"Column":11,"Box":[244.2533,185.0735,32.0432,10.2056]},{"Row":12,"Column":15,"Box":[244.2533,110.8271,74.2464,10.2056]},{"Row":12,"Column":19,"Box":[244.2533,260.1015,208.6715,10.2056]},{"Row":12,"Column":100,"Box":[244.2533,520.3548,61.7418,10.2056]},{"Row":12,"Column":113,"Box":[244.2533,14.0677,47.5223,10.2056]},{"Row":12,"Column":114,"Box":[244.2533,468.7731,51.5817,10.2056]},{"Row":12,"Column":115,"Box":[244.2533,582.0966,64.8679,10.2056]},{"Row":12,"Column":116,"Box":[244.2533,646.9645,59.0064,10.2056]},{"Row":13,"Column":7,"Box":[254.4589,61.59,49.2371,10.8859]},{"Row":13,"Column":8,"Box":[254.4589,217.1167,42.9848,10.8859]},{"Row":13,"Column":11,"Box":[254.4589,185.0735,32.0432,10.8859]},{"Row":13,"Column":15,"Box":[254.4589,110.8271,74.2464,10.8859]},{"Row":13,"Column":19,"Box":[254.4589,260.1015,208.6715,10.8859]},{"Row":13,"Column":100,"Box":[254.4589,520.3548,61.7418,10.8859]},{"Row":13,"Column":113,"Box":[254.4589,14.0677,47.5223,10.8859]},{"Row":13,"Column":114,"Box":[254.4589,468.7731,51.5817,10.8859]},{"Row":13,"Column":115,"Box":[254.4589,582.0966,64.8679,10.8859]},{"Row":13,"Column":116,"Box":[254.4589,646.9645,59.0064,10.8859]},{"Row":14,"Column":7,"Box":[265.3448,61.59,49.2371,10.8859]},{"Row":14,"Column":8,"Box":[265.3448,217.1167,42.9848,10.8859]},{"Row":14,"Column":11,"Box":[265.3448,185.0735,32.0432,10.8859]},{"Row":14,"Column":15,"Box":[265.3448,110.8271,74.2464,10.8859]},{"Row":14,"Column":19,"Box":[265.3448,260.1015,208.6715,10.8859]},{"Row":14,"Column":100,"Box":[265.3448,520.3548,61.7418,10.8859]},{"Row":14,"Column":113,"Box":[265.3448,14.0677,47.5223,10.8859]},{"Row":14,"Column":114,"Box":[265.3448,468.7731,51.5817,10.8859]},{"Row":14,"Column":115,"Box":[265.3448,582.0966,64.8679,10.8859]},{"Row":14,"Column":116,"Box":[265.3448,646.9645,59.0064,10.8859]},{"Row":15,"Column":7,"Box":[276.2307,61.59,49.2371,10.2056]},{"Row":15,"Column":8,"Box":[276.2307,217.1167,42.9848,10.2056]},{"Row":15,"Column":11,"Box":[276.2307,185.0735,32.0432,10.2056]},{"Row":15,"Column":15,"Box":[276.2307,110.8271,74.2464,10.2056]},{"Row":15,"Column":19,"Box":[276.2307,260.1015,208.6715,10.2056]},{"Row":15,"Column":100,"Box":[276.2307,520.3548,61.7418,10.2056]},{"Row":15,"Column":113,"Box":[276.2307,14.0677,47.5223,10.2056]},{"Row":15,"Column":114,"Box":[276.2307,468.7731,51.5817,10.2056]},{"Row":15,"Column":115,"Box":[276.2307,582.0966,64.8679,10.2056]},{"Row":15,"Column":116,"Box":[276.2307,646.9645,59.0064,10.2056]},{"Row":16,"Column":7,"Box":[286.4363,61.59,49.2371,9.5252]},{"Row":16,"Column":8,"Box":[286.4363,217.1167,42.9848,9.5252]},{"Row":16,"Column":11,"Box":[286.4363,185.0735,32.0432,9.5252]},{"Row":16,"Column":15,"Box":[286.4363,110.8271,74.2464,9.5252]},{"Row":16,"Column":19,"Box":[286.4363,260.1015,208.6715,9.5252]},{"Row":16,"Column":100,"Box":[286.4363,520.3548,61.7418,9.5252]},{"Row":16,"Column":113,"Box":[286.4363,14.0677,47.5223,9.5252]},{"Row":16,"Column":114,"Box":[286.4363,468.7731,51.5817,9.5252]},{"Row":16,"Column":115,"Box":[286.4363,582.0966,64.8679,9.5252]},{"Row":16,"Column":116,"Box":[286.4363,646.9645,59.0064,9.5252]},{"Row":17,"Column":7,"Box":[295.9615,61.59,49.2371,11.5663]},{"Row":17,"Column":8,"Box":[295.9615,217.1167,42.9848,11.5663]},{"Row":17,"Column":11,"Box":[295.9615,185.0735,32.0432,11.5663]},{"Row":17,"Column":15,"Box":[295.9615,110.8271,74.2464,11.5663]},{"Row":17,"Column":19,"Box":[295.9615,260.1015,208.6715,11.5663]},{"Row":17,"Column":100,"Box":[295.9615,520.3548,61.7418,11.5663]},{"Row":17,"Column":113,"Box":[295.9615,14.0677,47.5223,11.5663]},{"Row":17,"Column":114,"Box":[295.9615,468.7731,51.5817,11.5663]},{"Row":17,"Column":115,"Box":[295.9615,582.0966,64.8679,11.5663]},{"Row":17,"Column":116,"Box":[295.9615,646.9645,59.0064,11.5663]},{"Row":18,"Column":7,"Box":[307.5278,61.59,49.2371,9.5252]},{"Row":18,"Column":8,"Box":[307.5278,217.1167,42.9848,9.5252]},{"Row":18,"Column":11,"Box":[307.5278,185.0735,32.0432,9.5252]},{"Row":18,"Column":15,"Box":[307.5278,110.8271,74.2464,9.5252]},{"Row":18,"Column":19,"Box":[307.5278,260.1015,208.6715,9.5252]},{"Row":18,"Column":100,"Box":[307.5278,520.3548,61.7418,9.5252]},{"Row":18,"Column":113,"Box":[307.5278,14.0677,47.5223,9.5252]},{"Row":18,"Column":114,"Box":[307.5278,468.7731,51.5817,9.5252]},{"Row":18,"Column":115,"Box":[307.5278,582.0966,64.8679,9.5252]},{"Row":18,"Column":116,"Box":[307.5278,646.9645,59.0064,9.5252]},{"Row":19,"Column":7,"Box":[317.053,61.59,49.2371,10.2056]},{"Row":19,"Column":8,"Box":[317.053,217.1167,42.9848,10.2056]},{"Row":19,"Column":11,"Box":[317.053,185.0735,32.0432,10.2056]},{"Row":19,"Column":15,"Box":[317.053,110.8271,74.2464,10.2056]},{"Row":19,"Column":19,"Box":[317.053,260.1015,208.6715,10.2056]},{"Row":19,"Column":100,"Box":[317.053,520.3548,61.7418,10.2056]},{"Row":19,"Column":113,"Box":[317.053,14.0677,47.5223,10.2056]},{"Row":19,"Column":114,"Box":[317.053,468.7731,51.5817,10.2056]},{"Row":19,"Column":115,"Box":[317.053,582.0966,64.8679,10.2056]},{"Row":19,"Column":116,"Box":[317.053,646.9645,59.0064,10.2056]},{"Row":20,"Column":7,"Box":[327.2586,61.59,49.2371,10.8859]},{"Row":20,"Column":8,"Box":[327.2586,217.1167,42.9848,10.8859]},{"Row":20,"Column":11,"Box":[327.2586,185.0735,32.0432,10.8859]},{"Row":20,"Column":15,"Box":[327.2586,110.8271,74.2464,10.8859]},{"Row":20,"Column":19,"Box":[327.2586,260.1015,208.6715,10.8859]},{"Row":20,"Column":100,"Box":[327.2586,520.3548,61.7418,10.8859]},{"Row":20,"Column":113,"Box":[327.2586,14.0677,47.5223,10.8859]},{"Row":20,"Column":114,"Box":[327.2586,468.7731,51.5817,10.8859]},{"Row":20,"Column":115,"Box":[327.2586,582.0966,64.8679,10.8859]},{"Row":20,"Column":116,"Box":[327.2586,646.9645,59.0064,10.8859]},{"Row":21,"Column":7,"Box":[338.1445,61.59,49.2371,10.8859]},{"Row":21,"Column":8,"Box":[338.1445,217.1167,42.9848,10.8859]},{"Row":21,"Column":11,"Box":[338.1445,185.0735,32.0432,10.8859]},{"Row":21,"Column":15,"Box":[338.1445,110.8271,74.2464,10.8859]},{"Row":21,"Column":19,"Box":[338.1445,260.1015,208.6715,10.8859]},{"Row":21,"Column":100,"Box":[338.1445,520.3548,61.7418,10.8859]},{"Row":21,"Column":113,"Box":[338.1445,14.0677,47.5223,10.8859]},{"Row":21,"Column":114,"Box":[338.1445,468.7731,51.5817,10.8859]},{"Row":21,"Column":115,"Box":[338.1445,582.0966,64.8679,10.8859]},{"Row":21,"Column":116,"Box":[338.1445,646.9645,59.0064,10.8859]},{"Row":22,"Column":7,"Box":[349.0305,61.59,49.2371,10.8859]},{"Row":22,"Column":8,"Box":[349.0305,217.1167,42.9848,10.8859]},{"Row":22,"Column":11,"Box":[349.0305,185.0735,32.0432,10.8859]},{"Row":22,"Column":15,"Box":[349.0305,110.8271,74.2464,10.8859]},{"Row":22,"Column":19,"Box":[349.0305,260.1015,208.6715,10.8859]},{"Row":22,"Column":100,"Box":[349.0305,520.3548,61.7418,10.8859]},{"Row":22,"Column":113,"Box":[349.0305,14.0677,47.5223,10.8859]},{"Row":22,"Column":114,"Box":[349.0305,468.7731,51.5817,10.8859]},{"Row":22,"Column":115,"Box":[349.0305,582.0966,64.8679,10.8859]},{"Row":22,"Column":116,"Box":[349.0305,646.9645,59.0064,10.8859]},{"Row":23,"Column":7,"Box":[359.9164,61.59,49.2371,12.2467]},{"Row":23,"Column":8,"Box":[359.9164,217.1167,42.9848,12.2467]},{"Row":23,"Column":11,"Box":[359.9164,185.0735,32.0432,12.2467]},{"Row":23,"Column":15,"Box":[359.9164,110.8271,74.2464,12.2467]},{"Row":23,"Column":19,"Box":[359.9164,260.1015,208.6715,12.2467]},{"Row":23,"Column":100,"Box":[359.9164,520.3548,61.7418,12.2467]},{"Row":23,"Column":113,"Box":[359.9164,14.0677,47.5223,12.2467]},{"Row":23,"Column":114,"Box":[359.9164,468.7731,51.5817,12.2467]},{"Row":23,"Column":115,"Box":[359.9164,582.0966,64.8679,12.2467]},{"Row":23,"Column":116,"Box":[359.9164,646.9645,59.0064,12.2467]},{"Row":24,"Column":7,"Box":[372.1631,61.59,49.2371,9.5252]},{"Row":24,"Column":8,"Box":[372.1631,217.1167,42.9848,9.5252]},{"Row":24,"Column":11,"Box":[372.1631,185.0735,32.0432,9.5252]},{"Row":24,"Column":15,"Box":[372.1631,110.8271,74.2464,9.5252]},{"Row":24,"Column":19,"Box":[372.1631,260.1015,208.6715,9.5252]},{"Row":24,"Column":100,"Box":[372.1631,520.3548,61.7418,9.5252]},{"Row":24,"Column":113,"Box":[372.1631,14.0677,47.5223,9.5252]},{"Row":24,"Column":114,"Box":[372.1631,468.7731,51.5817,9.5252]},{"Row":24,"Column":115,"Box":[372.1631,582.0966,64.8679,9.5252]},{"Row":24,"Column":116,"Box":[372.1631,646.9645,59.0064,9.5252]},{"Row":25,"Column":7,"Box":[381.6883,61.59,49.2371,10.2056]},{"Row":25,"Column":8,"Box":[381.6883,217.1167,42.9848,10.2056]},{"Row":25,"Column":11,"Box":[381.6883,185.0735,32.0432,10.2056]},{"Row":25,"Column":15,"Box":[381.6883,110.8271,74.2464,10.2056]},{"Row":25,"Column":19,"Box":[381.6883,260.1015,208.6715,10.2056]},{"Row":25,"Column":100,"Box":[381.6883,520.3548,61.7418,10.2056]},{"Row":25,"Column":113,"Box":[381.6883,14.0677,47.5223,10.2056]},{"Row":25,"Column":114,"Box":[381.6883,468.7731,51.5817,10.2056]},{"Row":25,"Column":115,"Box":[381.6883,582.0966,64.8679,10.2056]},{"Row":25,"Column":116,"Box":[381.6883,646.9645,59.0064,10.2056]},{"Row":26,"Column":7,"Box":[391.8938,61.59,49.2371,9.5252]},{"Row":26,"Column":8,"Box":[391.8938,217.1167,42.9848,9.5252]},{"Row":26,"Column":11,"Box":[391.8938,185.0735,32.0432,9.5252]},{"Row":26,"Column":15,"Box":[391.8938,110.8271,74.2464,9.5252]},{"Row":26,"Column":19,"Box":[391.8938,260.1015,208.6715,9.5252]},{"Row":26,"Column":100,"Box":[391.8938,520.3548,61.7418,9.5252]},{"Row":26,"Column":113,"Box":[391.8938,14.0677,47.5223,9.5252]},{"Row":26,"Column":114,"Box":[391.8938,468.7731,51.5817,9.5252]},{"Row":26,"Column":115,"Box":[391.8938,582.0966,64.8679,9.5252]},{"Row":26,"Column":116,"Box":[391.8938,646.9645,59.0064,9.5252]},{"Row":27,"Column":7,"Box":[401.419,61.59,49.2371,11.5663]},{"Row":27,"Column":8,"Box":[401.419,217.1167,42.9848,11.5663]},{"Row":27,"Column":11,"Box":[401.419,185.0735,32.0432,11.5663]},{"Row":27,"Column":15,"Box":[401.419,110.8271,74.2464,11.5663]},{"Row":27,"Column":19,"Box":[401.419,260.1015,208.6715,11.5663]},{"Row":27,"Column":100,"Box":[401.419,520.3548,61.7418,11.5663]},{"Row":27,"Column":113,"Box":[401.419,14.0677,47.5223,11.5663]},{"Row":27,"Column":114,"Box":[401.419,468.7731,51.5817,11.5663]},{"Row":27,"Column":115,"Box":[401.419,582.0966,64.8679,11.5663]},{"Row":27,"Column":116,"Box":[401.419,646.9645,59.0064,11.5663]},{"Row":28,"Column":7,"Box":[412.9854,61.59,49.2371,9.5252]},{"Row":28,"Column":8,"Box":[412.9854,217.1167,42.9848,9.5252]},{"Row":28,"Column":11,"Box":[412.9854,185.0735,32.0432,9.5252]},{"Row":28,"Column":15,"Box":[412.9854,110.8271,74.2464,9.5252]},{"Row":28,"Column":19,"Box":[412.9854,260.1015,208.6715,9.5252]},{"Row":28,"Column":100,"Box":[412.9854,520.3548,61.7418,9.5252]},{"Row":28,"Column":113,"Box":[412.9854,14.0677,47.5223,9.5252]},{"Row":28,"Column":114,"Box":[412.9854,468.7731,51.5817,9.5252]},{"Row":28,"Column":115,"Box":[412.9854,582.0966,64.8679,9.5252]},{"Row":28,"Column":116,"Box":[412.9854,646.9645,59.0064,9.5252]},{"Row":29,"Column":7,"Box":[422.5106,61.59,49.2371,10.2056]},{"Row":29,"Column":8,"Box":[422.5106,217.1167,42.9848,10.2056]},{"Row":29,"Column":11,"Box":[422.5106,185.0735,32.0432,10.2056]},{"Row":29,"Column":15,"Box":[422.5106,110.8271,74.2464,10.2056]},{"Row":29,"Column":19,"Box":[422.5106,260.1015,208.6715,10.2056]},{"Row":29,"Column":100,"Box":[422.5106,520.3548,61.7418,10.2056]},{"Row":29,"Column":113,"Box":[422.5106,14.0677,47.5223,10.2056]},{"Row":29,"Column":114,"Box":[422.5106,468.7731,51.5817,10.2056]},{"Row":29,"Column":115,"Box":[422.5106,582.0966,64.8679,10.2056]},{"Row":29,"Column":116,"Box":[422.5106,646.9645,59.0064,10.2056]},{"Row":30,"Column":7,"Box":[432.7161,61.59,49.2371,13.6074]},{"Row":30,"Column":8,"Box":[432.7161,217.1167,42.9848,13.6074]},{"Row":30,"Column":11,"Box":[432.7161,185.0735,32.0432,13.6074]},{"Row":30,"Column":15,"Box":[432.7161,110.8271,74.2464,13.6074]},{"Row":30,"Column":19,"Box":[432.7161,260.1015,208.6715,13.6074]},{"Row":30,"Column":100,"Box":[432.7161,520.3548,61.7418,13.6074]},{"Row":30,"Column":113,"Box":[432.7161,14.0677,47.5223,13.6074]},{"Row":30,"Column":114,"Box":[432.7161,468.7731,51.5817,13.6074]},{"Row":30,"Column":115,"Box":[432.7161,582.0966,64.8679,13.6074]},{"Row":30,"Column":116,"Box":[432.7161,646.9645,59.0064,13.6074]},{"Row":31,"Column":7,"Box":[446.3236,61.59,49.2371,14.2878]},{"Row":31,"Column":8,"Box":[446.3236,217.1167,42.9848,14.2878]},{"Row":31,"Column":11,"Box":[446.3236,185.0735,32.0432,14.2878]},{"Row":31,"Column":15,"Box":[446.3236,110.8271,74.2464,14.2878]},{"Row":31,"Column":19,"Box":[446.3236,260.1015,208.6715,14.2878]},{"Row":31,"Column":100,"Box":[446.3236,520.3548,61.7418,14.2878]},{"Row":31,"Column":113,"Box":[446.3236,14.0677,47.5223,14.2878]},{"Row":31,"Column":114,"Box":[446.3236,468.7731,51.5817,14.2878]},{"Row":31,"Column":115,"Box":[446.3236,582.0966,64.8679,14.2878]},{"Row":31,"Column":116,"Box":[446.3236,646.9645,59.0064,14.2878]},{"Row":32,"Column":7,"Box":[460.6113,61.59,49.2371,14.2878]},{"Row":32,"Column":8,"Box":[460.6113,217.1167,42.9848,14.2878]},{"Row":32,"Column":11,"Box":[460.6113,185.0735,32.0432,14.2878]},{"Row":32,"Column":15,"Box":[460.6113,110.8271,74.2464,14.2878]},{"Row":32,"Column":19,"Box":[460.6113,260.1015,208.6715,14.2878]},{"Row":32,"Column":100,"Box":[460.6113,520.3548,61.7418,14.2878]},{"Row":32,"Column":113,"Box":[460.6113,14.0677,47.5223,14.2878]},{"Row":32,"Column":114,"Box":[460.6113,468.7731,51.5817,14.2878]},{"Row":32,"Column":115,"Box":[460.6113,582.0966,64.8679,14.2878]},{"Row":32,"Column":116,"Box":[460.6113,646.9645,59.0064,14.2878]},{"Row":33,"Column":7,"Box":[474.8991,61.59,49.2371,14.2878]},{"Row":33,"Column":8,"Box":[474.8991,217.1167,42.9848,14.2878]},{"Row":33,"Column":11,"Box":[474.8991,185.0735,32.0432,14.2878]},{"Row":33,"Column":15,"Box":[474.8991,110.8271,74.2464,14.2878]},{"Row":33,"Column":19,"Box":[474.8991,260.1015,208.6715,14.2878]},{"Row":33,"Column":100,"Box":[474.8991,520.3548,61.7418,14.2878]},{"Row":33,"Column":113,"Box":[474.8991,14.0677,47.5223,14.2878]},{"Row":33,"Column":114,"Box":[474.8991,468.7731,51.5817,14.2878]},{"Row":33,"Column":115,"Box":[474.8991,582.0966,64.8679,14.2878]},{"Row":33,"Column":116,"Box":[474.8991,646.9645,59.0064,14.2878]},{"Row":34,"Column":7,"Box":[489.1869,61.59,49.2371,12.2467]},{"Row":34,"Column":8,"Box":[489.1869,217.1167,42.9848,12.2467]},{"Row":34,"Column":11,"Box":[489.1869,185.0735,32.0432,12.2467]},{"Row":34,"Column":15,"Box":[489.1869,110.8271,74.2464,12.2467]},{"Row":34,"Column":19,"Box":[489.1869,260.1015,208.6715,12.2467]},{"Row":34,"Column":100,"Box":[489.1869,520.3548,61.7418,12.2467]},{"Row":34,"Column":113,"Box":[489.1869,14.0677,47.5223,12.2467]},{"Row":34,"Column":114,"Box":[489.1869,468.7731,51.5817,12.2467]},{"Row":34,"Column":115,"Box":[489.1869,582.0966,64.8679,12.2467]},{"Row":34,"Column":116,"Box":[489.1869,646.9645,59.0064,12.2467]},{"Row":35,"Column":7,"Box":[501.4336,61.59,49.2371,10.8859]},{"Row":35,"Column":8,"Box":[501.4336,217.1167,42.9848,10.8859]},{"Row":35,"Column":11,"Box":[501.4336,185.0735,32.0432,10.8859]},{"Row":35,"Column":15,"Box":[501.4336,110.8271,74.2464,10.8859]},{"Row":35,"Column":19,"Box":[501.4336,260.1015,208.6715,10.8859]},{"Row":35,"Column":100,"Box":[501.4336,520.3548,61.7418,10.8859]},{"Row":35,"Column":113,"Box":[501.4336,14.0677,47.5223,10.8859]},{"Row":35,"Column":114,"Box":[501.4336,468.7731,51.5817,10.8859]},{"Row":35,"Column":115,"Box":[501.4336,582.0966,64.8679,10.8859]},{"Row":35,"Column":116,"Box":[501.4336,646.9645,59.0064,10.8859]},{"Row":36,"Column":7,"Box":[512.3196,61.59,49.2371,9.5252]},{"Row":36,"Column":8,"Box":[512.3196,217.1167,42.9848,9.5252]},{"Row":36,"Column":11,"Box":[512.3196,185.0735,32.0432,9.5252]},{"Row":36,"Column":15,"Box":[512.3196,110.8271,74.2464,9.5252]},{"Row":36,"Column":19,"Box":[512.3196,260.1015,208.6715,9.5252]},{"Row":36,"Column":100,"Box":[512.3196,520.3548,61.7418,9.5252]},{"Row":36,"Column":113,"Box":[512.3196,14.0677,47.5223,9.5252]},{"Row":36,"Column":114,"Box":[512.3196,468.7731,51.5817,9.5252]},{"Row":36,"Column":115,"Box":[512.3196,582.0966,64.8679,9.5252]},{"Row":36,"Column":116,"Box":[512.3196,646.9645,59.0064,9.5252]},{"Row":37,"Column":7,"Box":[521.8448,61.59,49.2371,10.8859]},{"Row":37,"Column":8,"Box":[521.8448,217.1167,42.9848,10.8859]},{"Row":37,"Column":11,"Box":[521.8448,185.0735,32.0432,10.8859]},{"Row":37,"Column":15,"Box":[521.8448,110.8271,74.2464,10.8859]},{"Row":37,"Column":19,"Box":[521.8448,260.1015,208.6715,10.8859]},{"Row":37,"Column":100,"Box":[521.8448,520.3548,61.7418,10.8859]},{"Row":37,"Column":113,"Box":[521.8448,14.0677,47.5223,10.8859]},{"Row":37,"Column":114,"Box":[521.8448,468.7731,51.5817,10.8859]},{"Row":37,"Column":115,"Box":[521.8448,582.0966,64.8679,10.8859]},{"Row":37,"Column":116,"Box":[521.8448,646.9645,59.0064,10.8859]},{"Row":38,"Column":7,"Box":[532.7307,61.59,49.2371,10.2056]},{"Row":38,"Column":8,"Box":[532.7307,217.1167,42.9848,10.2056]},{"Row":38,"Column":11,"Box":[532.7307,185.0735,32.0432,10.2056]},{"Row":38,"Column":15,"Box":[532.7307,110.8271,74.2464,10.2056]},{"Row":38,"Column":19,"Box":[532.7307,260.1015,208.6715,10.2056]},{"Row":38,"Column":100,"Box":[532.7307,520.3548,61.7418,10.2056]},{"Row":38,"Column":113,"Box":[532.7307,14.0677,47.5223,10.2056]},{"Row":38,"Column":114,"Box":[532.7307,468.7731,51.5817,10.2056]},{"Row":38,"Column":115,"Box":[532.7307,582.0966,64.8679,10.2056]},{"Row":38,"Column":116,"Box":[532.7307,646.9645,59.0064,10.2056]},{"Row":39,"Column":7,"Box":[542.9363,61.59,49.2371,9.5252]},{"Row":39,"Column":8,"Box":[542.9363,217.1167,42.9848,9.5252]},{"Row":39,"Column":11,"Box":[542.9363,185.0735,32.0432,9.5252]},{"Row":39,"Column":15,"Box":[542.9363,110.8271,74.2464,9.5252]},{"Row":39,"Column":19,"Box":[542.9363,260.1015,208.6715,9.5252]},{"Row":39,"Column":100,"Box":[542.9363,520.3548,61.7418,9.5252]},{"Row":39,"Column":113,"Box":[542.9363,14.0677,47.5223,9.5252]},{"Row":39,"Column":114,"Box":[542.9363,468.7731,51.5817,9.5252]},{"Row":39,"Column":115,"Box":[542.9363,582.0966,64.8679,9.5252]},{"Row":39,"Column":116,"Box":[542.9363,646.9645,59.0064,9.5252]},{"Row":40,"Column":7,"Box":[552.4615,61.59,49.2371,9.5252]},{"Row":40,"Column":8,"Box":[552.4615,217.1167,42.9848,9.5252]},{"Row":40,"Column":11,"Box":[552.4615,185.0735,32.0432,9.5252]},{"Row":40,"Column":15,"Box":[552.4615,110.8271,74.2464,9.5252]},{"Row":40,"Column":19,"Box":[552.4615,260.1015,208.6715,9.5252]},{"Row":40,"Column":100,"Box":[552.4615,520.3548,61.7418,9.5252]},{"Row":40,"Column":113,"Box":[552.4615,14.0677,47.5223,9.5252]},{"Row":40,"Column":114,"Box":[552.4615,468.7731,51.5817,9.5252]},{"Row":40,"Column":115,"Box":[552.4615,582.0966,64.8679,9.5252]},{"Row":40,"Column":116,"Box":[552.4615,646.9645,59.0064,9.5252]},{"Row":41,"Column":7,"Box":[561.9867,61.59,49.2371,15.6485]},{"Row":41,"Column":8,"Box":[561.9867,217.1167,42.9848,15.6485]},{"Row":41,"Column":11,"Box":[561.9867,185.0735,32.0432,15.6485]},{"Row":41,"Column":15,"Box":[561.9867,110.8271,74.2464,15.6485]},{"Row":41,"Column":19,"Box":[561.9867,260.1015,208.6715,15.6485]},{"Row":41,"Column":100,"Box":[561.9867,520.3548,61.7418,15.6485]},{"Row":41,"Column":113,"Box":[561.9867,14.0677,47.5223,15.6485]},{"Row":41,"Column":114,"Box":[561.9867,468.7731,51.5817,15.6485]},{"Row":41,"Column":115,"Box":[561.9867,582.0966,64.8679,15.6485]},{"Row":41,"Column":116,"Box":[561.9867,646.9645,59.0064,15.6485]},{"Row":42,"Column":7,"Box":[577.6352,61.59,49.2371,13.6074]},{"Row":42,"Column":8,"Box":[577.6352,217.1167,42.9848,13.6074]},{"Row":42,"Column":11,"Box":[577.6352,185.0735,32.0432,13.6074]},{"Row":42,"Column":15,"Box":[577.6352,110.8271,74.2464,13.6074]},{"Row":42,"Column":19,"Box":[577.6352,260.1015,208.6715,13.6074]},{"Row":42,"Column":100,"Box":[577.6352,520.3548,61.7418,13.6074]},{"Row":42,"Column":113,"Box":[577.6352,14.0677,47.5223,13.6074]},{"Row":42,"Column":114,"Box":[577.6352,468.7731,51.5817,13.6074]},{"Row":42,"Column":115,"Box":[577.6352,582.0966,64.8679,13.6074]},{"Row":42,"Column":116,"Box":[577.6352,646.9645,59.0064,13.6074]},{"Row":43,"Column":7,"Box":[591.2426,61.59,49.2371,13.1279]},{"Row":43,"Column":8,"Box":[591.2426,217.1167,42.9848,13.1279]},{"Row":43,"Column":11,"Box":[591.2426,185.0735,32.0432,13.1279]},{"Row":43,"Column":15,"Box":[591.2426,110.8271,74.2464,13.1279]},{"Row":43,"Column":19,"Box":[591.2426,260.1015,208.6715,13.1279]},{"Row":43,"Column":100,"Box":[591.2426,520.3548,61.7418,13.1279]},{"Row":43,"Column":113,"Box":[591.2426,14.0677,47.5223,13.1279]},{"Row":43,"Column":114,"Box":[591.2426,468.7731,51.5817,13.1279]},{"Row":43,"Column":115,"Box":[591.2426,582.0966,64.8679,13.1279]},{"Row":43,"Column":116,"Box":[591.2426,646.9645,59.0064,13.1279]}]}]}],"AnchorBasedConfiguration":{"AnchorBasedFieldConfiguration":[]}}