{"DocumentId":"Loss Run AmTrust PKG UMB 16-20 aso 6.30.20 Page 2","ContentType":"application/pdf","Length":2259,"Pages":[{"PageIndex":0,"Size":[0.0,0.0,792.0,612.0],"Sections":[{"IndexInText":0,"Language":"eng","Length":22,"Rotation":"None","SkewAngle":0.0,"Type":"Paragraph","WordGroups":[{"IndexInText":0,"Length":22,"Type":"Heading","Words":[{"Box":[111.8552,24.0,18.4076,9.7572],"Polygon":[24.0,111.8552,42.4076,111.8552,42.4076,121.6124,24.0,121.6124],"IndexInText":0,"OcrConfidence":1.0,"Text":"Claim","VisualLineNumber":4},{"Box":[111.8552,44.1701,8.6151,9.7572],"Polygon":[44.1701,111.8552,52.7852,111.8552,52.7852,121.6124,44.1701,121.6124],"IndexInText":6,"OcrConfidence":1.0,"Text":"No","VisualLineNumber":4},{"Box":[123.8552,24.0,18.4075,9.7572],"Polygon":[24.0,123.8552,42.4075,123.8552,42.4075,133.6124,24.0,133.6124],"IndexInText":9,"OcrConfidence":1.0,"Text":"Policy","VisualLineNumber":5},{"Box":[123.8552,44.17,25.0628,9.7572],"Polygon":[44.17,123.8552,69.2328,123.8552,69.2328,133.6124,44.17,133.6124],"IndexInText":16,"OcrConfidence":1.0,"Text":"Number","VisualLineNumber":5}]}]},{"IndexInText":24,"Language":"eng","Length":11,"Rotation":"None","SkewAngle":0.0,"Type":"Paragraph","WordGroups":[{"IndexInText":24,"Length":11,"Type":"Heading","Words":[{"Box":[147.8552,24.0,31.718,9.7572],"Polygon":[24.0,147.8552,55.718,147.8552,55.718,157.6124,24.0,157.6124],"IndexInText":24,"OcrConfidence":1.0,"Text":"Converted","VisualLineNumber":7},{"Box":[147.8552,57.4805,3.525,9.7572],"Polygon":[57.4805,147.8552,61.0055,147.8552,61.0055,157.6124,57.4805,157.6124],"IndexInText":34,"OcrConfidence":1.0,"Text":"#","VisualLineNumber":7}]}]},{"IndexInText":37,"Language":"eng","Length":23,"Rotation":"None","SkewAngle":0.0,"Type":"Paragraph","WordGroups":[{"IndexInText":37,"Length":23,"Type":"Other","Words":[{"Box":[170.818,24.0,24.675,9.4964],"Polygon":[24.0,170.818,48.675,170.818,48.675,180.3144,24.0,180.3144],"IndexInText":37,"OcrConfidence":1.0,"Text":"2695521","VisualLineNumber":8},{"Box":[170.818,67.7625,3.525,9.4964],"Polygon":[67.7625,170.818,71.2875,170.818,71.2875,180.3144,67.7625,180.3144],"IndexInText":45,"OcrConfidence":1.0,"Text":"1","VisualLineNumber":8},{"Box":[182.818,24.0,48.5674,9.4964],"Polygon":[24.0,182.818,72.5674,182.818,72.5674,192.3144,24.0,192.3144],"IndexInText":47,"OcrConfidence":1.0,"Text":"WPP1154760-02","VisualLineNumber":9}]}]},{"IndexInText":62,"Language":"eng","Length":23,"Rotation":"None","SkewAngle":0.0,"Type":"Paragraph","WordGroups":[{"IndexInText":62,"Length":23,"Type":"Other","Words":[{"Box":[255.818,24.0,24.675,9.4964],"Polygon":[24.0,255.818,48.675,255.818,48.675,265.3144,24.0,265.3144],"IndexInText":62,"OcrConfidence":1.0,"Text":"2695521","VisualLineNumber":13},{"Box":[255.818,67.7625,3.525,9.4964],"Polygon":[67.7625,255.818,71.2875,255.818,71.2875,265.3144,67.7625,265.3144],"IndexInText":70,"OcrConfidence":1.0,"Text":"2","VisualLineNumber":13},{"Box":[267.818,24.0,48.5674,9.4964],"Polygon":[24.0,267.818,72.5674,267.818,72.5674,277.3144,24.0,277.3144],"IndexInText":72,"OcrConfidence":1.0,"Text":"WPP1154760-02","VisualLineNumber":14}]}]},{"IndexInText":87,"Language":"eng","Length":23,"Rotation":"None","SkewAngle":0.0,"Type":"Paragraph","WordGroups":[{"IndexInText":87,"Length":23,"Type":"Other","Words":[{"Box":[340.818,24.0,24.675,9.4964],"Polygon":[24.0,340.818,48.675,340.818,48.675,350.3144,24.0,350.3144],"IndexInText":87,"OcrConfidence":1.0,"Text":"2695533","VisualLineNumber":18},{"Box":[340.818,67.7625,3.525,9.4964],"Polygon":[67.7625,340.818,71.2875,340.818,71.2875,350.3144,67.7625,350.3144],"IndexInText":95,"OcrConfidence":1.0,"Text":"1","VisualLineNumber":18},{"Box":[352.818,24.0,48.5674,9.4964],"Polygon":[24.0,352.818,72.5674,352.818,72.5674,362.3144,24.0,362.3144],"IndexInText":97,"OcrConfidence":1.0,"Text":"WPP1154760-02","VisualLineNumber":19}]}]},{"IndexInText":112,"Language":"eng","Length":23,"Rotation":"None","SkewAngle":0.0,"Type":"Paragraph","WordGroups":[{"IndexInText":112,"Length":23,"Type":"Other","Words":[{"Box":[425.818,24.0,24.675,9.4964],"Polygon":[24.0,425.818,48.675,425.818,48.675,435.3144,24.0,435.3144],"IndexInText":112,"OcrConfidence":1.0,"Text":"2695569","VisualLineNumber":23},{"Box":[425.818,67.7625,3.525,9.4964],"Polygon":[67.7625,425.818,71.2875,425.818,71.2875,435.3144,67.7625,435.3144],"IndexInText":120,"OcrConfidence":1.0,"Text":"1","VisualLineNumber":23},{"Box":[437.818,24.0,48.5674,9.4964],"Polygon":[24.0,437.818,72.5674,437.818,72.5674,447.3144,24.0,447.3144],"IndexInText":122,"OcrConfidence":1.0,"Text":"WPP1154760-02","VisualLineNumber":24}]}]},{"IndexInText":137,"Language":"eng","Length":23,"Rotation":"None","SkewAngle":0.0,"Type":"Paragraph","WordGroups":[{"IndexInText":137,"Length":23,"Type":"Other","Words":[{"Box":[510.818,24.0,24.675,9.4964],"Polygon":[24.0,510.818,48.675,510.818,48.675,520.3144,24.0,520.3144],"IndexInText":137,"OcrConfidence":1.0,"Text":"2864779","VisualLineNumber":28},{"Box":[510.818,67.7625,3.525,9.4964],"Polygon":[67.7625,510.818,71.2875,510.818,71.2875,520.3144,67.7625,520.3144],"IndexInText":145,"OcrConfidence":1.0,"Text":"3","VisualLineNumber":28},{"Box":[522.818,24.0,48.5674,9.4964],"Polygon":[24.0,522.818,72.5674,522.818,72.5674,532.3144,24.0,532.3144],"IndexInText":147,"OcrConfidence":1.0,"Text":"WPP1154778-03","VisualLineNumber":29}]}]},{"IndexInText":162,"Language":"eng","Length":14,"Rotation":"None","SkewAngle":0.0,"Type":"Paragraph","WordGroups":[{"IndexInText":162,"Length":14,"Type":"Other","Words":[{"Box":[24.7552,156.0,21.1429,9.7572],"Polygon":[156.0,24.7552,177.1429,24.7552,177.1429,34.5124,156.0,34.5124],"IndexInText":162,"OcrConfidence":1.0,"Text":"Report","VisualLineNumber":0},{"Box":[24.7552,178.9055,10.1801,9.7572],"Polygon":[178.9055,24.7552,189.0856,24.7552,189.0856,34.5124,178.9055,34.5124],"IndexInText":169,"OcrConfidence":1.0,"Text":"ID:","VisualLineNumber":0},{"Box":[23.718,205.7625,10.575,9.4964],"Polygon":[205.7625,23.718,216.3375,23.718,216.3375,33.2144,205.7625,33.2144],"IndexInText":173,"OcrConfidence":1.0,"Text":"826","VisualLineNumber":0}]}]},{"IndexInText":178,"Language":"nor","Length":15,"Rotation":"None","SkewAngle":0.0,"Type":"Paragraph","WordGroups":[{"IndexInText":178,"Length":15,"Type":"Other","Words":[{"Box":[36.7552,156.0,12.9297,9.7572],"Polygon":[156.0,36.7552,168.9297,36.7552,168.9297,46.5124,156.0,46.5124],"IndexInText":178,"OcrConfidence":1.0,"Text":"Run","VisualLineNumber":1},{"Box":[36.7552,170.6922,10.1802,9.7572],"Polygon":[170.6922,36.7552,180.8724,36.7552,180.8724,46.5124,170.6922,46.5124],"IndexInText":182,"OcrConfidence":1.0,"Text":"ID:","VisualLineNumber":1},{"Box":[35.718,205.7625,24.675,9.4964],"Polygon":[205.7625,35.718,230.4375,35.718,230.4375,45.2144,205.7625,45.2144],"IndexInText":186,"OcrConfidence":1.0,"Text":"8794066","VisualLineNumber":1}]}]},{"IndexInText":195,"Language":"eng","Length":5,"Rotation":"None","SkewAngle":0.0,"Type":"Paragraph","WordGroups":[{"IndexInText":195,"Length":5,"Type":"Other","Words":[{"Box":[48.7552,156.0,16.4406,9.7572],"Polygon":[156.0,48.7552,172.4406,48.7552,172.4406,58.5124,156.0,58.5124],"IndexInText":195,"OcrConfidence":1.0,"Text":"User:","VisualLineNumber":2}]}]},{"IndexInText":202,"Language":"eng","Length":56,"Rotation":"None","SkewAngle":0.0,"Type":"Paragraph","WordGroups":[{"IndexInText":202,"Length":27,"Type":"Heading","Words":[{"Box":[111.8552,84.0,28.2001,9.7572],"Polygon":[84.0,111.8552,112.2001,111.8552,112.2001,121.6124,84.0,121.6124],"IndexInText":202,"OcrConfidence":1.0,"Text":"Claimant","VisualLineNumber":4},{"Box":[123.8552,84.0,11.555,9.7572],"Polygon":[84.0,123.8552,95.555,123.8552,95.555,133.6124,84.0,133.6124],"IndexInText":211,"OcrConfidence":1.0,"Text":"Pol.","VisualLineNumber":5},{"Box":[123.8552,97.3175,9.3977,9.7572],"Polygon":[97.3175,123.8552,106.7152,123.8552,106.7152,133.6124,97.3175,133.6124],"IndexInText":216,"OcrConfidence":1.0,"Text":"Eff","VisualLineNumber":5},{"Box":[123.8552,108.4776,14.093,9.7572],"Polygon":[108.4776,123.8552,122.5706,123.8552,122.5706,133.6124,108.4776,133.6124],"IndexInText":220,"OcrConfidence":1.0,"Text":"Date","VisualLineNumber":5},{"Box":[123.8552,144.0,11.555,9.7572],"Polygon":[144.0,123.8552,155.555,123.8552,155.555,133.6124,144.0,133.6124],"IndexInText":225,"OcrConfidence":1.0,"Text":"Pol.","VisualLineNumber":5}]},{"IndexInText":230,"Length":28,"Type":"Heading","Words":[{"Box":[123.8552,157.3174,12.1472,9.7572],"Polygon":[157.3174,123.8552,169.4646,123.8552,169.4646,133.6124,157.3174,133.6124],"IndexInText":230,"OcrConfidence":1.0,"Text":"Exp","VisualLineNumber":5},{"Box":[123.8552,171.2271,14.0929,9.7572],"Polygon":[171.2271,123.8552,185.32,123.8552,185.32,133.6124,171.2271,133.6124],"IndexInText":234,"OcrConfidence":1.0,"Text":"Date","VisualLineNumber":5},{"Box":[135.8552,84.0,20.7552,9.7572],"Polygon":[84.0,135.8552,104.7552,135.8552,104.7552,145.6124,84.0,145.6124],"IndexInText":239,"OcrConfidence":1.0,"Text":"Cancel","VisualLineNumber":6},{"Box":[135.8552,106.5177,14.093,9.7572],"Polygon":[106.5177,135.8552,120.6107,135.8552,120.6107,145.6124,106.5177,145.6124],"IndexInText":246,"OcrConfidence":1.0,"Text":"Date","VisualLineNumber":6},{"Box":[147.8552,84.0,23.5047,9.7572],"Polygon":[84.0,147.8552,107.5047,147.8552,107.5047,157.6124,84.0,157.6124],"IndexInText":251,"OcrConfidence":1.0,"Text":"Insured","VisualLineNumber":7}]}]},{"IndexInText":260,"Language":"por","Length":17,"Rotation":"None","SkewAngle":0.0,"Type":"Paragraph","WordGroups":[{"IndexInText":260,"Length":17,"Type":"Heading","Words":[{"Box":[170.818,84.0,24.2802,9.4964],"Polygon":[84.0,170.818,108.2802,170.818,108.2802,180.3144,84.0,180.3144],"IndexInText":260,"OcrConfidence":1.0,"Text":"Carmelo","VisualLineNumber":8},{"Box":[170.818,110.0427,29.3703,9.4964],"Polygon":[110.0427,170.818,139.413,170.818,139.413,180.3144,110.0427,180.3144],"IndexInText":268,"OcrConfidence":1.0,"Text":"Rodriguez","VisualLineNumber":8}]}]},{"IndexInText":279,"Language":"eng","Length":34,"Rotation":"None","SkewAngle":0.0,"Type":"Paragraph","WordGroups":[{"IndexInText":279,"Length":34,"Type":"Other","Words":[{"Box":[207.968,84.0,23.8855,9.4964],"Polygon":[84.0,207.968,107.8855,207.968,107.8855,217.4644,84.0,217.4644],"IndexInText":279,"OcrConfidence":1.0,"Text":"Services","VisualLineNumber":11},{"Box":[207.968,109.6479,8.2204,9.4964],"Polygon":[109.6479,207.968,117.8683,207.968,117.8683,217.4644,109.6479,217.4644],"IndexInText":288,"OcrConfidence":1.0,"Text":"for","VisualLineNumber":11},{"Box":[207.968,119.6307,8.6151,9.4964],"Polygon":[119.6307,207.968,128.2458,207.968,128.2458,217.4644,119.6307,217.4644],"IndexInText":292,"OcrConfidence":1.0,"Text":"the","VisualLineNumber":11},{"Box":[207.968,130.0083,38.9583,9.4964],"Polygon":[130.0083,207.968,168.9666,207.968,168.9666,217.4644,130.0083,217.4644],"IndexInText":296,"OcrConfidence":1.0,"Text":"UnderServed,","VisualLineNumber":11},{"Box":[218.468,84.0,10.7654,9.4964],"Polygon":[84.0,218.468,94.7654,218.468,94.7654,227.9644,84.0,227.9644],"IndexInText":309,"OcrConfidence":1.0,"Text":"Inc.","VisualLineNumber":12}]}]},{"IndexInText":315,"Language":"zlm","Length":11,"Rotation":"None","SkewAngle":0.0,"Type":"Paragraph","WordGroups":[{"IndexInText":315,"Length":11,"Type":"Heading","Words":[{"Box":[255.818,84.0,19.9656,9.4964],"Polygon":[84.0,255.818,103.9656,255.818,103.9656,265.3144,84.0,265.3144],"IndexInText":315,"OcrConfidence":1.0,"Text":"Wanda","VisualLineNumber":13},{"Box":[255.818,105.7281,16.4477,9.4964],"Polygon":[105.7281,255.818,122.1758,255.818,122.1758,265.3144,105.7281,265.3144],"IndexInText":321,"OcrConfidence":1.0,"Text":"Davis","VisualLineNumber":13}]}]},{"IndexInText":328,"Language":"eng","Length":34,"Rotation":"None","SkewAngle":0.0,"Type":"Paragraph","WordGroups":[{"IndexInText":328,"Length":34,"Type":"Other","Words":[{"Box":[292.968,84.0,23.8855,9.4964],"Polygon":[84.0,292.968,107.8855,292.968,107.8855,302.4644,84.0,302.4644],"IndexInText":328,"OcrConfidence":1.0,"Text":"Services","VisualLineNumber":16},{"Box":[292.968,109.6479,8.2204,9.4964],"Polygon":[109.6479,292.968,117.8683,292.968,117.8683,302.4644,109.6479,302.4644],"IndexInText":337,"OcrConfidence":1.0,"Text":"for","VisualLineNumber":16},{"Box":[292.968,119.6307,8.6151,9.4964],"Polygon":[119.6307,292.968,128.2458,292.968,128.2458,302.4644,119.6307,302.4644],"IndexInText":341,"OcrConfidence":1.0,"Text":"the","VisualLineNumber":16},{"Box":[292.968,130.0083,38.9583,9.4964],"Polygon":[130.0083,292.968,168.9666,292.968,168.9666,302.4644,130.0083,302.4644],"IndexInText":345,"OcrConfidence":1.0,"Text":"UnderServed,","VisualLineNumber":16},{"Box":[303.468,84.0,10.7654,9.4964],"Polygon":[84.0,303.468,94.7654,303.468,94.7654,312.9644,84.0,312.9644],"IndexInText":358,"OcrConfidence":1.0,"Text":"Inc.","VisualLineNumber":17}]}]},{"IndexInText":364,"Language":"spa","Length":15,"Rotation":"None","SkewAngle":0.0,"Type":"Paragraph","WordGroups":[{"IndexInText":364,"Length":15,"Type":"Heading","Words":[{"Box":[340.818,84.0,19.1901,9.4964],"Polygon":[84.0,340.818,103.1901,340.818,103.1901,350.3144,84.0,350.3144],"IndexInText":364,"OcrConfidence":1.0,"Text":"Joseph","VisualLineNumber":18},{"Box":[340.818,104.9526,23.8783,9.4964],"Polygon":[104.9526,340.818,128.8309,340.818,128.8309,350.3144,104.9526,350.3144],"IndexInText":371,"OcrConfidence":1.0,"Text":"Carreras","VisualLineNumber":18}]}]},{"IndexInText":381,"Language":"eng","Length":34,"Rotation":"None","SkewAngle":0.0,"Type":"Paragraph","WordGroups":[{"IndexInText":381,"Length":34,"Type":"Other","Words":[{"Box":[377.968,84.0,23.8855,9.4964],"Polygon":[84.0,377.968,107.8855,377.968,107.8855,387.4644,84.0,387.4644],"IndexInText":381,"OcrConfidence":1.0,"Text":"Services","VisualLineNumber":21},{"Box":[377.968,109.6479,8.2204,9.4964],"Polygon":[109.6479,377.968,117.8683,377.968,117.8683,387.4644,109.6479,387.4644],"IndexInText":390,"OcrConfidence":1.0,"Text":"for","VisualLineNumber":21},{"Box":[377.968,119.6307,8.6151,9.4964],"Polygon":[119.6307,377.968,128.2458,377.968,128.2458,387.4644,119.6307,387.4644],"IndexInText":394,"OcrConfidence":1.0,"Text":"the","VisualLineNumber":21},{"Box":[377.968,130.0083,38.9583,9.4964],"Polygon":[130.0083,377.968,168.9666,377.968,168.9666,387.4644,130.0083,387.4644],"IndexInText":398,"OcrConfidence":1.0,"Text":"UnderServed,","VisualLineNumber":21},{"Box":[388.468,84.0,10.7654,9.4964],"Polygon":[84.0,388.468,94.7654,388.468,94.7654,397.9644,84.0,397.9644],"IndexInText":411,"OcrConfidence":1.0,"Text":"Inc.","VisualLineNumber":22}]}]},{"IndexInText":417,"Language":"ita","Length":13,"Rotation":"None","SkewAngle":0.0,"Type":"Paragraph","WordGroups":[{"IndexInText":417,"Length":13,"Type":"Heading","Words":[{"Box":[425.818,84.0,15.6651,9.4964],"Polygon":[84.0,425.818,99.6651,425.818,99.6651,435.3144,84.0,435.3144],"IndexInText":417,"OcrConfidence":1.0,"Text":"Aviel","VisualLineNumber":23},{"Box":[425.818,101.4276,23.1029,9.4964],"Polygon":[101.4276,425.818,124.5305,425.818,124.5305,435.3144,101.4276,435.3144],"IndexInText":423,"OcrConfidence":1.0,"Text":"Peguero","VisualLineNumber":23}]}]},{"IndexInText":432,"Language":"eng","Length":34,"Rotation":"None","SkewAngle":0.0,"Type":"Paragraph","WordGroups":[{"IndexInText":432,"Length":34,"Type":"Other","Words":[{"Box":[462.968,84.0,23.8855,9.4964],"Polygon":[84.0,462.968,107.8855,462.968,107.8855,472.4644,84.0,472.4644],"IndexInText":432,"OcrConfidence":1.0,"Text":"Services","VisualLineNumber":26},{"Box":[462.968,109.6479,8.2204,9.4964],"Polygon":[109.6479,462.968,117.8683,462.968,117.8683,472.4644,109.6479,472.4644],"IndexInText":441,"OcrConfidence":1.0,"Text":"for","VisualLineNumber":26},{"Box":[462.968,119.6307,8.6151,9.4964],"Polygon":[119.6307,462.968,128.2458,462.968,128.2458,472.4644,119.6307,472.4644],"IndexInText":445,"OcrConfidence":1.0,"Text":"the","VisualLineNumber":26},{"Box":[462.968,130.0083,38.9583,9.4964],"Polygon":[130.0083,462.968,168.9666,462.968,168.9666,472.4644,130.0083,472.4644],"IndexInText":449,"OcrConfidence":1.0,"Text":"UnderServed,","VisualLineNumber":26},{"Box":[473.468,84.0,10.7654,9.4964],"Polygon":[84.0,473.468,94.7654,473.468,94.7654,482.9644,84.0,482.9644],"IndexInText":462,"OcrConfidence":1.0,"Text":"Inc.","VisualLineNumber":27}]}]},{"IndexInText":468,"Language":"dan","Length":12,"Rotation":"None","SkewAngle":0.0,"Type":"Paragraph","WordGroups":[{"IndexInText":468,"Length":12,"Type":"Other","Words":[{"Box":[510.818,84.0,16.8354,9.4964],"Polygon":[84.0,510.818,100.8354,510.818,100.8354,520.3144,84.0,520.3144],"IndexInText":468,"OcrConfidence":1.0,"Text":"Nakia","VisualLineNumber":28},{"Box":[510.818,102.5979,18.0128,9.4964],"Polygon":[102.5979,510.818,120.6107,510.818,120.6107,520.3144,102.5979,520.3144],"IndexInText":474,"OcrConfidence":1.0,"Text":"Oliver","VisualLineNumber":28}]}]},{"IndexInText":482,"Language":"eng","Length":40,"Rotation":"None","SkewAngle":0.0,"Type":"Paragraph","WordGroups":[{"IndexInText":482,"Length":40,"Type":"Other","Words":[{"Box":[547.968,84.0,10.9628,9.4964],"Polygon":[84.0,547.968,94.9628,547.968,94.9628,557.4644,84.0,557.4644],"IndexInText":482,"OcrConfidence":1.0,"Text":"The","VisualLineNumber":31},{"Box":[547.968,96.7253,25.8524,9.4964],"Polygon":[96.7253,547.968,122.5777,547.968,122.5777,557.4644,96.7253,557.4644],"IndexInText":486,"OcrConfidence":1.0,"Text":"Institutes","VisualLineNumber":31},{"Box":[547.968,124.3401,5.8726,9.4964],"Polygon":[124.3401,547.968,130.2127,547.968,130.2127,557.4644,124.3401,557.4644],"IndexInText":497,"OcrConfidence":1.0,"Text":"of","VisualLineNumber":31},{"Box":[547.968,131.9753,22.7151,9.4964],"Polygon":[131.9753,547.968,154.6904,547.968,154.6904,557.4644,131.9753,557.4644],"IndexInText":500,"OcrConfidence":1.0,"Text":"Applied","VisualLineNumber":31},{"Box":[558.468,84.0,20.7552,9.4964],"Polygon":[84.0,558.468,104.7552,558.468,104.7552,567.9644,84.0,567.9644],"IndexInText":508,"OcrConfidence":1.0,"Text":"Human","VisualLineNumber":32},{"Box":[558.468,106.5177,28.5877,9.4964],"Polygon":[106.5177,558.468,135.1054,558.468,135.1054,567.9644,106.5177,567.9644],"IndexInText":514,"OcrConfidence":1.0,"Text":"Dynamics","VisualLineNumber":32}]}]},{"IndexInText":524,"Language":"ita","Length":5,"Rotation":"None","SkewAngle":0.0,"Type":"Paragraph","WordGroups":[{"IndexInText":524,"Length":5,"Type":"Other","Words":[{"Box":[47.718,204.0,17.2302,9.4964],"Polygon":[204.0,47.718,221.2302,47.718,221.2302,57.2144,204.0,57.2144],"IndexInText":524,"OcrConfidence":1.0,"Text":"cobb7","VisualLineNumber":2}]}]},{"IndexInText":531,"Language":"eng","Length":33,"Rotation":"None","SkewAngle":0.0,"Type":"Paragraph","WordGroups":[{"IndexInText":531,"Length":33,"Type":"Heading","Words":[{"Box":[111.8552,198.0,15.2773,9.7572],"Polygon":[198.0,111.8552,213.2773,111.8552,213.2773,121.6124,198.0,121.6124],"IndexInText":531,"OcrConfidence":1.0,"Text":"DOL","VisualLineNumber":4},{"Box":[123.8552,198.0,13.7122,9.7572],"Polygon":[198.0,123.8552,211.7122,123.8552,211.7122,133.6124,198.0,133.6124],"IndexInText":535,"OcrConfidence":1.0,"Text":"Loss","VisualLineNumber":5},{"Box":[123.8552,213.4747,6.2675,9.7572],"Polygon":[213.4747,123.8552,219.7422,123.8552,219.7422,133.6124,213.4747,133.6124],"IndexInText":540,"OcrConfidence":1.0,"Text":"St","VisualLineNumber":5},{"Box":[135.8552,198.0,14.093,9.7572],"Polygon":[198.0,135.8552,212.093,135.8552,212.093,145.6124,198.0,145.6124],"IndexInText":543,"OcrConfidence":1.0,"Text":"Date","VisualLineNumber":6},{"Box":[135.8552,213.8555,15.6651,9.7572],"Polygon":[213.8555,135.8552,229.5206,135.8552,229.5206,145.6124,213.8555,145.6124],"IndexInText":548,"OcrConfidence":1.0,"Text":"Rcvd","VisualLineNumber":6},{"Box":[147.8552,198.0,20.3675,9.7572],"Polygon":[198.0,147.8552,218.3675,147.8552,218.3675,157.6124,198.0,157.6124],"IndexInText":553,"OcrConfidence":1.0,"Text":"Closed","VisualLineNumber":7},{"Box":[147.8552,220.13,14.0929,9.7572],"Polygon":[220.13,147.8552,234.2229,147.8552,234.2229,157.6124,220.13,157.6124],"IndexInText":560,"OcrConfidence":1.0,"Text":"Date","VisualLineNumber":7}]}]},{"IndexInText":566,"Language":"pol","Length":35,"Rotation":"None","SkewAngle":0.0,"Type":"Paragraph","WordGroups":[{"IndexInText":566,"Length":35,"Type":"Other","Words":[{"Box":[170.818,198.0,32.1198,9.4964],"Polygon":[198.0,170.818,230.1198,170.818,230.1198,180.3144,198.0,180.3144],"IndexInText":566,"OcrConfidence":1.0,"Text":"02/11/2017","VisualLineNumber":8},{"Box":[182.968,198.0,10.1802,9.4964],"Polygon":[198.0,182.968,208.1802,182.968,208.1802,192.4644,198.0,192.4644],"IndexInText":577,"OcrConfidence":1.0,"Text":"NY","VisualLineNumber":9},{"Box":[195.668,198.0,32.1198,9.4964],"Polygon":[198.0,195.668,230.1198,195.668,230.1198,205.1644,198.0,205.1644],"IndexInText":580,"OcrConfidence":1.0,"Text":"05/09/2017","VisualLineNumber":10},{"Box":[207.068,198.0,32.1198,9.4964],"Polygon":[198.0,207.068,230.1198,207.068,230.1198,216.5644,198.0,216.5644],"IndexInText":591,"OcrConfidence":1.0,"Text":"05/16/2017","VisualLineNumber":11}]}]},{"IndexInText":603,"Language":"pol","Length":35,"Rotation":"None","SkewAngle":0.0,"Type":"Paragraph","WordGroups":[{"IndexInText":603,"Length":35,"Type":"Other","Words":[{"Box":[255.818,198.0,32.1198,9.4964],"Polygon":[198.0,255.818,230.1198,255.818,230.1198,265.3144,198.0,265.3144],"IndexInText":603,"OcrConfidence":1.0,"Text":"02/11/2017","VisualLineNumber":13},{"Box":[267.968,198.0,10.1802,9.4964],"Polygon":[198.0,267.968,208.1802,267.968,208.1802,277.4644,198.0,277.4644],"IndexInText":614,"OcrConfidence":1.0,"Text":"NY","VisualLineNumber":14},{"Box":[280.668,198.0,32.1198,9.4964],"Polygon":[198.0,280.668,230.1198,280.668,230.1198,290.1644,198.0,290.1644],"IndexInText":617,"OcrConfidence":1.0,"Text":"05/09/2017","VisualLineNumber":15},{"Box":[292.068,198.0,32.1198,9.4964],"Polygon":[198.0,292.068,230.1198,292.068,230.1198,301.5644,198.0,301.5644],"IndexInText":628,"OcrConfidence":1.0,"Text":"07/03/2017","VisualLineNumber":16}]}]},{"IndexInText":640,"Language":"pol","Length":35,"Rotation":"None","SkewAngle":0.0,"Type":"Paragraph","WordGroups":[{"IndexInText":640,"Length":35,"Type":"Other","Words":[{"Box":[340.818,198.0,32.1198,9.4964],"Polygon":[198.0,340.818,230.1198,340.818,230.1198,350.3144,198.0,350.3144],"IndexInText":640,"OcrConfidence":1.0,"Text":"04/24/2017","VisualLineNumber":18},{"Box":[352.968,198.0,10.1802,9.4964],"Polygon":[198.0,352.968,208.1802,352.968,208.1802,362.4644,198.0,362.4644],"IndexInText":651,"OcrConfidence":1.0,"Text":"NY","VisualLineNumber":19},{"Box":[365.668,198.0,32.1198,9.4964],"Polygon":[198.0,365.668,230.1198,365.668,230.1198,375.1644,198.0,375.1644],"IndexInText":654,"OcrConfidence":1.0,"Text":"05/09/2017","VisualLineNumber":20},{"Box":[377.068,198.0,32.1198,9.4964],"Polygon":[198.0,377.068,230.1198,377.068,230.1198,386.5644,198.0,386.5644],"IndexInText":665,"OcrConfidence":1.0,"Text":"05/16/2017","VisualLineNumber":21}]}]},{"IndexInText":677,"Language":"pol","Length":35,"Rotation":"None","SkewAngle":0.0,"Type":"Paragraph","WordGroups":[{"IndexInText":677,"Length":35,"Type":"Other","Words":[{"Box":[425.818,198.0,32.1198,9.4964],"Polygon":[198.0,425.818,230.1198,425.818,230.1198,435.3144,198.0,435.3144],"IndexInText":677,"OcrConfidence":1.0,"Text":"04/11/2017","VisualLineNumber":23},{"Box":[437.968,198.0,10.1802,9.4964],"Polygon":[198.0,437.968,208.1802,437.968,208.1802,447.4644,198.0,447.4644],"IndexInText":688,"OcrConfidence":1.0,"Text":"NY","VisualLineNumber":24},{"Box":[450.668,198.0,32.1198,9.4964],"Polygon":[198.0,450.668,230.1198,450.668,230.1198,460.1644,198.0,460.1644],"IndexInText":691,"OcrConfidence":1.0,"Text":"05/09/2017","VisualLineNumber":25},{"Box":[462.068,198.0,32.1198,9.4964],"Polygon":[198.0,462.068,230.1198,462.068,230.1198,471.5644,198.0,471.5644],"IndexInText":702,"OcrConfidence":1.0,"Text":"05/16/2017","VisualLineNumber":26}]}]},{"IndexInText":714,"Language":"pol","Length":35,"Rotation":"None","SkewAngle":0.0,"Type":"Paragraph","WordGroups":[{"IndexInText":714,"Length":35,"Type":"Other","Words":[{"Box":[510.818,198.0,32.1198,9.4964],"Polygon":[198.0,510.818,230.1198,510.818,230.1198,520.3144,198.0,520.3144],"IndexInText":714,"OcrConfidence":1.0,"Text":"02/26/2018","VisualLineNumber":28},{"Box":[522.968,198.0,10.1802,9.4964],"Polygon":[198.0,522.968,208.1802,522.968,208.1802,532.4644,198.0,532.4644],"IndexInText":725,"OcrConfidence":1.0,"Text":"NY","VisualLineNumber":29},{"Box":[535.668,198.0,32.1198,9.4964],"Polygon":[198.0,535.668,230.1198,535.668,230.1198,545.1644,198.0,545.1644],"IndexInText":728,"OcrConfidence":1.0,"Text":"03/07/2018","VisualLineNumber":30},{"Box":[547.068,198.0,32.1198,9.4964],"Polygon":[198.0,547.068,230.1198,547.068,230.1198,556.5644,198.0,556.5644],"IndexInText":739,"OcrConfidence":1.0,"Text":"06/01/2018","VisualLineNumber":31}]}]},{"IndexInText":751,"Language":"eng","Length":21,"Rotation":"None","SkewAngle":0.0,"Type":"Paragraph","WordGroups":[{"IndexInText":751,"Length":21,"Type":"Heading","Words":[{"Box":[111.8552,306.0,18.8024,9.7572],"Polygon":[306.0,111.8552,324.8024,111.8552,324.8024,121.6124,306.0,121.6124],"IndexInText":751,"OcrConfidence":1.0,"Text":"Status","VisualLineNumber":4},{"Box":[123.8552,246.0,18.4076,9.7572],"Polygon":[246.0,123.8552,264.4076,123.8552,264.4076,133.6124,246.0,133.6124],"IndexInText":758,"OcrConfidence":1.0,"Text":"Claim","VisualLineNumber":5},{"Box":[123.8552,266.1701,15.2773,9.7572],"Polygon":[266.1701,123.8552,281.4474,123.8552,281.4474,133.6124,266.1701,133.6124],"IndexInText":764,"OcrConfidence":1.0,"Text":"Type","VisualLineNumber":5},{"Box":[123.8552,306.0,14.8897,9.7572],"Polygon":[306.0,123.8552,320.8897,123.8552,320.8897,133.6124,306.0,133.6124],"IndexInText":769,"OcrConfidence":1.0,"Text":"LOB","VisualLineNumber":5}]}]},{"IndexInText":774,"Language":"zlm","Length":16,"Rotation":"None","SkewAngle":0.0,"Type":"Paragraph","WordGroups":[{"IndexInText":774,"Length":16,"Type":"Heading","Words":[{"Box":[135.8552,246.0,11.7524,9.7572],"Polygon":[246.0,135.8552,257.7524,135.8552,257.7524,145.6124,246.0,145.6124],"IndexInText":774,"OcrConfidence":1.0,"Text":"Lag","VisualLineNumber":6},{"Box":[147.8552,246.0,28.5948,9.7572],"Polygon":[246.0,147.8552,274.5948,147.8552,274.5948,157.6124,246.0,157.6124],"IndexInText":778,"OcrConfidence":1.0,"Text":"Garaging","VisualLineNumber":7},{"Box":[147.8552,276.3573,11.3575,9.7572],"Polygon":[276.3573,147.8552,287.7148,147.8552,287.7148,157.6124,276.3573,157.6124],"IndexInText":787,"OcrConfidence":1.0,"Text":"Loc","VisualLineNumber":7}]}]},{"IndexInText":792,"Language":"swe","Length":8,"Rotation":"None","SkewAngle":0.0,"Type":"Paragraph","WordGroups":[{"IndexInText":792,"Length":8,"Type":"Heading","Words":[{"Box":[135.8552,306.0,26.6279,9.7572],"Polygon":[306.0,135.8552,332.6279,135.8552,332.6279,145.6124,306.0,145.6124],"IndexInText":792,"OcrConfidence":1.0,"Text":"Adjuster","VisualLineNumber":6}]}]},{"IndexInText":802,"Language":"eng","Length":1,"Rotation":"None","SkewAngle":0.0,"Type":"Paragraph","WordGroups":[{"IndexInText":802,"Length":1,"Type":"Other","Words":[{"Box":[170.818,306.0,4.7024,9.4964],"Polygon":[306.0,170.818,310.7024,170.818,310.7024,180.3144,306.0,180.3144],"IndexInText":802,"OcrConfidence":1.0,"Text":"C","VisualLineNumber":8}]}]},{"IndexInText":805,"Language":"eng","Length":14,"Rotation":"None","SkewAngle":0.0,"Type":"Paragraph","WordGroups":[{"IndexInText":805,"Length":14,"Type":"Heading","Words":[{"Box":[182.968,246.0,20.3604,9.4964],"Polygon":[246.0,182.968,266.3604,182.968,266.3604,192.4644,246.0,192.4644],"IndexInText":805,"OcrConfidence":1.0,"Text":"Record","VisualLineNumber":9},{"Box":[182.968,268.1229,14.1,9.4964],"Polygon":[268.1229,182.968,282.2229,182.968,282.2229,192.4644,268.1229,192.4644],"IndexInText":812,"OcrConfidence":1.0,"Text":"Only","VisualLineNumber":9},{"Box":[182.968,306.0,9.3976,9.4964],"Polygon":[306.0,182.968,315.3976,182.968,315.3976,192.4644,306.0,192.4644],"IndexInText":817,"OcrConfidence":1.0,"Text":"GL","VisualLineNumber":9}]}]},{"IndexInText":821,"Language":"eng","Length":2,"Rotation":"None","SkewAngle":0.0,"Type":"Paragraph","WordGroups":[{"IndexInText":821,"Length":2,"Type":"Other","Words":[{"Box":[195.668,247.7625,7.05,9.4964],"Polygon":[247.7625,195.668,254.8125,195.668,254.8125,205.1644,247.7625,205.1644],"IndexInText":821,"OcrConfidence":1.0,"Text":"87","VisualLineNumber":10}]}]},{"IndexInText":825,"Language":"deu","Length":12,"Rotation":"None","SkewAngle":0.0,"Type":"Paragraph","WordGroups":[{"IndexInText":825,"Length":12,"Type":"Heading","Words":[{"Box":[195.668,306.0,16.0599,9.4964],"Polygon":[306.0,195.668,322.0599,195.668,322.0599,205.1644,306.0,205.1644],"IndexInText":825,"OcrConfidence":1.0,"Text":"Sallie","VisualLineNumber":10},{"Box":[195.668,323.8224,16.8354,9.4964],"Polygon":[323.8224,195.668,340.6578,195.668,340.6578,205.1644,323.8224,205.1644],"IndexInText":832,"OcrConfidence":1.0,"Text":"Kraus","VisualLineNumber":10}]}]},{"IndexInText":839,"Language":"eng","Length":16,"Rotation":"None","SkewAngle":0.0,"Type":"Paragraph","WordGroups":[{"IndexInText":839,"Length":16,"Type":"Heading","Words":[{"Box":[255.818,306.0,4.7024,9.4964],"Polygon":[306.0,255.818,310.7024,255.818,310.7024,265.3144,306.0,265.3144],"IndexInText":839,"OcrConfidence":1.0,"Text":"C","VisualLineNumber":13},{"Box":[267.968,246.0,20.3604,9.4964],"Polygon":[246.0,267.968,266.3604,267.968,266.3604,277.4644,246.0,277.4644],"IndexInText":841,"OcrConfidence":1.0,"Text":"Record","VisualLineNumber":14},{"Box":[267.968,268.1229,14.1,9.4964],"Polygon":[268.1229,267.968,282.2229,267.968,282.2229,277.4644,268.1229,277.4644],"IndexInText":848,"OcrConfidence":1.0,"Text":"Only","VisualLineNumber":14},{"Box":[267.968,306.0,9.3976,9.4964],"Polygon":[306.0,267.968,315.3976,267.968,315.3976,277.4644,306.0,277.4644],"IndexInText":853,"OcrConfidence":1.0,"Text":"GL","VisualLineNumber":14}]}]},{"IndexInText":857,"Language":"eng","Length":2,"Rotation":"None","SkewAngle":0.0,"Type":"Paragraph","WordGroups":[{"IndexInText":857,"Length":2,"Type":"Other","Words":[{"Box":[280.668,247.7625,7.05,9.4964],"Polygon":[247.7625,280.668,254.8125,280.668,254.8125,290.1644,247.7625,290.1644],"IndexInText":857,"OcrConfidence":1.0,"Text":"87","VisualLineNumber":15}]}]},{"IndexInText":861,"Language":"deu","Length":12,"Rotation":"None","SkewAngle":0.0,"Type":"Paragraph","WordGroups":[{"IndexInText":861,"Length":12,"Type":"Heading","Words":[{"Box":[280.668,306.0,16.0599,9.4964],"Polygon":[306.0,280.668,322.0599,280.668,322.0599,290.1644,306.0,290.1644],"IndexInText":861,"OcrConfidence":1.0,"Text":"Sallie","VisualLineNumber":15},{"Box":[280.668,323.8224,16.8354,9.4964],"Polygon":[323.8224,280.668,340.6578,280.668,340.6578,290.1644,323.8224,290.1644],"IndexInText":868,"OcrConfidence":1.0,"Text":"Kraus","VisualLineNumber":15}]}]},{"IndexInText":875,"Language":"eng","Length":34,"Rotation":"None","SkewAngle":0.0,"Type":"Paragraph","WordGroups":[{"IndexInText":875,"Length":34,"Type":"Heading","Words":[{"Box":[340.818,306.0,4.7024,9.4964],"Polygon":[306.0,340.818,310.7024,340.818,310.7024,350.3144,306.0,350.3144],"IndexInText":875,"OcrConfidence":1.0,"Text":"C","VisualLineNumber":18},{"Box":[352.968,246.0,24.2873,9.4964],"Polygon":[246.0,352.968,270.2873,352.968,270.2873,362.4644,246.0,362.4644],"IndexInText":877,"OcrConfidence":1.0,"Text":"Liability","VisualLineNumber":19},{"Box":[352.968,272.0497,2.3476,9.4964],"Polygon":[272.0497,352.968,274.3973,352.968,274.3973,362.4644,272.0497,362.4644],"IndexInText":887,"OcrConfidence":1.0,"Text":"-","VisualLineNumber":19},{"Box":[352.968,276.1599,14.107,9.4964],"Polygon":[276.1599,352.968,290.2669,352.968,290.2669,362.4644,276.1599,362.4644],"IndexInText":889,"OcrConfidence":1.0,"Text":"Clmt","VisualLineNumber":19},{"Box":[352.968,292.0294,11.3646,9.4964],"Polygon":[292.0294,352.968,303.394,352.968,303.394,362.4644,292.0294,362.4644],"IndexInText":894,"OcrConfidence":1.0,"Text":"Slip","VisualLineNumber":19},{"Box":[352.968,305.1565,10.2411,9.4964],"Polygon":[305.1565,352.968,315.3976,352.968,315.3976,362.4644,305.1565,362.4644],"IndexInText":899,"OcrConfidence":1.0,"Text":"aGnLd","VisualLineNumber":19},{"Box":[352.968,317.0992,10.9698,9.4964],"Polygon":[317.0992,352.968,328.069,352.968,328.069,362.4644,317.0992,362.4644],"IndexInText":905,"OcrConfidence":1.0,"Text":"Fall","VisualLineNumber":19}]}]},{"IndexInText":911,"Language":"eng","Length":2,"Rotation":"None","SkewAngle":0.0,"Type":"Paragraph","WordGroups":[{"IndexInText":911,"Length":2,"Type":"Other","Words":[{"Box":[365.668,247.7625,7.05,9.4964],"Polygon":[247.7625,365.668,254.8125,365.668,254.8125,375.1644,247.7625,375.1644],"IndexInText":911,"OcrConfidence":1.0,"Text":"15","VisualLineNumber":20}]}]},{"IndexInText":915,"Language":"deu","Length":12,"Rotation":"None","SkewAngle":0.0,"Type":"Paragraph","WordGroups":[{"IndexInText":915,"Length":12,"Type":"Heading","Words":[{"Box":[365.668,306.0,16.0599,9.4964],"Polygon":[306.0,365.668,322.0599,365.668,322.0599,375.1644,306.0,375.1644],"IndexInText":915,"OcrConfidence":1.0,"Text":"Sallie","VisualLineNumber":20},{"Box":[365.668,323.8224,16.8354,9.4964],"Polygon":[323.8224,365.668,340.6578,365.668,340.6578,375.1644,323.8224,375.1644],"IndexInText":922,"OcrConfidence":1.0,"Text":"Kraus","VisualLineNumber":20}]}]},{"IndexInText":929,"Language":"eng","Length":16,"Rotation":"None","SkewAngle":0.0,"Type":"Paragraph","WordGroups":[{"IndexInText":929,"Length":16,"Type":"Heading","Words":[{"Box":[425.818,306.0,4.7024,9.4964],"Polygon":[306.0,425.818,310.7024,425.818,310.7024,435.3144,306.0,435.3144],"IndexInText":929,"OcrConfidence":1.0,"Text":"C","VisualLineNumber":23},{"Box":[437.968,246.0,20.3604,9.4964],"Polygon":[246.0,437.968,266.3604,437.968,266.3604,447.4644,246.0,447.4644],"IndexInText":931,"OcrConfidence":1.0,"Text":"Record","VisualLineNumber":24},{"Box":[437.968,268.1229,14.1,9.4964],"Polygon":[268.1229,437.968,282.2229,437.968,282.2229,447.4644,268.1229,447.4644],"IndexInText":938,"OcrConfidence":1.0,"Text":"Only","VisualLineNumber":24},{"Box":[437.968,306.0,9.3976,9.4964],"Polygon":[306.0,437.968,315.3976,437.968,315.3976,447.4644,306.0,447.4644],"IndexInText":943,"OcrConfidence":1.0,"Text":"GL","VisualLineNumber":24}]}]},{"IndexInText":947,"Language":"eng","Length":2,"Rotation":"None","SkewAngle":0.0,"Type":"Paragraph","WordGroups":[{"IndexInText":947,"Length":2,"Type":"Other","Words":[{"Box":[450.668,247.7625,7.05,9.4964],"Polygon":[247.7625,450.668,254.8125,450.668,254.8125,460.1644,247.7625,460.1644],"IndexInText":947,"OcrConfidence":1.0,"Text":"28","VisualLineNumber":25}]}]},{"IndexInText":951,"Language":"deu","Length":12,"Rotation":"None","SkewAngle":0.0,"Type":"Paragraph","WordGroups":[{"IndexInText":951,"Length":12,"Type":"Heading","Words":[{"Box":[450.668,306.0,16.0599,9.4964],"Polygon":[306.0,450.668,322.0599,450.668,322.0599,460.1644,306.0,460.1644],"IndexInText":951,"OcrConfidence":1.0,"Text":"Sallie","VisualLineNumber":25},{"Box":[450.668,323.8224,16.8354,9.4964],"Polygon":[323.8224,450.668,340.6578,450.668,340.6578,460.1644,323.8224,460.1644],"IndexInText":958,"OcrConfidence":1.0,"Text":"Kraus","VisualLineNumber":25}]}]},{"IndexInText":965,"Language":"fra","Length":21,"Rotation":"None","SkewAngle":0.0,"Type":"Paragraph","WordGroups":[{"IndexInText":965,"Length":21,"Type":"Other","Words":[{"Box":[510.818,306.0,4.7024,9.4964],"Polygon":[306.0,510.818,310.7024,510.818,310.7024,520.3144,306.0,520.3144],"IndexInText":965,"OcrConfidence":1.0,"Text":"C","VisualLineNumber":28},{"Box":[522.968,246.0,21.9255,9.4964],"Polygon":[246.0,522.968,267.9255,522.968,267.9255,532.4644,246.0,532.4644],"IndexInText":967,"OcrConfidence":1.0,"Text":"Vehicle","VisualLineNumber":29},{"Box":[522.968,269.688,25.4505,9.4964],"Polygon":[269.688,522.968,295.1385,522.968,295.1385,532.4644,269.688,532.4644],"IndexInText":975,"OcrConfidence":1.0,"Text":"Accident","VisualLineNumber":29},{"Box":[522.968,306.0,9.7924,9.4964],"Polygon":[306.0,522.968,315.7924,522.968,315.7924,532.4644,306.0,532.4644],"IndexInText":984,"OcrConfidence":1.0,"Text":"CA","VisualLineNumber":29}]}]},{"IndexInText":988,"Language":"eng","Length":1,"Rotation":"None","SkewAngle":0.0,"Type":"Footer","WordGroups":[{"IndexInText":988,"Length":1,"Type":"Other","Words":[{"Box":[535.668,247.7625,3.525,9.4964],"Polygon":[247.7625,535.668,251.2875,535.668,251.2875,545.1644,247.7625,545.1644],"IndexInText":988,"OcrConfidence":1.0,"Text":"9","VisualLineNumber":30}]}]},{"IndexInText":991,"Language":"dan","Length":15,"Rotation":"None","SkewAngle":0.0,"Type":"Paragraph","WordGroups":[{"IndexInText":991,"Length":15,"Type":"Other","Words":[{"Box":[535.668,306.0,21.15,9.4964],"Polygon":[306.0,535.668,327.15,535.668,327.15,545.1644,306.0,545.1644],"IndexInText":991,"OcrConfidence":1.0,"Text":"Bridget","VisualLineNumber":30},{"Box":[535.668,328.9125,22.7151,9.4964],"Polygon":[328.9125,535.668,351.6276,535.668,351.6276,545.1644,328.9125,545.1644],"IndexInText":999,"OcrConfidence":1.0,"Text":"Tubridy","VisualLineNumber":30}]}]},{"IndexInText":1008,"Language":"eng","Length":41,"Rotation":"None","SkewAngle":0.0,"Type":"Paragraph","WordGroups":[{"IndexInText":1008,"Length":41,"Type":"Other","Words":[{"Box":[23.9536,412.3,20.7037,14.7396],"Polygon":[412.3,23.9536,433.0037,23.9536,433.0037,38.6932,412.3,38.6932],"IndexInText":1008,"OcrConfidence":1.0,"Text":"CPP","VisualLineNumber":0},{"Box":[23.9536,435.6661,27.2321,14.7396],"Polygon":[435.6661,23.9536,462.8982,23.9536,462.8982,38.6932,435.6661,38.6932],"IndexInText":1012,"OcrConfidence":1.0,"Text":"LOSS","VisualLineNumber":0},{"Box":[23.9536,465.5607,23.0679,14.7396],"Polygon":[465.5607,23.9536,488.6286,23.9536,488.6286,38.6932,465.5607,38.6932],"IndexInText":1017,"OcrConfidence":1.0,"Text":"RUN","VisualLineNumber":0},{"Box":[23.9536,491.2911,44.3786,14.7396],"Polygon":[491.2911,23.9536,535.6697,23.9536,535.6697,38.6932,491.2911,38.6932],"IndexInText":1021,"OcrConfidence":1.0,"Text":"REPORT","VisualLineNumber":0},{"Box":[41.6536,417.15,42.0035,14.7396],"Polygon":[417.15,41.6536,459.1535,41.6536,459.1535,56.3932,417.15,56.3932],"IndexInText":1028,"OcrConfidence":1.0,"Text":"AmTrust","VisualLineNumber":2},{"Box":[41.6536,461.8161,27.2108,14.7396],"Polygon":[461.8161,41.6536,489.0269,41.6536,489.0269,56.3932,461.8161,56.3932],"IndexInText":1036,"OcrConfidence":1.0,"Text":"North","VisualLineNumber":2},{"Box":[41.6536,491.6894,39.0322,14.7396],"Polygon":[491.6894,41.6536,530.7216,41.6536,530.7216,56.3932,491.6894,56.3932],"IndexInText":1042,"OcrConfidence":1.0,"Text":"America","VisualLineNumber":2}]}]},{"IndexInText":1051,"Language":"spa","Length":11,"Rotation":"None","SkewAngle":0.0,"Type":"Paragraph","WordGroups":[{"IndexInText":1051,"Length":11,"Type":"Heading","Words":[{"Box":[65.8052,453.55,16.4547,9.7572],"Polygon":[453.55,65.8052,470.0047,65.8052,470.0047,75.5624,453.55,75.5624],"IndexInText":1051,"OcrConfidence":1.0,"Text":"Cobb","VisualLineNumber":3},{"Box":[65.8052,471.7672,6.4649,9.7572],"Polygon":[471.7672,65.8052,478.2321,65.8052,478.2321,75.5624,471.7672,75.5624],"IndexInText":1056,"OcrConfidence":1.0,"Text":"B,","VisualLineNumber":3},{"Box":[65.8052,479.9945,14.4949,9.7572],"Polygon":[479.9945,65.8052,494.4894,65.8052,494.4894,75.5624,479.9945,75.5624],"IndexInText":1059,"OcrConfidence":1.0,"Text":"LLC","VisualLineNumber":3}]}]},{"IndexInText":1064,"Language":"eng","Length":45,"Rotation":"None","SkewAngle":0.0,"Type":"Paragraph","WordGroups":[{"IndexInText":1064,"Length":45,"Type":"Heading","Words":[{"Box":[111.8552,366.0,23.5047,9.7572],"Polygon":[366.0,111.8552,389.5047,111.8552,389.5047,121.6124,366.0,121.6124],"IndexInText":1064,"OcrConfidence":1.0,"Text":"Insured","VisualLineNumber":4},{"Box":[111.8552,391.2672,19.9656,9.7572],"Polygon":[391.2672,111.8552,411.2328,111.8552,411.2328,121.6124,391.2672,121.6124],"IndexInText":1072,"OcrConfidence":1.0,"Text":"Driver","VisualLineNumber":4},{"Box":[123.8552,366.0,41.9122,9.7572],"Polygon":[366.0,123.8552,407.9122,123.8552,407.9122,133.6124,366.0,133.6124],"IndexInText":1079,"OcrConfidence":1.0,"Text":"Unit/Location","VisualLineNumber":5},{"Box":[135.8552,366.0,13.7123,9.7572],"Polygon":[366.0,135.8552,379.7123,135.8552,379.7123,145.6124,366.0,145.6124],"IndexInText":1093,"OcrConfidence":1.0,"Text":"Loss","VisualLineNumber":6},{"Box":[135.8552,381.4748,34.8552,9.7572],"Polygon":[381.4748,135.8552,416.33,135.8552,416.33,145.6124,381.4748,145.6124],"IndexInText":1098,"OcrConfidence":1.0,"Text":"Description","VisualLineNumber":6}]}]},{"IndexInText":1111,"Language":"eng","Length":11,"Rotation":"None","SkewAngle":0.0,"Type":"Paragraph","WordGroups":[{"IndexInText":1111,"Length":11,"Type":"Other","Words":[{"Box":[182.818,366.0,8.6151,9.4964],"Polygon":[366.0,182.818,374.6151,182.818,374.6151,192.3144,366.0,192.3144],"IndexInText":1111,"OcrConfidence":1.0,"Text":"cut","VisualLineNumber":9},{"Box":[182.818,376.3776,7.05,9.4964],"Polygon":[376.3776,182.818,383.4276,182.818,383.4276,192.3144,376.3776,192.3144],"IndexInText":1115,"OcrConfidence":1.0,"Text":"on","VisualLineNumber":9},{"Box":[182.818,385.1901,12.1401,9.4964],"Polygon":[385.1901,182.818,397.3302,182.818,397.3302,192.3144,385.1901,192.3144],"IndexInText":1118,"OcrConfidence":1.0,"Text":"chin","VisualLineNumber":9}]}]},{"IndexInText":1124,"Language":"eng","Length":149,"Rotation":"None","SkewAngle":0.0,"Type":"Paragraph","WordGroups":[{"IndexInText":1124,"Length":132,"Type":"Sentence","Words":[{"Box":[195.968,366.0,9.3976,9.4964],"Polygon":[366.0,195.968,375.3976,195.968,375.3976,205.4644,366.0,205.4644],"IndexInText":1124,"OcrConfidence":1.0,"Text":"GL","VisualLineNumber":10},{"Box":[195.968,377.1602,2.3476,9.4964],"Polygon":[377.1602,195.968,379.5078,195.968,379.5078,205.4644,377.1602,205.4644],"IndexInText":1127,"OcrConfidence":1.0,"Text":"-","VisualLineNumber":10},{"Box":[195.968,381.2703,20.3604,9.4964],"Polygon":[381.2703,195.968,401.6307,195.968,401.6307,205.4644,381.2703,205.4644],"IndexInText":1129,"OcrConfidence":1.0,"Text":"Record","VisualLineNumber":10},{"Box":[195.968,403.3932,14.1,9.4964],"Polygon":[403.3932,195.968,417.4932,195.968,417.4932,205.4644,403.3932,205.4644],"IndexInText":1136,"OcrConfidence":1.0,"Text":"Only","VisualLineNumber":10},{"Box":[195.968,419.2557,2.3476,9.4964],"Polygon":[419.2557,195.968,421.6033,195.968,421.6033,205.4644,419.2557,205.4644],"IndexInText":1141,"OcrConfidence":1.0,"Text":"-","VisualLineNumber":10},{"Box":[195.968,423.3658,12.9227,9.4964],"Polygon":[423.3658,195.968,436.2885,195.968,436.2885,205.4644,423.3658,205.4644],"IndexInText":1143,"OcrConfidence":1.0,"Text":"Two","VisualLineNumber":10},{"Box":[195.968,438.051,31.9153,9.4964],"Polygon":[438.051,195.968,469.9663,195.968,469.9663,205.4644,438.051,205.4644],"IndexInText":1147,"OcrConfidence":1.0,"Text":"consumers,","VisualLineNumber":10},{"Box":[195.968,471.7288,12.5349,9.4964],"Polygon":[471.7288,195.968,484.2637,195.968,484.2637,205.4644,471.7288,205.4644],"IndexInText":1158,"OcrConfidence":1.0,"Text":"both","VisualLineNumber":10},{"Box":[195.968,486.0262,5.8726,9.4964],"Polygon":[486.0262,195.968,491.8988,195.968,491.8988,205.4644,486.0262,205.4644],"IndexInText":1163,"OcrConfidence":1.0,"Text":"of","VisualLineNumber":10},{"Box":[195.968,493.6614,17.625,9.4964],"Polygon":[493.6614,195.968,511.2864,195.968,511.2864,205.4644,493.6614,205.4644],"IndexInText":1166,"OcrConfidence":1.0,"Text":"whom","VisualLineNumber":10},{"Box":[206.468,366.0,16.8354,9.4964],"Polygon":[366.0,206.468,382.8354,206.468,382.8354,215.9644,366.0,215.9644],"IndexInText":1171,"OcrConfidence":1.0,"Text":"reside","VisualLineNumber":11},{"Box":[206.468,384.5979,5.0901,9.4964],"Polygon":[384.5979,206.468,389.688,206.468,389.688,215.9644,384.5979,215.9644],"IndexInText":1178,"OcrConfidence":1.0,"Text":"at","VisualLineNumber":11},{"Box":[206.468,391.4505,24.7667,9.4964],"Polygon":[391.4505,206.468,416.2172,206.468,416.2172,215.9644,391.4505,215.9644],"IndexInText":1181,"OcrConfidence":1.0,"Text":"insured's","VisualLineNumber":11},{"Box":[206.468,417.9797,18.4005,9.4964],"Polygon":[417.9797,206.468,436.3802,206.468,436.3802,215.9644,417.9797,215.9644],"IndexInText":1191,"OcrConfidence":1.0,"Text":"Marcy","VisualLineNumber":11},{"Box":[206.468,438.1426,12.5279,9.4964],"Polygon":[438.1426,206.468,450.6705,206.468,450.6705,215.9644,438.1426,215.9644],"IndexInText":1197,"OcrConfidence":1.0,"Text":"Hart","VisualLineNumber":11},{"Box":[206.468,452.433,11.3575,9.4964],"Polygon":[452.433,206.468,463.7905,206.468,463.7905,215.9644,452.433,215.9644],"IndexInText":1202,"OcrConfidence":1.0,"Text":"MH","VisualLineNumber":11},{"Box":[206.468,465.553,28.3833,9.4964],"Polygon":[465.553,206.468,493.9363,206.468,493.9363,215.9644,465.553,215.9644],"IndexInText":1205,"OcrConfidence":1.0,"Text":"residence,","VisualLineNumber":11},{"Box":[206.468,495.6988,13.6982,9.4964],"Polygon":[495.6988,206.468,509.397,206.468,509.397,215.9644,495.6988,215.9644],"IndexInText":1216,"OcrConfidence":1.0,"Text":"were","VisualLineNumber":11},{"Box":[216.968,366.0,24.675,9.4964],"Polygon":[366.0,216.968,390.675,216.968,390.675,226.4644,366.0,226.4644],"IndexInText":1221,"OcrConfidence":1.0,"Text":"involved","VisualLineNumber":12},{"Box":[216.968,392.4375,5.4849,9.4964],"Polygon":[392.4375,216.968,397.9224,216.968,397.9224,226.4644,392.4375,226.4644],"IndexInText":1230,"OcrConfidence":1.0,"Text":"in","VisualLineNumber":12},{"Box":[216.968,399.6849,3.1302,9.4964],"Polygon":[399.6849,216.968,402.8151,216.968,402.8151,226.4644,399.6849,226.4644],"IndexInText":1233,"OcrConfidence":1.0,"Text":"a","VisualLineNumber":12},{"Box":[216.968,404.5776,23.4976,9.4964],"Polygon":[404.5776,216.968,428.0752,216.968,428.0752,226.4644,404.5776,226.4644],"IndexInText":1235,"OcrConfidence":1.0,"Text":"physical","VisualLineNumber":12},{"Box":[216.968,429.8377,31.5206,9.4964],"Polygon":[429.8377,216.968,461.3583,216.968,461.3583,226.4644,429.8377,226.4644],"IndexInText":1244,"OcrConfidence":1.0,"Text":"altercation.","VisualLineNumber":12}]},{"IndexInText":1257,"Length":16,"Type":"Other","Words":[{"Box":[216.968,463.1208,11.7453,9.4964],"Polygon":[463.1208,216.968,474.8661,216.968,474.8661,226.4644,463.1208,226.4644],"IndexInText":1257,"OcrConfidence":1.0,"Text":"One","VisualLineNumber":12},{"Box":[216.968,476.6286,27.4103,9.4964],"Polygon":[476.6286,216.968,504.0389,216.968,504.0389,226.4644,476.6286,226.4644],"IndexInText":1261,"OcrConfidence":1.0,"Text":"consumer","VisualLineNumber":12},{"Box":[216.968,505.8015,8.6151,9.4964],"Polygon":[505.8015,216.968,514.4166,216.968,514.4166,226.4644,505.8015,226.4644],"IndexInText":1270,"OcrConfidence":1.0,"Text":"cut","VisualLineNumber":12}]}]},{"IndexInText":1275,"Language":"eng","Length":7,"Rotation":"None","SkewAngle":0.0,"Type":"Paragraph","WordGroups":[{"IndexInText":1275,"Length":7,"Type":"Other","Words":[{"Box":[267.818,366.0,26.2401,9.4964],"Polygon":[366.0,267.818,392.2401,267.818,392.2401,277.3144,366.0,277.3144],"IndexInText":1275,"OcrConfidence":1.0,"Text":"unknown","VisualLineNumber":14}]}]},{"IndexInText":1284,"Language":"eng","Length":149,"Rotation":"None","SkewAngle":0.0,"Type":"Paragraph","WordGroups":[{"IndexInText":1284,"Length":132,"Type":"Sentence","Words":[{"Box":[280.968,366.0,9.3976,9.4964],"Polygon":[366.0,280.968,375.3976,280.968,375.3976,290.4644,366.0,290.4644],"IndexInText":1284,"OcrConfidence":1.0,"Text":"GL","VisualLineNumber":15},{"Box":[280.968,377.1602,2.3476,9.4964],"Polygon":[377.1602,280.968,379.5078,280.968,379.5078,290.4644,377.1602,290.4644],"IndexInText":1287,"OcrConfidence":1.0,"Text":"-","VisualLineNumber":15},{"Box":[280.968,381.2703,20.3604,9.4964],"Polygon":[381.2703,280.968,401.6307,280.968,401.6307,290.4644,381.2703,290.4644],"IndexInText":1289,"OcrConfidence":1.0,"Text":"Record","VisualLineNumber":15},{"Box":[280.968,403.3932,14.1,9.4964],"Polygon":[403.3932,280.968,417.4932,280.968,417.4932,290.4644,403.3932,290.4644],"IndexInText":1296,"OcrConfidence":1.0,"Text":"Only","VisualLineNumber":15},{"Box":[280.968,419.2557,2.3476,9.4964],"Polygon":[419.2557,280.968,421.6033,280.968,421.6033,290.4644,419.2557,290.4644],"IndexInText":1301,"OcrConfidence":1.0,"Text":"-","VisualLineNumber":15},{"Box":[280.968,423.3658,12.9227,9.4964],"Polygon":[423.3658,280.968,436.2885,280.968,436.2885,290.4644,423.3658,290.4644],"IndexInText":1303,"OcrConfidence":1.0,"Text":"Two","VisualLineNumber":15},{"Box":[280.968,438.051,31.9153,9.4964],"Polygon":[438.051,280.968,469.9663,280.968,469.9663,290.4644,438.051,290.4644],"IndexInText":1307,"OcrConfidence":1.0,"Text":"consumers,","VisualLineNumber":15},{"Box":[280.968,471.7288,12.5349,9.4964],"Polygon":[471.7288,280.968,484.2637,280.968,484.2637,290.4644,471.7288,290.4644],"IndexInText":1318,"OcrConfidence":1.0,"Text":"both","VisualLineNumber":15},{"Box":[280.968,486.0262,5.8726,9.4964],"Polygon":[486.0262,280.968,491.8988,280.968,491.8988,290.4644,486.0262,290.4644],"IndexInText":1323,"OcrConfidence":1.0,"Text":"of","VisualLineNumber":15},{"Box":[280.968,493.6614,17.625,9.4964],"Polygon":[493.6614,280.968,511.2864,280.968,511.2864,290.4644,493.6614,290.4644],"IndexInText":1326,"OcrConfidence":1.0,"Text":"whom","VisualLineNumber":15},{"Box":[291.468,366.0,16.8354,9.4964],"Polygon":[366.0,291.468,382.8354,291.468,382.8354,300.9644,366.0,300.9644],"IndexInText":1331,"OcrConfidence":1.0,"Text":"reside","VisualLineNumber":16},{"Box":[291.468,384.5979,5.0901,9.4964],"Polygon":[384.5979,291.468,389.688,291.468,389.688,300.9644,384.5979,300.9644],"IndexInText":1338,"OcrConfidence":1.0,"Text":"at","VisualLineNumber":16},{"Box":[291.468,391.4505,24.7667,9.4964],"Polygon":[391.4505,291.468,416.2172,291.468,416.2172,300.9644,391.4505,300.9644],"IndexInText":1341,"OcrConfidence":1.0,"Text":"insured's","VisualLineNumber":16},{"Box":[291.468,417.9797,18.4005,9.4964],"Polygon":[417.9797,291.468,436.3802,291.468,436.3802,300.9644,417.9797,300.9644],"IndexInText":1351,"OcrConfidence":1.0,"Text":"Marcy","VisualLineNumber":16},{"Box":[291.468,438.1426,12.5279,9.4964],"Polygon":[438.1426,291.468,450.6705,291.468,450.6705,300.9644,438.1426,300.9644],"IndexInText":1357,"OcrConfidence":1.0,"Text":"Hart","VisualLineNumber":16},{"Box":[291.468,452.433,11.3575,9.4964],"Polygon":[452.433,291.468,463.7905,291.468,463.7905,300.9644,452.433,300.9644],"IndexInText":1362,"OcrConfidence":1.0,"Text":"MH","VisualLineNumber":16},{"Box":[291.468,465.553,28.3833,9.4964],"Polygon":[465.553,291.468,493.9363,291.468,493.9363,300.9644,465.553,300.9644],"IndexInText":1365,"OcrConfidence":1.0,"Text":"residence,","VisualLineNumber":16},{"Box":[291.468,495.6988,13.6982,9.4964],"Polygon":[495.6988,291.468,509.397,291.468,509.397,300.9644,495.6988,300.9644],"IndexInText":1376,"OcrConfidence":1.0,"Text":"were","VisualLineNumber":16},{"Box":[301.968,366.0,24.675,9.4964],"Polygon":[366.0,301.968,390.675,301.968,390.675,311.4644,366.0,311.4644],"IndexInText":1381,"OcrConfidence":1.0,"Text":"involved","VisualLineNumber":17},{"Box":[301.968,392.4375,5.4849,9.4964],"Polygon":[392.4375,301.968,397.9224,301.968,397.9224,311.4644,392.4375,311.4644],"IndexInText":1390,"OcrConfidence":1.0,"Text":"in","VisualLineNumber":17},{"Box":[301.968,399.6849,3.1302,9.4964],"Polygon":[399.6849,301.968,402.8151,301.968,402.8151,311.4644,399.6849,311.4644],"IndexInText":1393,"OcrConfidence":1.0,"Text":"a","VisualLineNumber":17},{"Box":[301.968,404.5776,23.4976,9.4964],"Polygon":[404.5776,301.968,428.0752,301.968,428.0752,311.4644,404.5776,311.4644],"IndexInText":1395,"OcrConfidence":1.0,"Text":"physical","VisualLineNumber":17},{"Box":[301.968,429.8377,31.5206,9.4964],"Polygon":[429.8377,301.968,461.3583,301.968,461.3583,311.4644,429.8377,311.4644],"IndexInText":1404,"OcrConfidence":1.0,"Text":"altercation.","VisualLineNumber":17}]},{"IndexInText":1417,"Length":16,"Type":"Other","Words":[{"Box":[301.968,463.1208,11.7453,9.4964],"Polygon":[463.1208,301.968,474.8661,301.968,474.8661,311.4644,463.1208,311.4644],"IndexInText":1417,"OcrConfidence":1.0,"Text":"One","VisualLineNumber":17},{"Box":[301.968,476.6286,27.4103,9.4964],"Polygon":[476.6286,301.968,504.0389,301.968,504.0389,311.4644,476.6286,311.4644],"IndexInText":1421,"OcrConfidence":1.0,"Text":"consumer","VisualLineNumber":17},{"Box":[301.968,505.8015,8.6151,9.4964],"Polygon":[505.8015,301.968,514.4166,301.968,514.4166,311.4644,505.8015,311.4644],"IndexInText":1430,"OcrConfidence":1.0,"Text":"cut","VisualLineNumber":17}]}]},{"IndexInText":1435,"Language":"eng","Length":10,"Rotation":"None","SkewAngle":0.0,"Type":"Paragraph","WordGroups":[{"IndexInText":1435,"Length":10,"Type":"Other","Words":[{"Box":[352.818,366.0,16.0528,9.4964],"Polygon":[366.0,352.818,382.0528,352.818,382.0528,362.3144,366.0,362.3144],"IndexInText":1435,"OcrConfidence":1.0,"Text":"lower","VisualLineNumber":19},{"Box":[352.818,383.8153,13.3104,9.4964],"Polygon":[383.8153,352.818,397.1257,352.818,397.1257,362.3144,383.8153,362.3144],"IndexInText":1441,"OcrConfidence":1.0,"Text":"back","VisualLineNumber":19}]}]},{"IndexInText":1447,"Language":"eng","Length":120,"Rotation":"None","SkewAngle":0.0,"Type":"Paragraph","WordGroups":[{"IndexInText":1447,"Length":120,"Type":"Sentence","Words":[{"Box":[365.968,366.0,23.1029,9.4964],"Polygon":[366.0,365.968,389.1029,365.968,389.1029,375.4644,366.0,375.4644],"IndexInText":1447,"OcrConfidence":1.0,"Text":"Incident","VisualLineNumber":20},{"Box":[365.968,390.8654,16.4475,9.4964],"Polygon":[390.8654,365.968,407.3129,365.968,407.3129,375.4644,390.8654,375.4644],"IndexInText":1456,"OcrConfidence":1.0,"Text":"Only-","VisualLineNumber":20},{"Box":[365.968,409.0755,19.1901,9.4964],"Polygon":[409.0755,365.968,428.2656,365.968,428.2656,375.4644,409.0755,375.4644],"IndexInText":1462,"OcrConfidence":1.0,"Text":"Joseph","VisualLineNumber":20},{"Box":[365.968,430.0281,23.8784,9.4964],"Polygon":[430.0281,365.968,453.9065,365.968,453.9065,375.4644,430.0281,375.4644],"IndexInText":1469,"OcrConfidence":1.0,"Text":"Carreras","VisualLineNumber":20},{"Box":[365.968,455.6689,12.1401,9.4964],"Polygon":[455.6689,365.968,467.809,365.968,467.809,375.4644,455.6689,375.4644],"IndexInText":1478,"OcrConfidence":1.0,"Text":"who","VisualLineNumber":20},{"Box":[365.968,469.5715,19.5779,9.4964],"Polygon":[469.5715,365.968,489.1494,365.968,489.1494,375.4644,469.5715,375.4644],"IndexInText":1482,"OcrConfidence":1.0,"Text":"resides","VisualLineNumber":20},{"Box":[365.968,490.9119,5.0901,9.4964],"Polygon":[490.9119,365.968,496.002,365.968,496.002,375.4644,490.9119,375.4644],"IndexInText":1490,"OcrConfidence":1.0,"Text":"at","VisualLineNumber":20},{"Box":[365.968,497.7645,21.1429,9.4964],"Polygon":[497.7645,365.968,518.9074,365.968,518.9074,375.4644,497.7645,375.4644],"IndexInText":1493,"OcrConfidence":1.0,"Text":"Insured","VisualLineNumber":20},{"Box":[376.468,366.0,14.1,9.4964],"Polygon":[366.0,376.468,380.1,376.468,380.1,385.9644,366.0,385.9644],"IndexInText":1501,"OcrConfidence":1.0,"Text":"Rose","VisualLineNumber":21},{"Box":[376.468,381.8625,28.5878,9.4964],"Polygon":[381.8625,376.468,410.4503,376.468,410.4503,385.9644,381.8625,385.9644],"IndexInText":1506,"OcrConfidence":1.0,"Text":"McCarthy","VisualLineNumber":21},{"Box":[376.468,412.2128,20.5578,9.4964],"Polygon":[412.2128,376.468,432.7706,376.468,432.7706,385.9644,412.2128,385.9644],"IndexInText":1515,"OcrConfidence":1.0,"Text":"shelter,","VisualLineNumber":21},{"Box":[376.468,434.5331,9.3976,9.4964],"Polygon":[434.5331,376.468,443.9307,376.468,443.9307,385.9644,434.5331,385.9644],"IndexInText":1524,"OcrConfidence":1.0,"Text":"fell","VisualLineNumber":21},{"Box":[376.468,445.6932,5.4849,9.4964],"Polygon":[445.6932,376.468,451.1781,376.468,451.1781,385.9644,445.6932,385.9644],"IndexInText":1529,"OcrConfidence":1.0,"Text":"in","VisualLineNumber":21},{"Box":[376.468,452.9406,8.6151,9.4964],"Polygon":[452.9406,376.468,461.5557,376.468,461.5557,385.9644,452.9406,385.9644],"IndexInText":1532,"OcrConfidence":1.0,"Text":"the","VisualLineNumber":21},{"Box":[376.468,463.3182,20.3603,9.4964],"Polygon":[463.3182,376.468,483.6785,376.468,483.6785,385.9644,463.3182,385.9644],"IndexInText":1536,"OcrConfidence":1.0,"Text":"shower","VisualLineNumber":21},{"Box":[376.468,485.4411,22.3273,9.4964],"Polygon":[485.4411,376.468,507.7684,376.468,507.7684,385.9644,485.4411,385.9644],"IndexInText":1543,"OcrConfidence":1.0,"Text":"injuring","VisualLineNumber":21},{"Box":[376.468,509.5309,8.2273,9.4964],"Polygon":[509.5309,376.468,517.7582,376.468,517.7582,385.9644,509.5309,385.9644],"IndexInText":1552,"OcrConfidence":1.0,"Text":"his","VisualLineNumber":21},{"Box":[386.968,366.0,16.0528,9.4964],"Polygon":[366.0,386.968,382.0528,386.968,382.0528,396.4644,366.0,396.4644],"IndexInText":1556,"OcrConfidence":1.0,"Text":"lower","VisualLineNumber":22},{"Box":[386.968,383.8154,15.0729,9.4964],"Polygon":[383.8154,386.968,398.8883,386.968,398.8883,396.4644,383.8154,396.4644],"IndexInText":1562,"OcrConfidence":1.0,"Text":"back.","VisualLineNumber":22}]}]},{"IndexInText":1569,"Language":"eng","Length":32,"Rotation":"None","SkewAngle":0.0,"Type":"Paragraph","WordGroups":[{"IndexInText":1569,"Length":32,"Type":"Other","Words":[{"Box":[437.818,366.0,19.5778,9.4964],"Polygon":[366.0,437.818,385.5778,437.818,385.5778,447.3144,366.0,447.3144],"IndexInText":1569,"OcrConfidence":1.0,"Text":"trauma","VisualLineNumber":24},{"Box":[437.818,387.3403,10.1802,9.4964],"Polygon":[387.3403,437.818,397.5205,437.818,397.5205,447.3144,387.3403,447.3144],"IndexInText":1576,"OcrConfidence":1.0,"Text":"and","VisualLineNumber":24},{"Box":[437.818,399.283,27.4175,9.4964],"Polygon":[399.283,437.818,426.7005,437.818,426.7005,447.3144,399.283,447.3144],"IndexInText":1580,"OcrConfidence":1.0,"Text":"contusion","VisualLineNumber":24},{"Box":[437.818,428.463,5.4849,9.4964],"Polygon":[428.463,437.818,433.9479,437.818,433.9479,447.3144,428.463,447.3144],"IndexInText":1590,"OcrConfidence":1.0,"Text":"to","VisualLineNumber":24},{"Box":[437.818,435.7104,8.6151,9.4964],"Polygon":[435.7104,437.818,444.3255,437.818,444.3255,447.3144,435.7104,447.3144],"IndexInText":1593,"OcrConfidence":1.0,"Text":"the","VisualLineNumber":24},{"Box":[437.818,446.088,13.3104,9.4964],"Polygon":[446.088,437.818,459.3984,437.818,459.3984,447.3144,446.088,447.3144],"IndexInText":1597,"OcrConfidence":1.0,"Text":"back","VisualLineNumber":24}]}]},{"IndexInText":1603,"Language":"eng","Length":151,"Rotation":"None","SkewAngle":0.0,"Type":"Paragraph","WordGroups":[{"IndexInText":1603,"Length":142,"Type":"Sentence","Words":[{"Box":[450.968,366.0,9.3976,9.4964],"Polygon":[366.0,450.968,375.3976,450.968,375.3976,460.4644,366.0,460.4644],"IndexInText":1603,"OcrConfidence":1.0,"Text":"GL","VisualLineNumber":25},{"Box":[450.968,377.1602,2.3476,9.4964],"Polygon":[377.1602,450.968,379.5078,450.968,379.5078,460.4644,377.1602,460.4644],"IndexInText":1606,"OcrConfidence":1.0,"Text":"-","VisualLineNumber":25},{"Box":[450.968,381.2703,20.3604,9.4964],"Polygon":[381.2703,450.968,401.6307,450.968,401.6307,460.4644,381.2703,460.4644],"IndexInText":1608,"OcrConfidence":1.0,"Text":"Record","VisualLineNumber":25},{"Box":[450.968,403.3932,14.1,9.4964],"Polygon":[403.3932,450.968,417.4932,450.968,417.4932,460.4644,403.3932,460.4644],"IndexInText":1615,"OcrConfidence":1.0,"Text":"Only","VisualLineNumber":25},{"Box":[450.968,419.2557,2.3476,9.4964],"Polygon":[419.2557,450.968,421.6033,450.968,421.6033,460.4644,419.2557,460.4644],"IndexInText":1620,"OcrConfidence":1.0,"Text":"-","VisualLineNumber":25},{"Box":[450.968,423.3658,28.9825,9.4964],"Polygon":[423.3658,450.968,452.3483,450.968,452.3483,460.4644,423.3658,460.4644],"IndexInText":1622,"OcrConfidence":1.0,"Text":"Consumer","VisualLineNumber":25},{"Box":[450.968,454.1109,18.0127,9.4964],"Polygon":[454.1109,450.968,472.1236,450.968,472.1236,460.4644,454.1109,460.4644],"IndexInText":1631,"OcrConfidence":1.0,"Text":"Arviel","VisualLineNumber":25},{"Box":[450.968,473.8861,24.8654,9.4964],"Polygon":[473.8861,450.968,498.7515,450.968,498.7515,460.4644,473.8861,460.4644],"IndexInText":1638,"OcrConfidence":1.0,"Text":"Peguero,","VisualLineNumber":25},{"Box":[450.968,500.514,12.1401,9.4964],"Polygon":[500.514,450.968,512.6541,450.968,512.6541,460.4644,500.514,460.4644],"IndexInText":1647,"OcrConfidence":1.0,"Text":"who","VisualLineNumber":25},{"Box":[461.468,366.0,18.4076,9.4964],"Polygon":[366.0,461.468,384.4076,461.468,384.4076,470.9644,366.0,470.9644],"IndexInText":1651,"OcrConfidence":1.0,"Text":"risides","VisualLineNumber":26},{"Box":[461.468,386.1701,5.0901,9.4964],"Polygon":[386.1701,461.468,391.2602,461.468,391.2602,470.9644,386.1701,470.9644],"IndexInText":1659,"OcrConfidence":1.0,"Text":"at","VisualLineNumber":26},{"Box":[461.468,393.0227,20.7622,9.4964],"Polygon":[393.0227,461.468,413.7849,461.468,413.7849,470.9644,393.0227,470.9644],"IndexInText":1662,"OcrConfidence":1.0,"Text":"Starhill","VisualLineNumber":26},{"Box":[461.468,415.5474,23.1099,9.4964],"Polygon":[415.5474,461.468,438.6573,461.468,438.6573,470.9644,415.5474,470.9644],"IndexInText":1671,"OcrConfidence":1.0,"Text":"OASAS","VisualLineNumber":26},{"Box":[461.468,440.4198,22.7151,9.4964],"Polygon":[440.4198,461.468,463.1349,461.468,463.1349,470.9644,440.4198,470.9644],"IndexInText":1677,"OcrConfidence":1.0,"Text":"location","VisualLineNumber":26},{"Box":[461.468,464.8974,13.3104,9.4964],"Polygon":[464.8974,461.468,478.2078,461.468,478.2078,470.9644,464.8974,470.9644],"IndexInText":1686,"OcrConfidence":1.0,"Text":"code","VisualLineNumber":26},{"Box":[461.468,479.9703,7.05,9.4964],"Polygon":[479.9703,461.468,487.0203,461.468,487.0203,470.9644,479.9703,470.9644],"IndexInText":1691,"OcrConfidence":1.0,"Text":"61","VisualLineNumber":26},{"Box":[461.468,488.7828,9.3976,9.4964],"Polygon":[488.7828,461.468,498.1804,461.468,498.1804,470.9644,488.7828,470.9644],"IndexInText":1694,"OcrConfidence":1.0,"Text":"fell","VisualLineNumber":26},{"Box":[461.468,499.9429,5.4849,9.4964],"Polygon":[499.9429,461.468,505.4278,461.468,505.4278,470.9644,499.9429,470.9644],"IndexInText":1699,"OcrConfidence":1.0,"Text":"in","VisualLineNumber":26},{"Box":[471.968,366.0,24.2802,9.4964],"Polygon":[366.0,471.968,390.2802,471.968,390.2802,481.4644,366.0,481.4644],"IndexInText":1702,"OcrConfidence":1.0,"Text":"stairwell","VisualLineNumber":27},{"Box":[471.968,392.0427,10.575,9.4964],"Polygon":[392.0427,471.968,402.6177,471.968,402.6177,481.4644,392.0427,481.4644],"IndexInText":1712,"OcrConfidence":1.0,"Text":"that","VisualLineNumber":27},{"Box":[471.968,404.3802,10.1802,9.4964],"Polygon":[404.3802,471.968,414.5604,471.968,414.5604,481.4644,404.3802,481.4644],"IndexInText":1717,"OcrConfidence":1.0,"Text":"had","VisualLineNumber":27},{"Box":[471.968,416.3229,3.1302,9.4964],"Polygon":[416.3229,471.968,419.4531,471.968,419.4531,481.4644,416.3229,481.4644],"IndexInText":1721,"OcrConfidence":1.0,"Text":"a","VisualLineNumber":27},{"Box":[471.968,421.2156,10.1802,9.4964],"Polygon":[421.2156,471.968,431.3958,471.968,431.3958,481.4644,421.2156,481.4644],"IndexInText":1723,"OcrConfidence":1.0,"Text":"wet","VisualLineNumber":27},{"Box":[471.968,433.1583,13.7051,9.4964],"Polygon":[433.1583,471.968,446.8634,471.968,446.8634,481.4644,433.1583,481.4644],"IndexInText":1727,"OcrConfidence":1.0,"Text":"floor","VisualLineNumber":27},{"Box":[471.968,448.626,11.7523,9.4964],"Polygon":[448.626,471.968,460.3783,471.968,460.3783,481.4644,448.626,481.4644],"IndexInText":1733,"OcrConfidence":1.0,"Text":"sign","VisualLineNumber":27},{"Box":[471.968,462.1408,20.1701,9.4964],"Polygon":[462.1408,471.968,482.3109,471.968,482.3109,481.4644,462.1408,481.4644],"IndexInText":1738,"OcrConfidence":1.0,"Text":"posted.","VisualLineNumber":27}]},{"IndexInText":1746,"Length":8,"Type":"Other","Words":[{"Box":[471.968,484.0734,28.9826,9.4964],"Polygon":[484.0734,471.968,513.056,471.968,513.056,481.4644,484.0734,481.4644],"IndexInText":1746,"OcrConfidence":1.0,"Text":"Consumer","VisualLineNumber":27}]}]},{"IndexInText":1756,"Language":"eng","Length":71,"Rotation":"None","SkewAngle":0.0,"Type":"Paragraph","WordGroups":[{"IndexInText":1756,"Length":34,"Type":"Sentence","Words":[{"Box":[510.868,366.0,16.8354,9.4964],"Polygon":[366.0,510.868,382.8354,510.868,382.8354,520.3644,366.0,520.3644],"IndexInText":1756,"OcrConfidence":1.0,"Text":"Nakia","VisualLineNumber":28},{"Box":[510.868,384.5979,5.0901,9.4964],"Polygon":[384.5979,510.868,389.688,510.868,389.688,520.3644,384.5979,520.3644],"IndexInText":1762,"OcrConfidence":1.0,"Text":"D","VisualLineNumber":28},{"Box":[510.868,391.4505,18.0127,9.4964],"Polygon":[391.4505,510.868,409.4632,510.868,409.4632,520.3644,391.4505,520.3644],"IndexInText":1764,"OcrConfidence":1.0,"Text":"Oliver","VisualLineNumber":28},{"Box":[522.818,366.0,14.4877,9.4964],"Polygon":[366.0,522.818,380.4877,522.818,380.4877,532.3144,366.0,532.3144],"IndexInText":1771,"OcrConfidence":1.0,"Text":"Back","VisualLineNumber":29},{"Box":[522.818,382.2502,36.6177,9.4964],"Polygon":[382.2502,522.818,418.8679,522.818,418.8679,532.3144,382.2502,532.3144],"IndexInText":1776,"OcrConfidence":1.0,"Text":"strain/sprain.","VisualLineNumber":29}]},{"IndexInText":1791,"Length":36,"Type":"Other","Words":[{"Box":[534.818,366.0,21.1429,9.4964],"Polygon":[366.0,534.818,387.1429,534.818,387.1429,544.3144,366.0,544.3144],"IndexInText":1791,"OcrConfidence":1.0,"Text":"Insured","VisualLineNumber":30},{"Box":[534.818,388.9054,20.3604,9.4964],"Polygon":[388.9054,534.818,409.2658,534.818,409.2658,544.3144,388.9054,544.3144],"IndexInText":1799,"OcrConfidence":1.0,"Text":"vehicle","VisualLineNumber":30},{"Box":[534.818,411.0283,17.2302,9.4964],"Polygon":[411.0283,534.818,428.2585,534.818,428.2585,544.3144,411.0283,544.3144],"IndexInText":1807,"OcrConfidence":1.0,"Text":"struck","VisualLineNumber":30},{"Box":[534.818,430.021,14.4877,9.4964],"Polygon":[430.021,534.818,444.5087,534.818,444.5087,544.3144,430.021,544.3144],"IndexInText":1814,"OcrConfidence":1.0,"Text":"other","VisualLineNumber":30},{"Box":[534.818,446.2713,20.3604,9.4964],"Polygon":[446.2713,534.818,466.6317,534.818,466.6317,544.3144,446.2713,544.3144],"IndexInText":1820,"OcrConfidence":1.0,"Text":"vehicle","VisualLineNumber":30}]}]},{"IndexInText":1829,"Language":"eng","Length":28,"Rotation":"None","SkewAngle":0.0,"Type":"Paragraph","WordGroups":[{"IndexInText":1829,"Length":28,"Type":"Other","Words":[{"Box":[171.8552,585.25,26.6207,9.7572],"Polygon":[585.25,171.8552,611.8707,171.8552,611.8707,181.6124,585.25,181.6124],"IndexInText":1829,"OcrConfidence":1.0,"Text":"Reserves","VisualLineNumber":8},{"Box":[183.8552,582.6,29.3703,9.7572],"Polygon":[582.6,183.8552,611.9703,183.8552,611.9703,193.6124,582.6,193.6124],"IndexInText":1838,"OcrConfidence":1.0,"Text":"Payments","VisualLineNumber":9},{"Box":[196.7052,579.35,32.4934,9.7572],"Polygon":[579.35,196.7052,611.8434,196.7052,611.8434,206.4624,579.35,206.4624],"IndexInText":1847,"OcrConfidence":1.0,"Text":"Recoveries","VisualLineNumber":10}]}]},{"IndexInText":1859,"Language":"eng","Length":8,"Rotation":"None","SkewAngle":0.0,"Type":"Paragraph","WordGroups":[{"IndexInText":1859,"Length":8,"Type":"Other","Words":[{"Box":[213.8552,584.95,27.0226,9.7572],"Polygon":[584.95,213.8552,611.9726,213.8552,611.9726,223.6124,584.95,223.6124],"IndexInText":1859,"OcrConfidence":1.0,"Text":"Incurred","VisualLineNumber":12}]}]},{"IndexInText":1869,"Language":"eng","Length":28,"Rotation":"None","SkewAngle":0.0,"Type":"Paragraph","WordGroups":[{"IndexInText":1869,"Length":28,"Type":"Other","Words":[{"Box":[256.8552,585.25,26.6207,9.7572],"Polygon":[585.25,256.8552,611.8707,256.8552,611.8707,266.6124,585.25,266.6124],"IndexInText":1869,"OcrConfidence":1.0,"Text":"Reserves","VisualLineNumber":13},{"Box":[268.8552,582.6,29.3703,9.7572],"Polygon":[582.6,268.8552,611.9703,268.8552,611.9703,278.6124,582.6,278.6124],"IndexInText":1878,"OcrConfidence":1.0,"Text":"Payments","VisualLineNumber":14},{"Box":[281.7052,579.35,32.4934,9.7572],"Polygon":[579.35,281.7052,611.8434,281.7052,611.8434,291.4624,579.35,291.4624],"IndexInText":1887,"OcrConfidence":1.0,"Text":"Recoveries","VisualLineNumber":15}]}]},{"IndexInText":1899,"Language":"eng","Length":8,"Rotation":"None","SkewAngle":0.0,"Type":"Paragraph","WordGroups":[{"IndexInText":1899,"Length":8,"Type":"Other","Words":[{"Box":[298.8552,584.95,27.0226,9.7572],"Polygon":[584.95,298.8552,611.9726,298.8552,611.9726,308.6124,584.95,308.6124],"IndexInText":1899,"OcrConfidence":1.0,"Text":"Incurred","VisualLineNumber":17}]}]},{"IndexInText":1909,"Language":"eng","Length":28,"Rotation":"None","SkewAngle":0.0,"Type":"Paragraph","WordGroups":[{"IndexInText":1909,"Length":28,"Type":"Other","Words":[{"Box":[341.8552,585.25,26.6207,9.7572],"Polygon":[585.25,341.8552,611.8707,341.8552,611.8707,351.6124,585.25,351.6124],"IndexInText":1909,"OcrConfidence":1.0,"Text":"Reserves","VisualLineNumber":18},{"Box":[353.8552,582.6,29.3703,9.7572],"Polygon":[582.6,353.8552,611.9703,353.8552,611.9703,363.6124,582.6,363.6124],"IndexInText":1918,"OcrConfidence":1.0,"Text":"Payments","VisualLineNumber":19},{"Box":[366.7052,579.35,32.4934,9.7572],"Polygon":[579.35,366.7052,611.8434,366.7052,611.8434,376.4624,579.35,376.4624],"IndexInText":1927,"OcrConfidence":1.0,"Text":"Recoveries","VisualLineNumber":20}]}]},{"IndexInText":1939,"Language":"eng","Length":8,"Rotation":"None","SkewAngle":0.0,"Type":"Paragraph","WordGroups":[{"IndexInText":1939,"Length":8,"Type":"Other","Words":[{"Box":[383.8552,584.95,27.0226,9.7572],"Polygon":[584.95,383.8552,611.9726,383.8552,611.9726,393.6124,584.95,393.6124],"IndexInText":1939,"OcrConfidence":1.0,"Text":"Incurred","VisualLineNumber":22}]}]},{"IndexInText":1949,"Language":"eng","Length":28,"Rotation":"None","SkewAngle":0.0,"Type":"Paragraph","WordGroups":[{"IndexInText":1949,"Length":28,"Type":"Other","Words":[{"Box":[426.8552,585.25,26.6207,9.7572],"Polygon":[585.25,426.8552,611.8707,426.8552,611.8707,436.6124,585.25,436.6124],"IndexInText":1949,"OcrConfidence":1.0,"Text":"Reserves","VisualLineNumber":23},{"Box":[438.8552,582.6,29.3703,9.7572],"Polygon":[582.6,438.8552,611.9703,438.8552,611.9703,448.6124,582.6,448.6124],"IndexInText":1958,"OcrConfidence":1.0,"Text":"Payments","VisualLineNumber":24},{"Box":[451.7052,579.35,32.4934,9.7572],"Polygon":[579.35,451.7052,611.8434,451.7052,611.8434,461.4624,579.35,461.4624],"IndexInText":1967,"OcrConfidence":1.0,"Text":"Recoveries","VisualLineNumber":25}]}]},{"IndexInText":1979,"Language":"eng","Length":8,"Rotation":"None","SkewAngle":0.0,"Type":"Paragraph","WordGroups":[{"IndexInText":1979,"Length":8,"Type":"Other","Words":[{"Box":[468.8552,584.95,27.0226,9.7572],"Polygon":[584.95,468.8552,611.9726,468.8552,611.9726,478.6124,584.95,478.6124],"IndexInText":1979,"OcrConfidence":1.0,"Text":"Incurred","VisualLineNumber":27}]}]},{"IndexInText":1989,"Language":"eng","Length":28,"Rotation":"None","SkewAngle":0.0,"Type":"Paragraph","WordGroups":[{"IndexInText":1989,"Length":28,"Type":"Other","Words":[{"Box":[511.8552,585.25,26.6207,9.7572],"Polygon":[585.25,511.8552,611.8707,511.8552,611.8707,521.6124,585.25,521.6124],"IndexInText":1989,"OcrConfidence":1.0,"Text":"Reserves","VisualLineNumber":28},{"Box":[523.8552,582.6,29.3703,9.7572],"Polygon":[582.6,523.8552,611.9703,523.8552,611.9703,533.6124,582.6,533.6124],"IndexInText":1998,"OcrConfidence":1.0,"Text":"Payments","VisualLineNumber":29},{"Box":[536.7052,579.35,32.4934,9.7572],"Polygon":[579.35,536.7052,611.8434,536.7052,611.8434,546.4624,579.35,546.4624],"IndexInText":2007,"OcrConfidence":1.0,"Text":"Recoveries","VisualLineNumber":30}]}]},{"IndexInText":2019,"Language":"eng","Length":8,"Rotation":"None","SkewAngle":0.0,"Type":"Paragraph","WordGroups":[{"IndexInText":2019,"Length":8,"Type":"Other","Words":[{"Box":[553.8552,584.95,27.0226,9.7572],"Polygon":[584.95,553.8552,611.9726,553.8552,611.9726,563.6124,584.95,563.6124],"IndexInText":2019,"OcrConfidence":1.0,"Text":"Incurred","VisualLineNumber":32}]}]},{"IndexInText":2029,"Language":"eng","Length":17,"Rotation":"None","SkewAngle":0.0,"Type":"Paragraph","WordGroups":[{"IndexInText":2029,"Length":17,"Type":"Other","Words":[{"Box":[24.7552,672.0,16.4407,9.7572],"Polygon":[672.0,24.7552,688.4407,24.7552,688.4407,34.5124,672.0,34.5124],"IndexInText":2029,"OcrConfidence":1.0,"Text":"Date:","VisualLineNumber":0},{"Box":[36.7552,672.0,18.0128,9.7572],"Polygon":[672.0,36.7552,690.0128,36.7552,690.0128,46.5124,672.0,46.5124],"IndexInText":2035,"OcrConfidence":1.0,"Text":"Time:","VisualLineNumber":1},{"Box":[48.7552,672.0,16.8354,9.7572],"Polygon":[672.0,48.7552,688.8354,48.7552,688.8354,58.5124,672.0,58.5124],"IndexInText":2041,"OcrConfidence":1.0,"Text":"Page:","VisualLineNumber":2}]}]},{"IndexInText":2048,"Language":"eng","Length":4,"Rotation":"None","SkewAngle":0.0,"Type":"Paragraph","WordGroups":[{"IndexInText":2048,"Length":4,"Type":"Other","Words":[{"Box":[135.8552,670.25,13.7122,9.7572],"Polygon":[670.25,135.8552,683.9622,135.8552,683.9622,145.6124,670.25,145.6124],"IndexInText":2048,"OcrConfidence":1.0,"Text":"Loss","VisualLineNumber":6}]}]},{"IndexInText":2054,"Language":"bul","Length":5,"Rotation":"None","SkewAngle":0.0,"Type":"Paragraph","WordGroups":[{"IndexInText":2054,"Length":5,"Type":"Other","Words":[{"Box":[170.818,680.4625,3.525,9.4964],"Polygon":[680.4625,170.818,683.9875,170.818,683.9875,180.3144,680.4625,180.3144],"IndexInText":2054,"OcrConfidence":1.0,"Text":"0","VisualLineNumber":8},{"Box":[182.818,680.4625,3.525,9.4964],"Polygon":[680.4625,182.818,683.9875,182.818,683.9875,192.3144,680.4625,192.3144],"IndexInText":2056,"OcrConfidence":1.0,"Text":"0","VisualLineNumber":9},{"Box":[194.968,680.4625,3.525,9.4964],"Polygon":[680.4625,194.968,683.9875,194.968,683.9875,204.4644,680.4625,204.4644],"IndexInText":2058,"OcrConfidence":1.0,"Text":"0","VisualLineNumber":10}]}]},{"IndexInText":2061,"Language":"eng","Length":1,"Rotation":"None","SkewAngle":0.0,"Type":"Paragraph","WordGroups":[{"IndexInText":2061,"Length":1,"Type":"Other","Words":[{"Box":[215.368,680.4625,3.525,9.4964],"Polygon":[680.4625,215.368,683.9875,215.368,683.9875,224.8644,680.4625,224.8644],"IndexInText":2061,"OcrConfidence":1.0,"Text":"0","VisualLineNumber":12}]}]},{"IndexInText":2064,"Language":"bul","Length":5,"Rotation":"None","SkewAngle":0.0,"Type":"Paragraph","WordGroups":[{"IndexInText":2064,"Length":5,"Type":"Other","Words":[{"Box":[255.818,680.4625,3.525,9.4964],"Polygon":[680.4625,255.818,683.9875,255.818,683.9875,265.3144,680.4625,265.3144],"IndexInText":2064,"OcrConfidence":1.0,"Text":"0","VisualLineNumber":13},{"Box":[267.818,680.4625,3.525,9.4964],"Polygon":[680.4625,267.818,683.9875,267.818,683.9875,277.3144,680.4625,277.3144],"IndexInText":2066,"OcrConfidence":1.0,"Text":"0","VisualLineNumber":14},{"Box":[279.968,680.4625,3.525,9.4964],"Polygon":[680.4625,279.968,683.9875,279.968,683.9875,289.4644,680.4625,289.4644],"IndexInText":2068,"OcrConfidence":1.0,"Text":"0","VisualLineNumber":15}]}]},{"IndexInText":2071,"Language":"eng","Length":1,"Rotation":"None","SkewAngle":0.0,"Type":"Paragraph","WordGroups":[{"IndexInText":2071,"Length":1,"Type":"Other","Words":[{"Box":[300.368,680.4625,3.525,9.4964],"Polygon":[680.4625,300.368,683.9875,300.368,683.9875,309.8644,680.4625,309.8644],"IndexInText":2071,"OcrConfidence":1.0,"Text":"0","VisualLineNumber":17}]}]},{"IndexInText":2074,"Language":"bul","Length":5,"Rotation":"None","SkewAngle":0.0,"Type":"Paragraph","WordGroups":[{"IndexInText":2074,"Length":5,"Type":"Other","Words":[{"Box":[340.818,680.4625,3.525,9.4964],"Polygon":[680.4625,340.818,683.9875,340.818,683.9875,350.3144,680.4625,350.3144],"IndexInText":2074,"OcrConfidence":1.0,"Text":"0","VisualLineNumber":18},{"Box":[352.818,680.4625,3.525,9.4964],"Polygon":[680.4625,352.818,683.9875,352.818,683.9875,362.3144,680.4625,362.3144],"IndexInText":2076,"OcrConfidence":1.0,"Text":"0","VisualLineNumber":19},{"Box":[364.968,680.4625,3.525,9.4964],"Polygon":[680.4625,364.968,683.9875,364.968,683.9875,374.4644,680.4625,374.4644],"IndexInText":2078,"OcrConfidence":1.0,"Text":"0","VisualLineNumber":20}]}]},{"IndexInText":2081,"Language":"eng","Length":1,"Rotation":"None","SkewAngle":0.0,"Type":"Paragraph","WordGroups":[{"IndexInText":2081,"Length":1,"Type":"Other","Words":[{"Box":[385.368,680.4625,3.525,9.4964],"Polygon":[680.4625,385.368,683.9875,385.368,683.9875,394.8644,680.4625,394.8644],"IndexInText":2081,"OcrConfidence":1.0,"Text":"0","VisualLineNumber":22}]}]},{"IndexInText":2084,"Language":"bul","Length":5,"Rotation":"None","SkewAngle":0.0,"Type":"Paragraph","WordGroups":[{"IndexInText":2084,"Length":5,"Type":"Other","Words":[{"Box":[425.818,680.4625,3.525,9.4964],"Polygon":[680.4625,425.818,683.9875,425.818,683.9875,435.3144,680.4625,435.3144],"IndexInText":2084,"OcrConfidence":1.0,"Text":"0","VisualLineNumber":23},{"Box":[437.818,680.4625,3.525,9.4964],"Polygon":[680.4625,437.818,683.9875,437.818,683.9875,447.3144,680.4625,447.3144],"IndexInText":2086,"OcrConfidence":1.0,"Text":"0","VisualLineNumber":24},{"Box":[449.968,680.4625,3.525,9.4964],"Polygon":[680.4625,449.968,683.9875,449.968,683.9875,459.4644,680.4625,459.4644],"IndexInText":2088,"OcrConfidence":1.0,"Text":"0","VisualLineNumber":25}]}]},{"IndexInText":2091,"Language":"eng","Length":1,"Rotation":"None","SkewAngle":0.0,"Type":"Paragraph","WordGroups":[{"IndexInText":2091,"Length":1,"Type":"Other","Words":[{"Box":[470.368,680.4625,3.525,9.4964],"Polygon":[680.4625,470.368,683.9875,470.368,683.9875,479.8644,680.4625,479.8644],"IndexInText":2091,"OcrConfidence":1.0,"Text":"0","VisualLineNumber":27}]}]},{"IndexInText":2094,"Language":"bul","Length":7,"Rotation":"None","SkewAngle":0.0,"Type":"Paragraph","WordGroups":[{"IndexInText":2094,"Length":7,"Type":"Other","Words":[{"Box":[510.818,680.4625,3.525,9.4964],"Polygon":[680.4625,510.818,683.9875,510.818,683.9875,520.3144,680.4625,520.3144],"IndexInText":2094,"OcrConfidence":1.0,"Text":"0","VisualLineNumber":28},{"Box":[522.818,673.3625,10.575,9.4964],"Polygon":[673.3625,522.818,683.9375,522.818,683.9375,532.3144,673.3625,532.3144],"IndexInText":2096,"OcrConfidence":1.0,"Text":"321","VisualLineNumber":29},{"Box":[534.968,680.4625,3.525,9.4964],"Polygon":[680.4625,534.968,683.9875,534.968,683.9875,544.4644,680.4625,544.4644],"IndexInText":2100,"OcrConfidence":1.0,"Text":"0","VisualLineNumber":30}]}]},{"IndexInText":2103,"Language":"eng","Length":3,"Rotation":"None","SkewAngle":0.0,"Type":"Footer","WordGroups":[{"IndexInText":2103,"Length":3,"Type":"Other","Words":[{"Box":[555.368,673.3625,10.575,9.4964],"Polygon":[673.3625,555.368,683.9375,555.368,683.9375,564.8644,673.3625,564.8644],"IndexInText":2103,"OcrConfidence":1.0,"Text":"321","VisualLineNumber":32}]}]},{"IndexInText":2108,"Language":"eng","Length":33,"Rotation":"None","SkewAngle":0.0,"Type":"Paragraph","WordGroups":[{"IndexInText":2108,"Length":33,"Type":"Other","Words":[{"Box":[23.718,708.0,28.5948,9.4964],"Polygon":[708.0,23.718,736.5948,23.718,736.5948,33.2144,708.0,33.2144],"IndexInText":2108,"OcrConfidence":1.0,"Text":"6/30/2020","VisualLineNumber":0},{"Box":[35.718,709.7625,31.7321,9.4964],"Polygon":[709.7625,35.718,741.4946,35.718,741.4946,45.2144,709.7625,45.2144],"IndexInText":2118,"OcrConfidence":1.0,"Text":"4:46:11PM","VisualLineNumber":1},{"Box":[47.718,708.0,13.7052,9.4964],"Polygon":[708.0,47.718,721.7052,47.718,721.7052,57.2144,708.0,57.2144],"IndexInText":2128,"OcrConfidence":1.0,"Text":"Page","VisualLineNumber":2},{"Box":[47.718,723.4677,3.525,9.4964],"Polygon":[723.4677,47.718,726.9927,47.718,726.9927,57.2144,723.4677,57.2144],"IndexInText":2133,"OcrConfidence":1.0,"Text":"2","VisualLineNumber":2},{"Box":[47.718,728.7552,5.8727,9.4964],"Polygon":[728.7552,47.718,734.6279,47.718,734.6279,57.2144,728.7552,57.2144],"IndexInText":2135,"OcrConfidence":1.0,"Text":"of","VisualLineNumber":2},{"Box":[47.718,736.3904,10.575,9.4964],"Polygon":[736.3904,47.718,746.9654,47.718,746.9654,57.2144,736.3904,57.2144],"IndexInText":2138,"OcrConfidence":1.0,"Text":"726","VisualLineNumber":2}]}]},{"IndexInText":2143,"Language":"spa","Length":10,"Rotation":"None","SkewAngle":0.0,"Type":"Paragraph","WordGroups":[{"IndexInText":2143,"Length":10,"Type":"Other","Words":[{"Box":[135.8552,706.4,19.585,9.7572],"Polygon":[706.4,135.8552,725.985,135.8552,725.985,145.6124,706.4,145.6124],"IndexInText":2143,"OcrConfidence":1.0,"Text":"ALAE","VisualLineNumber":6},{"Box":[135.8552,751.9,16.0599,9.7572],"Polygon":[751.9,135.8552,767.9599,135.8552,767.9599,145.6124,751.9,145.6124],"IndexInText":2148,"OcrConfidence":1.0,"Text":"Total","VisualLineNumber":6}]}]},{"IndexInText":2155,"Language":"bul","Length":5,"Rotation":"None","SkewAngle":0.0,"Type":"Paragraph","WordGroups":[{"IndexInText":2155,"Length":5,"Type":"Other","Words":[{"Box":[170.968,722.4625,3.525,9.4964],"Polygon":[722.4625,170.968,725.9875,170.968,725.9875,180.4644,722.4625,180.4644],"IndexInText":2155,"OcrConfidence":1.0,"Text":"0","VisualLineNumber":8},{"Box":[182.818,722.4625,3.525,9.4964],"Polygon":[722.4625,182.818,725.9875,182.818,725.9875,192.3144,722.4625,192.3144],"IndexInText":2157,"OcrConfidence":1.0,"Text":"0","VisualLineNumber":9},{"Box":[194.968,722.4625,3.525,9.4964],"Polygon":[722.4625,194.968,725.9875,194.968,725.9875,204.4644,722.4625,204.4644],"IndexInText":2159,"OcrConfidence":1.0,"Text":"0","VisualLineNumber":10}]}]},{"IndexInText":2162,"Language":"eng","Length":1,"Rotation":"None","SkewAngle":0.0,"Type":"Paragraph","WordGroups":[{"IndexInText":2162,"Length":1,"Type":"Other","Words":[{"Box":[215.368,722.4625,3.525,9.4964],"Polygon":[722.4625,215.368,725.9875,215.368,725.9875,224.8644,722.4625,224.8644],"IndexInText":2162,"OcrConfidence":1.0,"Text":"0","VisualLineNumber":12}]}]},{"IndexInText":2165,"Language":"bul","Length":5,"Rotation":"None","SkewAngle":0.0,"Type":"Paragraph","WordGroups":[{"IndexInText":2165,"Length":5,"Type":"Other","Words":[{"Box":[170.968,764.4625,3.525,9.4964],"Polygon":[764.4625,170.968,767.9875,170.968,767.9875,180.4644,764.4625,180.4644],"IndexInText":2165,"OcrConfidence":1.0,"Text":"0","VisualLineNumber":8},{"Box":[182.818,764.4625,3.525,9.4964],"Polygon":[764.4625,182.818,767.9875,182.818,767.9875,192.3144,764.4625,192.3144],"IndexInText":2167,"OcrConfidence":1.0,"Text":"0","VisualLineNumber":9},{"Box":[194.968,764.4625,3.525,9.4964],"Polygon":[764.4625,194.968,767.9875,194.968,767.9875,204.4644,764.4625,204.4644],"IndexInText":2169,"OcrConfidence":1.0,"Text":"0","VisualLineNumber":10}]}]},{"IndexInText":2172,"Language":"eng","Length":1,"Rotation":"None","SkewAngle":0.0,"Type":"Paragraph","WordGroups":[{"IndexInText":2172,"Length":1,"Type":"Other","Words":[{"Box":[215.718,764.4625,3.525,9.4964],"Polygon":[764.4625,215.718,767.9875,215.718,767.9875,225.2144,764.4625,225.2144],"IndexInText":2172,"OcrConfidence":1.0,"Text":"0","VisualLineNumber":12}]}]},{"IndexInText":2175,"Language":"bul","Length":5,"Rotation":"None","SkewAngle":0.0,"Type":"Paragraph","WordGroups":[{"IndexInText":2175,"Length":5,"Type":"Other","Words":[{"Box":[255.968,722.4625,3.525,9.4964],"Polygon":[722.4625,255.968,725.9875,255.968,725.9875,265.4644,722.4625,265.4644],"IndexInText":2175,"OcrConfidence":1.0,"Text":"0","VisualLineNumber":13},{"Box":[267.818,722.4625,3.525,9.4964],"Polygon":[722.4625,267.818,725.9875,267.818,725.9875,277.3144,722.4625,277.3144],"IndexInText":2177,"OcrConfidence":1.0,"Text":"0","VisualLineNumber":14},{"Box":[279.968,722.4625,3.525,9.4964],"Polygon":[722.4625,279.968,725.9875,279.968,725.9875,289.4644,722.4625,289.4644],"IndexInText":2179,"OcrConfidence":1.0,"Text":"0","VisualLineNumber":15}]}]},{"IndexInText":2182,"Language":"eng","Length":1,"Rotation":"None","SkewAngle":0.0,"Type":"Paragraph","WordGroups":[{"IndexInText":2182,"Length":1,"Type":"Other","Words":[{"Box":[300.368,722.4625,3.525,9.4964],"Polygon":[722.4625,300.368,725.9875,300.368,725.9875,309.8644,722.4625,309.8644],"IndexInText":2182,"OcrConfidence":1.0,"Text":"0","VisualLineNumber":17}]}]},{"IndexInText":2185,"Language":"bul","Length":5,"Rotation":"None","SkewAngle":0.0,"Type":"Paragraph","WordGroups":[{"IndexInText":2185,"Length":5,"Type":"Other","Words":[{"Box":[255.968,764.4625,3.525,9.4964],"Polygon":[764.4625,255.968,767.9875,255.968,767.9875,265.4644,764.4625,265.4644],"IndexInText":2185,"OcrConfidence":1.0,"Text":"0","VisualLineNumber":13},{"Box":[267.818,764.4625,3.525,9.4964],"Polygon":[764.4625,267.818,767.9875,267.818,767.9875,277.3144,764.4625,277.3144],"IndexInText":2187,"OcrConfidence":1.0,"Text":"0","VisualLineNumber":14},{"Box":[279.968,764.4625,3.525,9.4964],"Polygon":[764.4625,279.968,767.9875,279.968,767.9875,289.4644,764.4625,289.4644],"IndexInText":2189,"OcrConfidence":1.0,"Text":"0","VisualLineNumber":15}]}]},{"IndexInText":2192,"Language":"eng","Length":1,"Rotation":"None","SkewAngle":0.0,"Type":"Paragraph","WordGroups":[{"IndexInText":2192,"Length":1,"Type":"Other","Words":[{"Box":[300.718,764.4625,3.525,9.4964],"Polygon":[764.4625,300.718,767.9875,300.718,767.9875,310.2144,764.4625,310.2144],"IndexInText":2192,"OcrConfidence":1.0,"Text":"0","VisualLineNumber":17}]}]},{"IndexInText":2195,"Language":"bul","Length":5,"Rotation":"None","SkewAngle":0.0,"Type":"Paragraph","WordGroups":[{"IndexInText":2195,"Length":5,"Type":"Other","Words":[{"Box":[340.968,722.4625,3.525,9.4964],"Polygon":[722.4625,340.968,725.9875,340.968,725.9875,350.4644,722.4625,350.4644],"IndexInText":2195,"OcrConfidence":1.0,"Text":"0","VisualLineNumber":18},{"Box":[352.818,722.4625,3.525,9.4964],"Polygon":[722.4625,352.818,725.9875,352.818,725.9875,362.3144,722.4625,362.3144],"IndexInText":2197,"OcrConfidence":1.0,"Text":"0","VisualLineNumber":19},{"Box":[364.968,722.4625,3.525,9.4964],"Polygon":[722.4625,364.968,725.9875,364.968,725.9875,374.4644,722.4625,374.4644],"IndexInText":2199,"OcrConfidence":1.0,"Text":"0","VisualLineNumber":20}]}]},{"IndexInText":2202,"Language":"eng","Length":1,"Rotation":"None","SkewAngle":0.0,"Type":"Paragraph","WordGroups":[{"IndexInText":2202,"Length":1,"Type":"Other","Words":[{"Box":[385.368,722.4625,3.525,9.4964],"Polygon":[722.4625,385.368,725.9875,385.368,725.9875,394.8644,722.4625,394.8644],"IndexInText":2202,"OcrConfidence":1.0,"Text":"0","VisualLineNumber":22}]}]},{"IndexInText":2205,"Language":"bul","Length":5,"Rotation":"None","SkewAngle":0.0,"Type":"Paragraph","WordGroups":[{"IndexInText":2205,"Length":5,"Type":"Other","Words":[{"Box":[340.968,764.4625,3.525,9.4964],"Polygon":[764.4625,340.968,767.9875,340.968,767.9875,350.4644,764.4625,350.4644],"IndexInText":2205,"OcrConfidence":1.0,"Text":"0","VisualLineNumber":18},{"Box":[352.818,764.4625,3.525,9.4964],"Polygon":[764.4625,352.818,767.9875,352.818,767.9875,362.3144,764.4625,362.3144],"IndexInText":2207,"OcrConfidence":1.0,"Text":"0","VisualLineNumber":19},{"Box":[364.968,764.4625,3.525,9.4964],"Polygon":[764.4625,364.968,767.9875,364.968,767.9875,374.4644,764.4625,374.4644],"IndexInText":2209,"OcrConfidence":1.0,"Text":"0","VisualLineNumber":20}]}]},{"IndexInText":2212,"Language":"eng","Length":1,"Rotation":"None","SkewAngle":0.0,"Type":"Paragraph","WordGroups":[{"IndexInText":2212,"Length":1,"Type":"Other","Words":[{"Box":[385.718,764.4625,3.525,9.4964],"Polygon":[764.4625,385.718,767.9875,385.718,767.9875,395.2144,764.4625,395.2144],"IndexInText":2212,"OcrConfidence":1.0,"Text":"0","VisualLineNumber":22}]}]},{"IndexInText":2215,"Language":"bul","Length":5,"Rotation":"None","SkewAngle":0.0,"Type":"Paragraph","WordGroups":[{"IndexInText":2215,"Length":5,"Type":"Other","Words":[{"Box":[425.968,722.4625,3.525,9.4964],"Polygon":[722.4625,425.968,725.9875,425.968,725.9875,435.4644,722.4625,435.4644],"IndexInText":2215,"OcrConfidence":1.0,"Text":"0","VisualLineNumber":23},{"Box":[437.818,722.4625,3.525,9.4964],"Polygon":[722.4625,437.818,725.9875,437.818,725.9875,447.3144,722.4625,447.3144],"IndexInText":2217,"OcrConfidence":1.0,"Text":"0","VisualLineNumber":24},{"Box":[449.968,722.4625,3.525,9.4964],"Polygon":[722.4625,449.968,725.9875,449.968,725.9875,459.4644,722.4625,459.4644],"IndexInText":2219,"OcrConfidence":1.0,"Text":"0","VisualLineNumber":25}]}]},{"IndexInText":2222,"Language":"eng","Length":1,"Rotation":"None","SkewAngle":0.0,"Type":"Paragraph","WordGroups":[{"IndexInText":2222,"Length":1,"Type":"Other","Words":[{"Box":[470.368,722.4625,3.525,9.4964],"Polygon":[722.4625,470.368,725.9875,470.368,725.9875,479.8644,722.4625,479.8644],"IndexInText":2222,"OcrConfidence":1.0,"Text":"0","VisualLineNumber":27}]}]},{"IndexInText":2225,"Language":"bul","Length":5,"Rotation":"None","SkewAngle":0.0,"Type":"Paragraph","WordGroups":[{"IndexInText":2225,"Length":5,"Type":"Other","Words":[{"Box":[425.968,764.4625,3.525,9.4964],"Polygon":[764.4625,425.968,767.9875,425.968,767.9875,435.4644,764.4625,435.4644],"IndexInText":2225,"OcrConfidence":1.0,"Text":"0","VisualLineNumber":23},{"Box":[437.818,764.4625,3.525,9.4964],"Polygon":[764.4625,437.818,767.9875,437.818,767.9875,447.3144,764.4625,447.3144],"IndexInText":2227,"OcrConfidence":1.0,"Text":"0","VisualLineNumber":24},{"Box":[449.968,764.4625,3.525,9.4964],"Polygon":[764.4625,449.968,767.9875,449.968,767.9875,459.4644,764.4625,459.4644],"IndexInText":2229,"OcrConfidence":1.0,"Text":"0","VisualLineNumber":25}]}]},{"IndexInText":2232,"Language":"eng","Length":1,"Rotation":"None","SkewAngle":0.0,"Type":"Paragraph","WordGroups":[{"IndexInText":2232,"Length":1,"Type":"Other","Words":[{"Box":[470.718,764.4625,3.525,9.4964],"Polygon":[764.4625,470.718,767.9875,470.718,767.9875,480.2144,764.4625,480.2144],"IndexInText":2232,"OcrConfidence":1.0,"Text":"0","VisualLineNumber":27}]}]},{"IndexInText":2235,"Language":"eng","Length":1,"Rotation":"None","SkewAngle":0.0,"Type":"Paragraph","WordGroups":[{"IndexInText":2235,"Length":1,"Type":"Other","Words":[{"Box":[510.968,722.4625,3.525,9.4964],"Polygon":[722.4625,510.968,725.9875,510.968,725.9875,520.4644,722.4625,520.4644],"IndexInText":2235,"OcrConfidence":1.0,"Text":"0","VisualLineNumber":28}]}]},{"IndexInText":2238,"Language":"eng","Length":1,"Rotation":"None","SkewAngle":0.0,"Type":"Paragraph","WordGroups":[{"IndexInText":2238,"Length":1,"Type":"Other","Words":[{"Box":[510.968,764.4625,3.525,9.4964],"Polygon":[764.4625,510.968,767.9875,510.968,767.9875,520.4644,764.4625,520.4644],"IndexInText":2238,"OcrConfidence":1.0,"Text":"0","VisualLineNumber":28}]}]},{"IndexInText":2241,"Language":"bul","Length":5,"Rotation":"None","SkewAngle":0.0,"Type":"Paragraph","WordGroups":[{"IndexInText":2241,"Length":5,"Type":"Other","Words":[{"Box":[522.818,722.4625,3.525,9.4964],"Polygon":[722.4625,522.818,725.9875,522.818,725.9875,532.3144,722.4625,532.3144],"IndexInText":2241,"OcrConfidence":1.0,"Text":"0","VisualLineNumber":29},{"Box":[522.818,757.3625,10.575,9.4964],"Polygon":[757.3625,522.818,767.9375,522.818,767.9375,532.3144,757.3625,532.3144],"IndexInText":2243,"OcrConfidence":1.0,"Text":"321","VisualLineNumber":29}]}]},{"IndexInText":2248,"Language":"eng","Length":1,"Rotation":"None","SkewAngle":0.0,"Type":"Footer","WordGroups":[{"IndexInText":2248,"Length":1,"Type":"Other","Words":[{"Box":[534.968,722.4625,3.525,9.4964],"Polygon":[722.4625,534.968,725.9875,534.968,725.9875,544.4644,722.4625,544.4644],"IndexInText":2248,"OcrConfidence":1.0,"Text":"0","VisualLineNumber":30}]}]},{"IndexInText":2251,"Language":"eng","Length":1,"Rotation":"None","SkewAngle":0.0,"Type":"Footer","WordGroups":[{"IndexInText":2251,"Length":1,"Type":"Other","Words":[{"Box":[534.968,764.4625,3.525,9.4964],"Polygon":[764.4625,534.968,767.9875,534.968,767.9875,544.4644,764.4625,544.4644],"IndexInText":2251,"OcrConfidence":1.0,"Text":"0","VisualLineNumber":30}]}]},{"IndexInText":2254,"Language":"bul","Length":5,"Rotation":"None","SkewAngle":0.0,"Type":"Paragraph","WordGroups":[{"IndexInText":2254,"Length":5,"Type":"Other","Words":[{"Box":[555.368,722.4625,3.525,9.4964],"Polygon":[722.4625,555.368,725.9875,555.368,725.9875,564.8644,722.4625,564.8644],"IndexInText":2254,"OcrConfidence":1.0,"Text":"0","VisualLineNumber":32},{"Box":[555.718,757.3625,10.575,9.4964],"Polygon":[757.3625,555.718,767.9375,555.718,767.9375,565.2144,757.3625,565.2144],"IndexInText":2256,"OcrConfidence":1.0,"Text":"321","VisualLineNumber":32}]}]}],"ProcessingSource":"Pdf","IndexInText":0,"TextLength":2259,"SkewAngle":0.0}]}