{"DocumentTypeId":"LossRun.Reports.DataExtraction","FormId":"ee09ab49","FormName":"Amtrust Generic","OriginalFileExtension":"pdf","Pages":[{"Page":0,"Size":[0.0,0.0,792.0,612.0],"SkewAngle":0.0,"Evidence":[{"Text":"Claim","Box":[111.8552,24.0,18.4076,9.7572]},{"Text":"No","Box":[111.8552,44.1701,8.6151,9.7572]},{"Text":"Policy","Box":[123.8552,24.0,18.4075,9.7572]},{"Text":"Number","Box":[123.8552,44.17,25.0628,9.7572]},{"Text":"Converted","Box":[147.8552,24.0,31.718,9.7572]},{"Text":"Report","Box":[24.7552,156.0,21.1429,9.7572]},{"Text":"ID:","Box":[24.7552,178.9055,10.1801,9.7572]},{"Text":"Run","Box":[36.7552,156.0,12.9297,9.7572]},{"Text":"ID:","Box":[36.7552,170.6922,10.1802,9.7572]},{"Text":"User:","Box":[48.7552,156.0,16.4406,9.7572]},{"Text":"Claimant","Box":[111.8552,84.0,28.2001,9.7572]},{"Text":"Pol.","Box":[123.8552,84.0,11.555,9.7572]},{"Text":"Eff","Box":[123.8552,97.3175,9.3977,9.7572]},{"Text":"Date","Box":[123.8552,108.4776,14.093,9.7572]},{"Text":"Pol.","Box":[123.8552,144.0,11.555,9.7572]},{"Text":"Exp","Box":[123.8552,157.3174,12.1472,9.7572]},{"Text":"Date","Box":[123.8552,171.2271,14.0929,9.7572]},{"Text":"Cancel","Box":[135.8552,84.0,20.7552,9.7572]},{"Text":"Date","Box":[135.8552,106.5177,14.093,9.7572]},{"Text":"Insured","Box":[147.8552,84.0,23.5047,9.7572]},{"Text":"DOL","Box":[111.8552,198.0,15.2773,9.7572]},{"Text":"Loss","Box":[123.8552,198.0,13.7122,9.7572]},{"Text":"St","Box":[123.8552,213.4747,6.2675,9.7572]},{"Text":"Date","Box":[135.8552,198.0,14.093,9.7572]},{"Text":"Rcvd","Box":[135.8552,213.8555,15.6651,9.7572]},{"Text":"Closed","Box":[147.8552,198.0,20.3675,9.7572]},{"Text":"Date","Box":[147.8552,220.13,14.0929,9.7572]},{"Text":"Status","Box":[111.8552,306.0,18.8024,9.7572]},{"Text":"Claim","Box":[123.8552,246.0,18.4076,9.7572]},{"Text":"Type","Box":[123.8552,266.1701,15.2773,9.7572]},{"Text":"LOB","Box":[123.8552,306.0,14.8897,9.7572]},{"Text":"Lag","Box":[135.8552,246.0,11.7524,9.7572]},{"Text":"Garaging","Box":[147.8552,246.0,28.5948,9.7572]},{"Text":"Loc","Box":[147.8552,276.3573,11.3575,9.7572]},{"Text":"Adjuster","Box":[135.8552,306.0,26.6279,9.7572]},{"Text":"LOSS","Box":[23.9536,435.6661,27.2321,14.7396]},{"Text":"RUN","Box":[23.9536,465.5607,23.0679,14.7396]},{"Text":"REPORT","Box":[23.9536,491.2911,44.3786,14.7396]},{"Text":"Insured","Box":[111.8552,366.0,23.5047,9.7572]},{"Text":"Driver","Box":[111.8552,391.2672,19.9656,9.7572]},{"Text":"Unit/Location","Box":[123.8552,366.0,41.9122,9.7572]},{"Text":"Loss","Box":[135.8552,366.0,13.7123,9.7572]},{"Text":"Description","Box":[135.8552,381.4748,34.8552,9.7572]},{"Text":"Date:","Box":[24.7552,672.0,16.4407,9.7572]},{"Text":"Time:","Box":[36.7552,672.0,18.0128,9.7572]},{"Text":"Page:","Box":[48.7552,672.0,16.8354,9.7572]},{"Text":"Loss","Box":[135.8552,670.25,13.7122,9.7572]},{"Text":"ALAE","Box":[135.8552,706.4,19.585,9.7572]},{"Text":"Total","Box":[135.8552,751.9,16.0599,9.7572]}],"Fields":[],"Tables":[{"FieldId":"LossRun.Reports.DataExtraction.ClaimDetails","Headers":[{"FieldId":"LossRun.Reports.DataExtraction.ClaimDetails.Carrier","Box":[0.0,0.0,0.0,0.0]},{"FieldId":"LossRun.Reports.DataExtraction.ClaimDetails.PolicyNumber","Box":[0.0,0.0,0.0,0.0]},{"FieldId":"LossRun.Reports.DataExtraction.ClaimDetails.PolicyYear","Box":[0.0,0.0,0.0,0.0]},{"FieldId":"LossRun.Reports.DataExtraction.ClaimDetails.PolicyEffectiveDate","Box":[0.0,0.0,0.0,0.0]},{"FieldId":"LossRun.Reports.DataExtraction.ClaimDetails.PolicyExpirationDate","Box":[0.0,0.0,0.0,0.0]},{"FieldId":"LossRun.Reports.DataExtraction.ClaimDetails.CoverageType","Box":[0.0,0.0,0.0,0.0]},{"FieldId":"LossRun.Reports.DataExtraction.ClaimDetails.Customer","Box":[0.0,0.0,0.0,0.0]},{"FieldId":"LossRun.Reports.DataExtraction.ClaimDetails.ClaimNumber","Box":[0.0,0.0,0.0,0.0]},{"FieldId":"LossRun.Reports.DataExtraction.ClaimDetails.DateofLoss","Box":[0.0,0.0,0.0,0.0]},{"FieldId":"LossRun.Reports.DataExtraction.ClaimDetails.DateReportedtoEmployer","Box":[0.0,0.0,0.0,0.0]},{"FieldId":"LossRun.Reports.DataExtraction.ClaimDetails.DateReportedtoCarrier","Box":[0.0,0.0,0.0,0.0]},{"FieldId":"LossRun.Reports.DataExtraction.ClaimDetails.Status","Box":[0.0,0.0,0.0,0.0]},{"FieldId":"LossRun.Reports.DataExtraction.ClaimDetails.OpenedDate","Box":[0.0,0.0,0.0,0.0]},{"FieldId":"LossRun.Reports.DataExtraction.ClaimDetails.CloseDate","Box":[0.0,0.0,0.0,0.0]},{"FieldId":"LossRun.Reports.DataExtraction.ClaimDetails.ReopenedDate","Box":[0.0,0.0,0.0,0.0]},{"FieldId":"LossRun.Reports.DataExtraction.ClaimDetails.ClaimType","Box":[0.0,0.0,0.0,0.0]},{"FieldId":"LossRun.Reports.DataExtraction.ClaimDetails.ClaimantFirstName","Box":[0.0,0.0,0.0,0.0]},{"FieldId":"LossRun.Reports.DataExtraction.ClaimDetails.ClaimantLastname","Box":[0.0,0.0,0.0,0.0]},{"FieldId":"LossRun.Reports.DataExtraction.ClaimDetails.EntityName(IfnotaPerson)","Box":[0.0,0.0,0.0,0.0]},{"FieldId":"LossRun.Reports.DataExtraction.ClaimDetails.AccidentDescription","Box":[0.0,0.0,0.0,0.0]},{"FieldId":"LossRun.Reports.DataExtraction.ClaimDetails.AccidentLocation(Description)","Box":[0.0,0.0,0.0,0.0]},{"FieldId":"LossRun.Reports.DataExtraction.ClaimDetails.AccidentLocation(Number)","Box":[0.0,0.0,0.0,0.0]},{"FieldId":"LossRun.Reports.DataExtraction.ClaimDetails.AccidentLocation(NumberCode)","Box":[0.0,0.0,0.0,0.0]},{"FieldId":"LossRun.Reports.DataExtraction.ClaimDetails.AccidentSite","Box":[0.0,0.0,0.0,0.0]},{"FieldId":"LossRun.Reports.DataExtraction.ClaimDetails.AccidentSiteCity","Box":[0.0,0.0,0.0,0.0]},{"FieldId":"LossRun.Reports.DataExtraction.ClaimDetails.AccidentState","Box":[0.0,0.0,0.0,0.0]},{"FieldId":"LossRun.Reports.DataExtraction.ClaimDetails.ValueDate","Box":[0.0,0.0,0.0,0.0]},{"FieldId":"LossRun.Reports.DataExtraction.ClaimDetails.PaidTotal","Box":[0.0,0.0,0.0,0.0]},{"FieldId":"LossRun.Reports.DataExtraction.ClaimDetails.OutstandingTotal","Box":[0.0,0.0,0.0,0.0]},{"FieldId":"LossRun.Reports.DataExtraction.ClaimDetails.IncurredTotal","Box":[0.0,0.0,0.0,0.0]},{"FieldId":"LossRun.Reports.DataExtraction.ClaimDetails.Recoveries","Box":[0.0,0.0,0.0,0.0]},{"FieldId":"LossRun.Reports.DataExtraction.ClaimDetails.PaidIndPDColl","Box":[0.0,0.0,0.0,0.0]},{"FieldId":"LossRun.Reports.DataExtraction.ClaimDetails.OutstandingINdPDColl","Box":[0.0,0.0,0.0,0.0]},{"FieldId":"LossRun.Reports.DataExtraction.ClaimDetails.RecoveredindPDColl","Box":[0.0,0.0,0.0,0.0]},{"FieldId":"LossRun.Reports.DataExtraction.ClaimDetails.PaidMedBIComp","Box":[0.0,0.0,0.0,0.0]},{"FieldId":"LossRun.Reports.DataExtraction.ClaimDetails.OutstandingMedBIComp","Box":[0.0,0.0,0.0,0.0]},{"FieldId":"LossRun.Reports.DataExtraction.ClaimDetails.RecoveredMedBIComp","Box":[0.0,0.0,0.0,0.0]},{"FieldId":"LossRun.Reports.DataExtraction.ClaimDetails.PaidExpense","Box":[0.0,0.0,0.0,0.0]},{"FieldId":"LossRun.Reports.DataExtraction.ClaimDetails.OutstandingExpense","Box":[0.0,0.0,0.0,0.0]},{"FieldId":"LossRun.Reports.DataExtraction.ClaimDetails.RecoveredExpense","Box":[0.0,0.0,0.0,0.0]},{"FieldId":"LossRun.Reports.DataExtraction.ClaimDetails.PaidSalvage","Box":[0.0,0.0,0.0,0.0]},{"FieldId":"LossRun.Reports.DataExtraction.ClaimDetails.OutstandingSalvage","Box":[0.0,0.0,0.0,0.0]},{"FieldId":"LossRun.Reports.DataExtraction.ClaimDetails.RecoveredSalvage","Box":[0.0,0.0,0.0,0.0]},{"FieldId":"LossRun.Reports.DataExtraction.ClaimDetails.PaidSubro","Box":[0.0,0.0,0.0,0.0]},{"FieldId":"LossRun.Reports.DataExtraction.ClaimDetails.OutstandingSubro","Box":[0.0,0.0,0.0,0.0]},{"FieldId":"LossRun.Reports.DataExtraction.ClaimDetails.RecoveredSubro","Box":[0.0,0.0,0.0,0.0]},{"FieldId":"LossRun.Reports.DataExtraction.ClaimDetails.LossType","Box":[0.0,0.0,0.0,0.0]},{"FieldId":"LossRun.Reports.DataExtraction.ClaimDetails.CauseOFInjury","Box":[0.0,0.0,0.0,0.0]},{"FieldId":"LossRun.Reports.DataExtraction.ClaimDetails.DetailedCauseofInjury","Box":[0.0,0.0,0.0,0.0]},{"FieldId":"LossRun.Reports.DataExtraction.ClaimDetails.NatureOfInjury","Box":[0.0,0.0,0.0,0.0]},{"FieldId":"LossRun.Reports.DataExtraction.ClaimDetails.DetailedNatureOfInjury","Box":[0.0,0.0,0.0,0.0]},{"FieldId":"LossRun.Reports.DataExtraction.ClaimDetails.BodyPartInjured","Box":[0.0,0.0,0.0,0.0]},{"FieldId":"LossRun.Reports.DataExtraction.ClaimDetails.DetailedBodyPartInjured","Box":[0.0,0.0,0.0,0.0]},{"FieldId":"LossRun.Reports.DataExtraction.ClaimDetails.ContributingFactor","Box":[0.0,0.0,0.0,0.0]},{"FieldId":"LossRun.Reports.DataExtraction.ClaimDetails.LitigationIndication","Box":[0.0,0.0,0.0,0.0]},{"FieldId":"LossRun.Reports.DataExtraction.ClaimDetails.Subrogation","Box":[0.0,0.0,0.0,0.0]},{"FieldId":"LossRun.Reports.DataExtraction.ClaimDetails.Occupation","Box":[0.0,0.0,0.0,0.0]},{"FieldId":"LossRun.Reports.DataExtraction.ClaimDetails.WorkLocation","Box":[0.0,0.0,0.0,0.0]},{"FieldId":"LossRun.Reports.DataExtraction.ClaimDetails.NCCICode","Box":[0.0,0.0,0.0,0.0]},{"FieldId":"LossRun.Reports.DataExtraction.ClaimDetails.DateOfBirth","Box":[0.0,0.0,0.0,0.0]},{"FieldId":"LossRun.Reports.DataExtraction.ClaimDetails.RTW","Box":[0.0,0.0,0.0,0.0]},{"FieldId":"LossRun.Reports.DataExtraction.ClaimDetails.RTWDATE","Box":[0.0,0.0,0.0,0.0]},{"FieldId":"LossRun.Reports.DataExtraction.ClaimDetails.Death","Box":[0.0,0.0,0.0,0.0]},{"FieldId":"LossRun.Reports.DataExtraction.ClaimDetails.Section32","Box":[0.0,0.0,0.0,0.0]},{"FieldId":"LossRun.Reports.DataExtraction.ClaimDetails.SLU","Box":[0.0,0.0,0.0,0.0]},{"FieldId":"LossRun.Reports.DataExtraction.ClaimDetails.GroupNumber","Box":[0.0,0.0,0.0,0.0]},{"FieldId":"LossRun.Reports.DataExtraction.ClaimDetails.EntityNumber","Box":[0.0,0.0,0.0,0.0]},{"FieldId":"LossRun.Reports.DataExtraction.ClaimDetails.BargainUnit","Box":[0.0,0.0,0.0,0.0]},{"FieldId":"LossRun.Reports.DataExtraction.ClaimDetails.EmployerReimburse","Box":[0.0,0.0,0.0,0.0]},{"FieldId":"LossRun.Reports.DataExtraction.ClaimDetails.Medicare","Box":[0.0,0.0,0.0,0.0]},{"FieldId":"LossRun.Reports.DataExtraction.ClaimDetails.DriverName","Box":[0.0,0.0,0.0,0.0]},{"FieldId":"LossRun.Reports.DataExtraction.ClaimDetails.VehicleUnitdescription","Box":[0.0,0.0,0.0,0.0]},{"FieldId":"LossRun.Reports.DataExtraction.ClaimDetails.Vehicleyear","Box":[0.0,0.0,0.0,0.0]},{"FieldId":"LossRun.Reports.DataExtraction.ClaimDetails.VehicleManufacturer","Box":[0.0,0.0,0.0,0.0]},{"FieldId":"LossRun.Reports.DataExtraction.ClaimDetails.VehicleModel","Box":[0.0,0.0,0.0,0.0]},{"FieldId":"LossRun.Reports.DataExtraction.ClaimDetails.VehicleID","Box":[0.0,0.0,0.0,0.0]},{"FieldId":"LossRun.Reports.DataExtraction.ClaimDetails.VehicleLicensePlate","Box":[0.0,0.0,0.0,0.0]},{"FieldId":"LossRun.Reports.DataExtraction.ClaimDetails.VehicleLicenseState","Box":[0.0,0.0,0.0,0.0]},{"FieldId":"LossRun.Reports.DataExtraction.ClaimDetails.TotaledIndicator","Box":[0.0,0.0,0.0,0.0]},{"FieldId":"LossRun.Reports.DataExtraction.ClaimDetails.AdjusterName","Box":[0.0,0.0,0.0,0.0]},{"FieldId":"LossRun.Reports.DataExtraction.ClaimDetails.AdjusterPhone","Box":[0.0,0.0,0.0,0.0]},{"FieldId":"LossRun.Reports.DataExtraction.ClaimDetails.AdjusterEmail","Box":[0.0,0.0,0.0,0.0]},{"FieldId":"LossRun.Reports.DataExtraction.ClaimDetails.ConcurrentEmp","Box":[0.0,0.0,0.0,0.0]},{"FieldId":"LossRun.Reports.DataExtraction.ClaimDetails.DegreeofDisability","Box":[0.0,0.0,0.0,0.0]},{"FieldId":"LossRun.Reports.DataExtraction.ClaimDetails.AvgWklyWage","Box":[0.0,0.0,0.0,0.0]},{"FieldId":"LossRun.Reports.DataExtraction.ClaimDetails.AttorneyFirm","Box":[0.0,0.0,0.0,0.0]},{"FieldId":"LossRun.Reports.DataExtraction.ClaimDetails.ClaimantSSN","Box":[0.0,0.0,0.0,0.0]},{"FieldId":"LossRun.Reports.DataExtraction.ClaimDetails.LAG","Box":[0.0,0.0,0.0,0.0]},{"FieldId":"LossRun.Reports.DataExtraction.ClaimDetails.GaragingLoc","Box":[0.0,0.0,0.0,0.0]},{"FieldId":"LossRun.Reports.DataExtraction.ClaimDetails.LOB","Box":[0.0,0.0,0.0,0.0]},{"FieldId":"LossRun.Reports.DataExtraction.ClaimDetails.ReservesLoss","Box":[0.0,0.0,0.0,0.0]},{"FieldId":"LossRun.Reports.DataExtraction.ClaimDetails.ReservesALAE","Box":[0.0,0.0,0.0,0.0]},{"FieldId":"LossRun.Reports.DataExtraction.ClaimDetails.PaymentsLoss","Box":[0.0,0.0,0.0,0.0]},{"FieldId":"LossRun.Reports.DataExtraction.ClaimDetails.PaymentsALAE","Box":[0.0,0.0,0.0,0.0]},{"FieldId":"LossRun.Reports.DataExtraction.ClaimDetails.RecoveriesLoss","Box":[0.0,0.0,0.0,0.0]},{"FieldId":"LossRun.Reports.DataExtraction.ClaimDetails.RecoveriesALAE","Box":[0.0,0.0,0.0,0.0]},{"FieldId":"LossRun.Reports.DataExtraction.ClaimDetails.IncurredLoss","Box":[0.0,0.0,0.0,0.0]},{"FieldId":"LossRun.Reports.DataExtraction.ClaimDetails.IncurredALAE","Box":[0.0,0.0,0.0,0.0]},{"FieldId":"LossRun.Reports.DataExtraction.ClaimDetails.UnitLocation","Box":[0.0,0.0,0.0,0.0]}],"Cells":[{"Row":0,"Column":0,"Box":[40.8223,415.7068,119.065,17.0093]},{"Row":0,"Column":1,"Box":[181.7954,22.4439,55.6608,11.6708]},{"Row":0,"Column":6,"Box":[205.2188,80.9531,107.25,39.1875]},{"Row":0,"Column":7,"Box":[169.9894,19.5458,61.5989,10.0691]},{"Row":0,"Column":8,"Box":[169.6406,196.4531,36.6094,11.3438]},{"Row":0,"Column":10,"Box":[195.9588,195.3756,39.0751,8.7482]},{"Row":0,"Column":11,"Box":[170.7929,302.6129,51.0086,10.8895]},{"Row":0,"Column":13,"Box":[205.2901,195.3756,37.9087,13.9971]},{"Row":0,"Column":15,"Box":[170.8807,240.866,54.2386,22.162]},{"Row":0,"Column":16,"Box":[168.0938,81.4688,107.25,15.4688]},{"Row":0,"Column":19,"Box":[194.5863,361.7309,157.6648,50.8918]},{"Row":0,"Column":25,"Box":[182.5449,197.1252,36.1591,11.081]},{"Row":0,"Column":70,"Box":[168.1425,365.2234,123.7369,12.9724]},{"Row":0,"Column":79,"Box":[193.145,302.0398,56.1668,44.1311]},{"Row":0,"Column":87,"Box":[192.8978,244.9077,30.2843,14.4838]},{"Row":0,"Column":88,"Box":[212.0583,240.1417,60.1787,31.5222]},{"Row":0,"Column":89,"Box":[182.2555,300.8935,53.3011,12.0357]},{"Row":0,"Column":90,"Box":[170.6372,640.6378,47.3992,10.4777]},{"Row":0,"Column":91,"Box":[168.1425,695.0222,40.4141,13.4714]},{"Row":0,"Column":92,"Box":[181.6138,639.64,48.3971,12.9724]},{"Row":0,"Column":93,"Box":[181.6138,695.0222,41.9109,12.9724]},{"Row":0,"Column":94,"Box":[191.5926,638.6421,53.3865,15.4671]},{"Row":0,"Column":95,"Box":[195.1024,695.4146,39.278,10.9463]},{"Row":0,"Column":96,"Box":[212.2758,640.9097,51.0278,12.9271]},{"Row":0,"Column":97,"Box":[211.5955,696.0198,39.4615,14.9682]},{"Row":0,"Column":98,"Box":[179.6488,361.8732,160.3317,16.7415]},{"Row":1,"Column":0,"Box":[38.1008,410.9442,125.8687,20.4111]},{"Row":1,"Column":1,"Box":[267.5311,22.4439,52.0698,11.2219]},{"Row":1,"Column":6,"Box":[290.8125,80.9531,109.8281,40.7344]},{"Row":1,"Column":7,"Box":[254.2031,20.1094,57.2344,12.8906]},{"Row":1,"Column":8,"Box":[255.75,195.4219,36.0938,10.3125]},{"Row":1,"Column":10,"Box":[280.5243,195.3756,34.4094,9.9146]},{"Row":1,"Column":11,"Box":[254.47,302.0398,48.143,12.6089]},{"Row":1,"Column":13,"Box":[291.0221,195.3756,38.4919,10.4978]},{"Row":1,"Column":15,"Box":[256.0998,242.9327,47.4015,22.384]},{"Row":1,"Column":16,"Box":[253.6875,79.9219,111.8906,14.4375]},{"Row":1,"Column":19,"Box":[280.9027,363.2277,153.6732,43.4077]},{"Row":1,"Column":25,"Box":[265.944,195.3756,35.5758,12.8306]},{"Row":1,"Column":70,"Box":[254.459,365.2234,136.2104,13.9703]},{"Row":1,"Column":79,"Box":[280.834,302.0398,54.4474,42.4117]},{"Row":1,"Column":87,"Box":[278.4838,246.8828,44.7681,13.1671]},{"Row":1,"Column":88,"Box":[291.1503,240.1417,59.0324,37.2535]},{"Row":1,"Column":89,"Box":[268.2251,302.0398,49.2892,10.8895]},{"Row":1,"Column":90,"Box":[256.4547,633.6527,59.8727,8.9809]},{"Row":1,"Column":91,"Box":[255.9558,691.5296,42.4098,11.4756]},{"Row":1,"Column":92,"Box":[266.4335,633.6527,57.378,11.4756]},{"Row":1,"Column":93,"Box":[265.9346,694.0243,38.9173,12.9724]},{"Row":1,"Column":94,"Box":[279.4059,633.6527,55.8812,10.9767]},{"Row":1,"Column":95,"Box":[278.8098,695.4146,36.0585,11.5902]},{"Row":1,"Column":96,"Box":[298.0026,634.106,57.1512,14.9682]},{"Row":1,"Column":97,"Box":[297.3222,693.9787,36.0597,14.9682]},{"Row":1,"Column":98,"Box":[264.6439,361.2293,157.7561,17.3854]},{"Row":2,"Column":0,"Box":[42.183,408.2228,127.9098,15.6485]},{"Row":2,"Column":1,"Box":[351.2325,21.915,55.0837,11.846]},{"Row":2,"Column":6,"Box":[374.3438,80.4375,107.7656,39.7031]},{"Row":2,"Column":7,"Box":[339.7969,21.1406,55.1719,10.3125]},{"Row":2,"Column":8,"Box":[339.2813,195.4219,37.6406,11.8594]},{"Row":2,"Column":10,"Box":[364.5066,194.7923,39.0751,11.081]},{"Row":2,"Column":11,"Box":[339.8664,303.1861,45.8504,13.182]},{"Row":2,"Column":13,"Box":[375.5876,195.9588,36.7423,9.9146]},{"Row":2,"Column":15,"Box":[339.7107,240.9576,61.8853,26.3342]},{"Row":2,"Column":16,"Box":[338.25,79.4063,111.375,15.4688]},{"Row":2,"Column":19,"Box":[365.2234,363.2277,162.6542,47.8982]},{"Row":2,"Column":25,"Box":[350.5096,194.7923,35.5758,13.9971]},{"Row":2,"Column":70,"Box":[338.7797,365.2234,131.221,12.9724]},{"Row":2,"Column":79,"Box":[365.0842,303.7592,48.7161,39.546]},{"Row":2,"Column":87,"Box":[362.7531,243.591,50.0349,13.8254]},{"Row":2,"Column":88,"Box":[380.5587,241.8611,62.4712,30.3759]},{"Row":2,"Column":89,"Box":[352.8659,303.238,50.8002,11.7231]},{"Row":2,"Column":90,"Box":[341.7733,629.6612,62.8663,8.9809]},{"Row":2,"Column":91,"Box":[341.7733,697.0179,36.9215,11.4756]},{"Row":2,"Column":92,"Box":[353.2489,630.1601,62.8663,11.4756]},{"Row":2,"Column":93,"Box":[352.75,697.5169,36.4226,11.9745]},{"Row":2,"Column":94,"Box":[365.7224,630.659,61.8685,8.9809]},{"Row":2,"Column":95,"Box":[365.3594,699.4217,36.0597,9.5252]},{"Row":2,"Column":96,"Box":[382.3687,634.106,56.4708,13.6074]},{"Row":2,"Column":97,"Box":[380.3275,696.0198,39.4615,16.3289]},{"Row":2,"Column":98,"Box":[349.0781,360.9375,163.4531,17.5313]},{"Row":3,"Column":0,"Box":[38.7812,410.2639,119.7453,18.37]},{"Row":3,"Column":1,"Box":[434.7464,18.9535,55.676,14.8074]},{"Row":3,"Column":6,"Box":[464.3613,81.1448,105.429,34.3533]},{"Row":3,"Column":7,"Box":[422.8125,18.0469,56.2031,12.8906]},{"Row":3,"Column":8,"Box":[425.9063,195.9375,35.5781,9.7969]},{"Row":3,"Column":10,"Box":[449.6554,196.542,36.1591,11.6642]},{"Row":3,"Column":11,"Box":[425.836,303.1861,52.728,12.6089]},{"Row":3,"Column":13,"Box":[461.3196,195.3756,36.7423,11.6642]},{"Row":3,"Column":15,"Box":[427.9302,243.591,55.3017,25.6758]},{"Row":3,"Column":16,"Box":[423.3281,79.4063,109.3125,14.4375]},{"Row":3,"Column":19,"Box":[451.5399,362.7287,159.1616,45.9024]},{"Row":3,"Column":25,"Box":[436.8247,194.2091,34.4094,13.4138]},{"Row":3,"Column":70,"Box":[425.0961,366.7203,137.2083,11.9745]},{"Row":3,"Column":79,"Box":[450.4806,303.7592,54.4474,41.8385]},{"Row":3,"Column":87,"Box":[449.6559,242.2743,38.8429,13.1671]},{"Row":3,"Column":88,"Box":[464.2357,243.0074,57.3131,34.961]},{"Row":3,"Column":89,"Box":[437.8717,302.0398,54.4474,12.0357]},{"Row":3,"Column":90,"Box":[425.0961,641.1368,49.8939,11.9745]},{"Row":3,"Column":91,"Box":[425.0961,698.0158,34.9257,11.9745]},{"Row":3,"Column":92,"Box":[437.0707,640.6378,50.8918,10.4777]},{"Row":3,"Column":93,"Box":[435.5739,697.5169,34.9257,12.9724]},{"Row":3,"Column":94,"Box":[450.542,639.64,49.395,10.9767]},{"Row":3,"Column":95,"Box":[449.045,696.0198,36.74,11.5663]},{"Row":3,"Column":96,"Box":[468.0954,640.2294,49.6671,13.6074]},{"Row":3,"Column":97,"Box":[468.0954,696.0198,36.74,12.9271]},{"Row":3,"Column":98,"Box":[434.6719,361.4531,160.3594,18.0469]},{"Row":4,"Column":0,"Box":[38.1008,408.9031,123.8276,19.7308]},{"Row":4,"Column":1,"Box":[521.2219,21.915,53.3068,11.2537]},{"Row":4,"Column":6,"Box":[546.0984,78.7756,106.0213,39.0916]},{"Row":4,"Column":7,"Box":[509.4375,20.1094,55.1719,10.8281]},{"Row":4,"Column":8,"Box":[508.9219,196.4531,35.5781,11.3438]},{"Row":4,"Column":10,"Box":[534.8041,193.6259,39.0751,10.4978]},{"Row":4,"Column":11,"Box":[509.5131,302.6129,54.4474,12.6089]},{"Row":4,"Column":13,"Box":[545.3019,194.7923,37.9087,12.2474]},{"Row":4,"Column":15,"Box":[509.5661,243.591,57.2768,25.0175]},{"Row":4,"Column":16,"Box":[508.4063,78.375,108.7969,13.4063]},{"Row":4,"Column":19,"Box":[535.3617,364.2256,130.2231,44.9045]},{"Row":4,"Column":25,"Box":[521.9735,195.3756,37.9087,12.2474]},{"Row":4,"Column":70,"Box":[507.92,363.2277,126.7305,14.4692]},{"Row":4,"Column":79,"Box":[534.7308,302.6129,59.0324,46.9967]},{"Row":4,"Column":87,"Box":[535.2419,244.2494,48.7182,10.5337]},{"Row":4,"Column":88,"Box":[548.4859,242.4342,61.8981,36.1072]},{"Row":4,"Column":89,"Box":[522.6951,303.1861,55.0205,11.4626]},{"Row":4,"Column":90,"Box":[512.4105,636.6463,54.3844,10.4777]},{"Row":4,"Column":91,"Box":[510.9137,699.0137,33.4289,10.4777]},{"Row":4,"Column":92,"Box":[523.3871,636.6463,56.3801,9.9788]},{"Row":4,"Column":93,"Box":[522.3893,698.0158,35.4247,11.4756]},{"Row":4,"Column":94,"Box":[535.3617,639.64,52.8875,10.4777]},{"Row":4,"Column":95,"Box":[534.0914,698.0609,34.6989,12.9271]},{"Row":4,"Column":96,"Box":[554.5026,641.5901,48.9867,12.2467]},{"Row":4,"Column":97,"Box":[553.1418,698.7413,36.74,14.2878]},{"Row":4,"Column":98,"Box":[520.2656,361.4531,140.25,16.5]}]}]}],"AnchorBasedConfiguration":{"AnchorBasedFieldConfiguration":[]}}