{"DocumentTypeId":"LossRun.Reports.DataExtraction","FormId":"58452892","FormName":"CispTemplate","OriginalFileExtension":"pdf","Pages":[{"Page":0,"Size":[0.0,0.0,792.0,612.0],"SkewAngle":0.0,"Evidence":[{"Text":"716-842-0045","Box":[56.6121,63.3996,42.9162,8.4528]},{"Text":"www.ncacomp.com","Box":[64.2921,51.9996,59.8075,8.4528]},{"Text":"CRISP-COMMUNITY","Box":[17.6395,272.8,65.6341,8.5757]},{"Text":"RESIDENCE","Box":[17.6395,340.36,39.8341,8.5757]},{"Text":"INSURANCE","Box":[17.6395,382.12,40.3142,8.5757]},{"Text":"SAVINGS","Box":[17.6395,424.3601,30.4741,8.5757]},{"Text":"Detail","Box":[25.4395,272.8,18.6981,8.5757]},{"Text":"Loss","Box":[25.4395,293.4399,16.0363,8.5757]},{"Text":"Run","Box":[25.4395,311.44,13.2917,8.5757]},{"Text":"for","Box":[25.4395,326.68,9.136,8.5757]},{"Text":"ALL","Box":[25.4395,337.72,13.0517,8.5757]},{"Text":"CASES","Box":[25.4395,352.72,23.2741,8.5757]},{"Text":"WITH","Box":[33.2395,272.8,17.4096,8.5757]},{"Text":"ACCIDENTS","Box":[33.2395,292.12,39.5941,8.5757]},{"Text":"Accounting","Box":[41.0395,272.8,37.5318,8.5757]},{"Text":"period","Box":[41.0395,312.28,20.9717,8.5757]},{"Text":"displayed:","Box":[41.0395,335.1999,33.8337,8.5757]},{"Text":"Status","Box":[48.8395,272.8,20.9563,8.5757]},{"Text":"Selected","Box":[48.8395,295.72,28.2918,8.5757]},{"Text":"Run","Box":[18.6967,673.0,10.3635,7.0438]},{"Text":"date:","Box":[18.6967,684.88,12.5018,7.0438]},{"Text":"Valuation","Box":[26.4967,659.08,23.3236,7.0438]},{"Text":"Date:","Box":[26.4967,683.9202,13.4617,7.0438]},{"Text":"Page:","Box":[34.2967,697.36,14.6618,7.0438]},{"Text":"Claim","Box":[76.1995,566.8,18.6699,8.5757]},{"Text":"Costs","Box":[76.1995,587.4401,19.0362,8.5757]},{"Text":"-","Box":[76.1995,608.4402,2.2736,8.5757]},{"Text":"Net","Box":[76.1995,612.6402,11.0336,8.5757]},{"Text":"of","Box":[76.1995,625.6001,6.4737,8.5757]},{"Text":"Recoveries","Box":[76.1995,634.0002,36.5562,8.5757]}],"Fields":[],"Tables":[{"FieldId":"LossRun.Reports.DataExtraction.ClaimDetails","Headers":[{"FieldId":"LossRun.Reports.DataExtraction.ClaimDetails.Carrier","Box":[0.0,0.0,0.0,0.0]},{"FieldId":"LossRun.Reports.DataExtraction.ClaimDetails.PolicyNumber","Box":[0.0,0.0,0.0,0.0]},{"FieldId":"LossRun.Reports.DataExtraction.ClaimDetails.PolicyYear","Box":[0.0,0.0,0.0,0.0]},{"FieldId":"LossRun.Reports.DataExtraction.ClaimDetails.PolicyEffectiveDate","Box":[0.0,0.0,0.0,0.0]},{"FieldId":"LossRun.Reports.DataExtraction.ClaimDetails.PolicyExpirationDate","Box":[0.0,0.0,0.0,0.0]},{"FieldId":"LossRun.Reports.DataExtraction.ClaimDetails.CoverageType","Box":[0.0,0.0,0.0,0.0]},{"FieldId":"LossRun.Reports.DataExtraction.ClaimDetails.Customer","Box":[0.0,0.0,0.0,0.0]},{"FieldId":"LossRun.Reports.DataExtraction.ClaimDetails.ClaimNumber","Box":[0.0,0.0,0.0,0.0]},{"FieldId":"LossRun.Reports.DataExtraction.ClaimDetails.DateofLoss","Box":[0.0,0.0,0.0,0.0]},{"FieldId":"LossRun.Reports.DataExtraction.ClaimDetails.DateReportedtoEmployer","Box":[0.0,0.0,0.0,0.0]},{"FieldId":"LossRun.Reports.DataExtraction.ClaimDetails.DateReportedtoCarrier","Box":[0.0,0.0,0.0,0.0]},{"FieldId":"LossRun.Reports.DataExtraction.ClaimDetails.Status","Box":[0.0,0.0,0.0,0.0]},{"FieldId":"LossRun.Reports.DataExtraction.ClaimDetails.OpenedDate","Box":[0.0,0.0,0.0,0.0]},{"FieldId":"LossRun.Reports.DataExtraction.ClaimDetails.CloseDate","Box":[0.0,0.0,0.0,0.0]},{"FieldId":"LossRun.Reports.DataExtraction.ClaimDetails.ReopenedDate","Box":[0.0,0.0,0.0,0.0]},{"FieldId":"LossRun.Reports.DataExtraction.ClaimDetails.ClaimType","Box":[0.0,0.0,0.0,0.0]},{"FieldId":"LossRun.Reports.DataExtraction.ClaimDetails.ClaimantFirstName","Box":[0.0,0.0,0.0,0.0]},{"FieldId":"LossRun.Reports.DataExtraction.ClaimDetails.ClaimantLastname","Box":[0.0,0.0,0.0,0.0]},{"FieldId":"LossRun.Reports.DataExtraction.ClaimDetails.EntityName(IfnotaPerson)","Box":[0.0,0.0,0.0,0.0]},{"FieldId":"LossRun.Reports.DataExtraction.ClaimDetails.AccidentDescription","Box":[0.0,0.0,0.0,0.0]},{"FieldId":"LossRun.Reports.DataExtraction.ClaimDetails.AccidentLocation(Description)","Box":[0.0,0.0,0.0,0.0]},{"FieldId":"LossRun.Reports.DataExtraction.ClaimDetails.AccidentLocation(Number)","Box":[0.0,0.0,0.0,0.0]},{"FieldId":"LossRun.Reports.DataExtraction.ClaimDetails.AccidentLocation(NumberCode)","Box":[0.0,0.0,0.0,0.0]},{"FieldId":"LossRun.Reports.DataExtraction.ClaimDetails.AccidentSite","Box":[0.0,0.0,0.0,0.0]},{"FieldId":"LossRun.Reports.DataExtraction.ClaimDetails.AccidentSiteCity","Box":[0.0,0.0,0.0,0.0]},{"FieldId":"LossRun.Reports.DataExtraction.ClaimDetails.AccidentState","Box":[0.0,0.0,0.0,0.0]},{"FieldId":"LossRun.Reports.DataExtraction.ClaimDetails.ValueDate","Box":[0.0,0.0,0.0,0.0]},{"FieldId":"LossRun.Reports.DataExtraction.ClaimDetails.PaidTotal","Box":[0.0,0.0,0.0,0.0]},{"FieldId":"LossRun.Reports.DataExtraction.ClaimDetails.OutstandingTotal","Box":[0.0,0.0,0.0,0.0]},{"FieldId":"LossRun.Reports.DataExtraction.ClaimDetails.IncurredTotal","Box":[0.0,0.0,0.0,0.0]},{"FieldId":"LossRun.Reports.DataExtraction.ClaimDetails.Recoveries","Box":[0.0,0.0,0.0,0.0]},{"FieldId":"LossRun.Reports.DataExtraction.ClaimDetails.PaidIndPDColl","Box":[0.0,0.0,0.0,0.0]},{"FieldId":"LossRun.Reports.DataExtraction.ClaimDetails.OutstandingINdPDColl","Box":[0.0,0.0,0.0,0.0]},{"FieldId":"LossRun.Reports.DataExtraction.ClaimDetails.RecoveredindPDColl","Box":[0.0,0.0,0.0,0.0]},{"FieldId":"LossRun.Reports.DataExtraction.ClaimDetails.PaidMedBIComp","Box":[0.0,0.0,0.0,0.0]},{"FieldId":"LossRun.Reports.DataExtraction.ClaimDetails.OutstandingMedBIComp","Box":[0.0,0.0,0.0,0.0]},{"FieldId":"LossRun.Reports.DataExtraction.ClaimDetails.RecoveredMedBIComp","Box":[0.0,0.0,0.0,0.0]},{"FieldId":"LossRun.Reports.DataExtraction.ClaimDetails.PaidExpense","Box":[0.0,0.0,0.0,0.0]},{"FieldId":"LossRun.Reports.DataExtraction.ClaimDetails.OutstandingExpense","Box":[0.0,0.0,0.0,0.0]},{"FieldId":"LossRun.Reports.DataExtraction.ClaimDetails.RecoveredExpense","Box":[0.0,0.0,0.0,0.0]},{"FieldId":"LossRun.Reports.DataExtraction.ClaimDetails.PaidSalvage","Box":[0.0,0.0,0.0,0.0]},{"FieldId":"LossRun.Reports.DataExtraction.ClaimDetails.OutstandingSalvage","Box":[0.0,0.0,0.0,0.0]},{"FieldId":"LossRun.Reports.DataExtraction.ClaimDetails.RecoveredSalvage","Box":[0.0,0.0,0.0,0.0]},{"FieldId":"LossRun.Reports.DataExtraction.ClaimDetails.PaidSubro","Box":[0.0,0.0,0.0,0.0]},{"FieldId":"LossRun.Reports.DataExtraction.ClaimDetails.OutstandingSubro","Box":[0.0,0.0,0.0,0.0]},{"FieldId":"LossRun.Reports.DataExtraction.ClaimDetails.RecoveredSubro","Box":[0.0,0.0,0.0,0.0]},{"FieldId":"LossRun.Reports.DataExtraction.ClaimDetails.LossType","Box":[0.0,0.0,0.0,0.0]},{"FieldId":"LossRun.Reports.DataExtraction.ClaimDetails.CauseOFInjury","Box":[0.0,0.0,0.0,0.0]},{"FieldId":"LossRun.Reports.DataExtraction.ClaimDetails.DetailedCauseofInjury","Box":[0.0,0.0,0.0,0.0]},{"FieldId":"LossRun.Reports.DataExtraction.ClaimDetails.NatureOfInjury","Box":[0.0,0.0,0.0,0.0]},{"FieldId":"LossRun.Reports.DataExtraction.ClaimDetails.DetailedNatureOfInjury","Box":[0.0,0.0,0.0,0.0]},{"FieldId":"LossRun.Reports.DataExtraction.ClaimDetails.BodyPartInjured","Box":[0.0,0.0,0.0,0.0]},{"FieldId":"LossRun.Reports.DataExtraction.ClaimDetails.DetailedBodyPartInjured","Box":[0.0,0.0,0.0,0.0]},{"FieldId":"LossRun.Reports.DataExtraction.ClaimDetails.ContributingFactor","Box":[0.0,0.0,0.0,0.0]},{"FieldId":"LossRun.Reports.DataExtraction.ClaimDetails.LitigationIndication","Box":[0.0,0.0,0.0,0.0]},{"FieldId":"LossRun.Reports.DataExtraction.ClaimDetails.Subrogation","Box":[0.0,0.0,0.0,0.0]},{"FieldId":"LossRun.Reports.DataExtraction.ClaimDetails.Occupation","Box":[0.0,0.0,0.0,0.0]},{"FieldId":"LossRun.Reports.DataExtraction.ClaimDetails.WorkLocation","Box":[0.0,0.0,0.0,0.0]},{"FieldId":"LossRun.Reports.DataExtraction.ClaimDetails.NCCICode","Box":[0.0,0.0,0.0,0.0]},{"FieldId":"LossRun.Reports.DataExtraction.ClaimDetails.DateOfBirth","Box":[0.0,0.0,0.0,0.0]},{"FieldId":"LossRun.Reports.DataExtraction.ClaimDetails.RTW","Box":[0.0,0.0,0.0,0.0]},{"FieldId":"LossRun.Reports.DataExtraction.ClaimDetails.RTWDATE","Box":[0.0,0.0,0.0,0.0]},{"FieldId":"LossRun.Reports.DataExtraction.ClaimDetails.Death","Box":[0.0,0.0,0.0,0.0]},{"FieldId":"LossRun.Reports.DataExtraction.ClaimDetails.Section32","Box":[0.0,0.0,0.0,0.0]},{"FieldId":"LossRun.Reports.DataExtraction.ClaimDetails.SLU","Box":[0.0,0.0,0.0,0.0]},{"FieldId":"LossRun.Reports.DataExtraction.ClaimDetails.GroupNumber","Box":[0.0,0.0,0.0,0.0]},{"FieldId":"LossRun.Reports.DataExtraction.ClaimDetails.EntityNumber","Box":[0.0,0.0,0.0,0.0]},{"FieldId":"LossRun.Reports.DataExtraction.ClaimDetails.BargainUnit","Box":[0.0,0.0,0.0,0.0]},{"FieldId":"LossRun.Reports.DataExtraction.ClaimDetails.EmployerReimburse","Box":[0.0,0.0,0.0,0.0]},{"FieldId":"LossRun.Reports.DataExtraction.ClaimDetails.Medicare","Box":[0.0,0.0,0.0,0.0]},{"FieldId":"LossRun.Reports.DataExtraction.ClaimDetails.DriverName","Box":[0.0,0.0,0.0,0.0]},{"FieldId":"LossRun.Reports.DataExtraction.ClaimDetails.VehicleUnitdescription","Box":[0.0,0.0,0.0,0.0]},{"FieldId":"LossRun.Reports.DataExtraction.ClaimDetails.Vehicleyear","Box":[0.0,0.0,0.0,0.0]},{"FieldId":"LossRun.Reports.DataExtraction.ClaimDetails.VehicleManufacturer","Box":[0.0,0.0,0.0,0.0]},{"FieldId":"LossRun.Reports.DataExtraction.ClaimDetails.VehicleModel","Box":[0.0,0.0,0.0,0.0]},{"FieldId":"LossRun.Reports.DataExtraction.ClaimDetails.VehicleID","Box":[0.0,0.0,0.0,0.0]},{"FieldId":"LossRun.Reports.DataExtraction.ClaimDetails.VehicleLicensePlate","Box":[0.0,0.0,0.0,0.0]},{"FieldId":"LossRun.Reports.DataExtraction.ClaimDetails.VehicleLicenseState","Box":[0.0,0.0,0.0,0.0]},{"FieldId":"LossRun.Reports.DataExtraction.ClaimDetails.TotaledIndicator","Box":[0.0,0.0,0.0,0.0]},{"FieldId":"LossRun.Reports.DataExtraction.ClaimDetails.AdjusterName","Box":[0.0,0.0,0.0,0.0]},{"FieldId":"LossRun.Reports.DataExtraction.ClaimDetails.AdjusterPhone","Box":[0.0,0.0,0.0,0.0]},{"FieldId":"LossRun.Reports.DataExtraction.ClaimDetails.AdjusterEmail","Box":[0.0,0.0,0.0,0.0]},{"FieldId":"LossRun.Reports.DataExtraction.ClaimDetails.ConcurrentEmp","Box":[0.0,0.0,0.0,0.0]},{"FieldId":"LossRun.Reports.DataExtraction.ClaimDetails.DegreeofDisability","Box":[0.0,0.0,0.0,0.0]},{"FieldId":"LossRun.Reports.DataExtraction.ClaimDetails.AvgWklyWage","Box":[0.0,0.0,0.0,0.0]},{"FieldId":"LossRun.Reports.DataExtraction.ClaimDetails.AttorneyFirm","Box":[0.0,0.0,0.0,0.0]},{"FieldId":"LossRun.Reports.DataExtraction.ClaimDetails.ClaimantSSN","Box":[0.0,0.0,0.0,0.0]},{"FieldId":"LossRun.Reports.DataExtraction.ClaimDetails.Tenure","Box":[0.0,0.0,0.0,0.0]},{"FieldId":"LossRun.Reports.DataExtraction.ClaimDetails.CurrentAge","Box":[0.0,0.0,0.0,0.0]},{"FieldId":"LossRun.Reports.DataExtraction.ClaimDetails.ReservesCompensation","Box":[0.0,0.0,0.0,0.0]},{"FieldId":"LossRun.Reports.DataExtraction.ClaimDetails.ReservesExpense","Box":[0.0,0.0,0.0,0.0]},{"FieldId":"LossRun.Reports.DataExtraction.ClaimDetails.TotalReserves","Box":[0.0,0.0,0.0,0.0]},{"FieldId":"LossRun.Reports.DataExtraction.ClaimDetails.PaidCompensation","Box":[0.0,0.0,0.0,0.0]}],"Cells":[{"Row":0,"Column":0,"Box":[13.0305,268.9031,215.004,12.4382]},{"Row":0,"Column":7,"Box":[100.6817,169.5021,67.9707,12.3197]},{"Row":0,"Column":8,"Box":[101.1065,405.2756,53.1021,10.6204]},{"Row":0,"Column":11,"Box":[110.9888,165.9227,70.6293,24.6642]},{"Row":0,"Column":12,"Box":[111.2407,406.5218,46.9456,7.8243]},{"Row":0,"Column":13,"Box":[120.0855,401.7592,51.0278,10.2056]},{"Row":0,"Column":16,"Box":[103.0598,20.7304,79.9602,11.846]},{"Row":0,"Column":27,"Box":[111.7269,710.2943,53.527,8.0715]},{"Row":0,"Column":34,"Box":[112.1099,595.3037,56.055,7.8477]},{"Row":0,"Column":37,"Box":[112.1099,655.8431,50.4495,7.8477]},{"Row":0,"Column":47,"Box":[101.3753,243.9131,147.6406,11.2261]},{"Row":0,"Column":49,"Box":[109.797,243.5054,150.2999,9.7597]},{"Row":0,"Column":51,"Box":[119.4052,243.9131,84.7062,24.4934]},{"Row":0,"Column":87,"Box":[112.6705,127.8053,35.3146,30.2697]},{"Row":0,"Column":88,"Box":[102.3805,130.7122,32.839,9.6585]},{"Row":0,"Column":92,"Box":[112.1099,534.7643,57.7366,7.2871]},{"Row":1,"Column":0,"Box":[14.4375,269.1563,215.0156,13.4063]},{"Row":1,"Column":7,"Box":[153.6563,166.0313,71.6719,8.7656]},{"Row":1,"Column":8,"Box":[154.6875,402.7031,50.5313,8.7656]},{"Row":1,"Column":11,"Box":[161.9063,167.5781,74.25,24.2344]},{"Row":1,"Column":12,"Box":[160.875,404.7656,49.5,9.7969]},{"Row":1,"Column":13,"Box":[169.6406,403.7344,44.8594,9.7969]},{"Row":1,"Column":16,"Box":[154.1719,19.0781,88.1719,38.1563]},{"Row":1,"Column":27,"Box":[161.9063,707.9531,56.2031,7.7344]},{"Row":1,"Column":34,"Box":[161.3906,591.9375,62.9063,9.2813]},{"Row":1,"Column":37,"Box":[160.875,648.6563,58.2656,9.2813]},{"Row":1,"Column":47,"Box":[152.1094,240.7969,142.8281,11.8594]},{"Row":1,"Column":49,"Box":[161.9063,240.2813,159.3281,8.7656]},{"Row":1,"Column":51,"Box":[167.5781,240.7969,138.7031,27.3281]},{"Row":1,"Column":87,"Box":[161.3906,128.3906,36.6094,23.2031]},{"Row":1,"Column":88,"Box":[153.6563,126.8438,37.125,10.3125]},{"Row":1,"Column":92,"Box":[161.9063,533.1563,57.75,8.25]},{"Row":2,"Column":0,"Box":[14.5743,271.8666,201.7979,12.8926]},{"Row":2,"Column":7,"Box":[204.4665,166.8915,71.2461,9.2717]},{"Row":2,"Column":8,"Box":[202.5145,404.5411,44.8948,12.1997]},{"Row":2,"Column":11,"Box":[213.2502,168.3554,72.71,34.6471]},{"Row":2,"Column":12,"Box":[211.7977,405.2292,44.5479,10.16]},{"Row":2,"Column":13,"Box":[220.3947,406.0107,40.6402,13.2862]},{"Row":2,"Column":16,"Box":[204.7638,16.8031,95.348,42.9848]},{"Row":2,"Column":27,"Box":[213.2271,711.3494,52.7145,7.6999]},{"Row":2,"Column":34,"Box":[212.6348,591.7053,52.1222,8.8845]},{"Row":2,"Column":37,"Box":[212.0425,656.858,44.4223,9.4768]},{"Row":2,"Column":47,"Box":[203.7504,241.6574,154.5897,11.846]},{"Row":2,"Column":49,"Box":[212.6348,240.4728,152.8128,10.6614]},{"Row":2,"Column":51,"Box":[219.7424,238.6959,155.182,30.7995]},{"Row":2,"Column":87,"Box":[212.0425,125.5671,42.0531,34.9456]},{"Row":2,"Column":88,"Box":[203.1581,126.1594,39.0916,11.2537]},{"Row":2,"Column":92,"Box":[213.8194,533.6601,59.2298,9.4768]},{"Row":3,"Column":0,"Box":[14.1516,271.3207,203.0025,13.6636]},{"Row":3,"Column":7,"Box":[254.3917,169.2037,68.7756,9.7693]},{"Row":3,"Column":8,"Box":[256.3456,403.6661,46.8925,8.2062]},{"Row":3,"Column":11,"Box":[264.5517,168.8129,67.9941,31.6524]},{"Row":3,"Column":12,"Box":[262.5979,405.2292,47.674,10.9416]},{"Row":3,"Column":13,"Box":[272.3672,407.5738,40.6402,9.7693]},{"Row":3,"Column":16,"Box":[254.0009,18.3662,107.0712,45.7202]},{"Row":3,"Column":27,"Box":[262.5979,720.5811,43.7663,8.2062]},{"Row":3,"Column":34,"Box":[264.161,594.3622,52.754,8.2062]},{"Row":3,"Column":37,"Box":[262.5979,660.0117,42.594,10.16]},{"Row":3,"Column":47,"Box":[254.7825,239.9332,137.5513,10.16]},{"Row":3,"Column":49,"Box":[264.161,241.4963,148.8836,8.2062]},{"Row":3,"Column":51,"Box":[271.9764,239.9332,160.6067,28.917]},{"Row":3,"Column":87,"Box":[263.7702,125.0466,44.9386,37.1232]},{"Row":3,"Column":88,"Box":[254.7825,124.2651,44.5479,10.16]},{"Row":3,"Column":92,"Box":[264.161,534.9651,64.0864,8.9877]},{"Row":4,"Column":0,"Box":[8.9776,265.7356,206.4837,20.6484]},{"Row":4,"Column":7,"Box":[303.2564,167.6202,69.8911,12.4382]},{"Row":4,"Column":8,"Box":[305.0333,405.1316,46.7915,9.4768]},{"Row":4,"Column":11,"Box":[313.9177,168.8048,66.9296,31.9841]},{"Row":4,"Column":12,"Box":[312.7331,404.5393,46.1992,10.6614]},{"Row":4,"Column":13,"Box":[322.2099,403.947,46.1992,18.9535]},{"Row":4,"Column":16,"Box":[304.441,17.1766,104.8367,42.6454]},{"Row":4,"Column":27,"Box":[313.3254,716.0878,47.9761,9.4768]},{"Row":4,"Column":34,"Box":[312.7331,590.5207,53.8991,11.846]},{"Row":4,"Column":37,"Box":[313.9177,646.789,57.4529,8.2922]},{"Row":4,"Column":47,"Box":[303.2564,238.1036,155.182,13.6228]},{"Row":4,"Column":49,"Box":[313.9177,235.7344,163.4741,10.0691]},{"Row":4,"Column":51,"Box":[321.6176,239.8805,158.1435,29.0226]},{"Row":4,"Column":87,"Box":[312.7331,123.7902,44.4223,34.3533]},{"Row":4,"Column":88,"Box":[303.2564,123.7902,45.6069,13.0305]},{"Row":4,"Column":92,"Box":[312.1408,536.0293,53.8991,11.2537]},{"Row":5,"Column":0,"Box":[8.2922,267.1262,211.4502,18.9535]},{"Row":5,"Column":7,"Box":[354.194,166.4356,69.2988,11.2537]},{"Row":5,"Column":8,"Box":[354.194,402.7624,49.753,13.0305]},{"Row":5,"Column":11,"Box":[364.263,167.6202,66.3373,31.3918]},{"Row":5,"Column":12,"Box":[363.6707,404.5393,44.4223,9.4768]},{"Row":5,"Column":13,"Box":[373.1475,403.3547,43.83,13.0305]},{"Row":5,"Column":16,"Box":[354.7863,15.992,105.429,46.7915]},{"Row":5,"Column":27,"Box":[363.6707,704.2418,59.2298,10.6614]},{"Row":5,"Column":34,"Box":[366.0399,590.5207,50.9376,8.8845]},{"Row":5,"Column":37,"Box":[365.4476,645.6044,56.2683,8.2922]},{"Row":5,"Column":47,"Box":[354.194,238.6959,156.9589,12.4382]},{"Row":5,"Column":49,"Box":[364.263,238.1036,160.5126,10.6614]},{"Row":5,"Column":51,"Box":[370.7783,240.4728,156.3666,30.7995]},{"Row":5,"Column":87,"Box":[362.4861,121.421,46.1992,38.4993]},{"Row":5,"Column":88,"Box":[354.194,122.6056,43.83,11.846]},{"Row":5,"Column":92,"Box":[364.8553,534.2524,55.0837,8.2922]},{"Row":6,"Column":0,"Box":[8.8845,267.1262,205.5273,16.5843]},{"Row":6,"Column":7,"Box":[406.9084,167.6202,65.745,10.6614]},{"Row":6,"Column":8,"Box":[403.947,400.3932,50.9376,12.4382]},{"Row":6,"Column":11,"Box":[414.016,166.4356,68.7065,35.5379]},{"Row":6,"Column":12,"Box":[415.2006,399.2086,51.5299,10.6614]},{"Row":6,"Column":13,"Box":[421.1236,401.5778,47.3838,15.992]},{"Row":6,"Column":16,"Box":[408.093,15.3997,99.506,43.2377]},{"Row":6,"Column":27,"Box":[416.9775,710.1648,53.3068,8.2922]},{"Row":6,"Column":34,"Box":[414.6083,589.9284,49.753,10.0691]},{"Row":6,"Column":37,"Box":[415.2006,646.789,52.7145,9.4768]},{"Row":6,"Column":47,"Box":[406.3161,239.8805,155.182,12.4382]},{"Row":6,"Column":49,"Box":[414.6083,240.4728,151.6282,11.2537]},{"Row":6,"Column":51,"Box":[421.7159,243.4343,155.182,30.2072]},{"Row":6,"Column":87,"Box":[414.6083,119.6441,48.5684,36.1302]},{"Row":6,"Column":88,"Box":[407.5007,120.2364,46.1992,11.846]},{"Row":6,"Column":92,"Box":[416.3852,533.0678,55.676,8.8845]},{"Row":7,"Column":0,"Box":[9.4768,262.3878,210.8579,18.3612]},{"Row":7,"Column":7,"Box":[457.2537,165.8433,67.5219,10.6614]},{"Row":7,"Column":8,"Box":[457.2537,402.1701,49.753,11.846]},{"Row":7,"Column":11,"Box":[466.7305,167.6202,69.2988,34.3533]},{"Row":7,"Column":12,"Box":[467.3228,399.8009,49.753,8.8845]},{"Row":7,"Column":13,"Box":[475.0227,405.1316,42.0531,11.846]},{"Row":7,"Column":16,"Box":[457.846,17.1766,101.2829,42.0531]},{"Row":7,"Column":27,"Box":[467.3228,708.9802,55.676,8.2922]},{"Row":7,"Column":34,"Box":[467.9151,589.3361,53.3068,8.2922]},{"Row":7,"Column":37,"Box":[467.3228,642.6429,56.2683,8.2922]},{"Row":7,"Column":47,"Box":[456.6614,241.0651,153.9974,11.846]},{"Row":7,"Column":49,"Box":[464.3613,243.4343,147.4821,11.2537]},{"Row":7,"Column":51,"Box":[473.2458,241.6574,153.9974,29.0226]},{"Row":7,"Column":87,"Box":[463.769,117.8672,49.1607,41.4608]},{"Row":7,"Column":88,"Box":[457.846,120.2364,46.1992,9.4768]},{"Row":7,"Column":92,"Box":[466.1382,533.6601,52.7145,8.8845]}]}]}],"AnchorBasedConfiguration":{"AnchorBasedFieldConfiguration":[]}}