{"DocumentTypeId":"LossRun.Reports.DataExtraction","FormId":"4d7709fd","FormName":"Amtrust Generic with allignment(4)","OriginalFileExtension":"pdf","Pages":[{"Page":0,"Size":[0.0,0.0,792.0,612.0],"SkewAngle":0.0,"Evidence":[{"Text":"Claim","Box":[114.585,24.288,18.216,5.0164]},{"Text":"No","Box":[114.585,44.352,8.448,5.0164]},{"Text":"Claimant","Box":[114.585,84.48,27.72,5.0164]},{"Text":"DOL","Box":[114.585,198.0,15.048,5.0164]},{"Text":"Status","Box":[114.585,306.504,17.952,4.7524]},{"Text":"Insured","Box":[114.585,366.696,22.44,4.7524]},{"Text":"Driver","Box":[114.585,391.776,19.536,4.7524]},{"Text":"Policy","Box":[126.7299,24.288,18.216,5.8085]},{"Text":"Number","Box":[126.7299,44.352,25.08,5.0164]},{"Text":"Loss","Box":[126.7299,198.264,13.464,5.0164]},{"Text":"St","Box":[126.7299,213.84,6.072,5.0164]},{"Text":"Claim","Box":[126.7299,246.312,17.952,5.0164]},{"Text":"Type","Box":[126.7299,266.64,14.784,5.8085]},{"Text":"LOB","Box":[126.7299,306.768,13.992,4.7524]},{"Text":"Unit/Location","Box":[126.7299,366.696,41.184,4.7524]},{"Text":"Cancel","Box":[138.6109,84.48,20.328,5.0164]},{"Text":"Date","Box":[138.6109,106.656,13.992,4.7524]},{"Text":"Date","Box":[138.6109,198.0,13.992,5.0164]},{"Text":"Rcvd","Box":[138.6109,214.368,15.048,5.0164]},{"Text":"Lag","Box":[138.6109,246.312,11.616,5.8085]},{"Text":"Adjuster","Box":[138.6109,306.768,25.872,5.8085]},{"Text":"Loss","Box":[138.6109,366.696,12.672,4.7524]},{"Text":"Description","Box":[138.6109,382.272,34.056,5.8084]},{"Text":"Converted","Box":[150.7558,24.288,31.416,5.0164]},{"Text":"#","Box":[150.7558,57.552,3.432,5.0164]},{"Text":"Insured","Box":[150.7558,84.216,23.232,5.0164]},{"Text":"Closed","Box":[150.7558,198.264,20.064,5.0164]},{"Text":"Date","Box":[150.7558,220.176,13.992,5.0164]},{"Text":"Garaging","Box":[150.7558,246.312,28.248,6.3365]},{"Text":"Loc","Box":[150.7558,276.672,11.088,5.0164]},{"Text":"Reserves","Box":[198.5436,585.288,26.664,5.0164]},{"Text":"Payments","Box":[210.6885,582.912,29.04,5.8085]},{"Text":"Recoveries","Box":[223.6255,579.48,32.472,5.0164]},{"Text":"Incurred","Box":[240.7869,585.288,26.664,5.0164]}],"Fields":[],"Tables":[{"FieldId":"LossRun.Reports.DataExtraction.ClaimDetails","Headers":[{"FieldId":"LossRun.Reports.DataExtraction.ClaimDetails.Carrier","Box":[0.0,0.0,0.0,0.0]},{"FieldId":"LossRun.Reports.DataExtraction.ClaimDetails.PolicyNumber","Box":[0.0,0.0,0.0,0.0]},{"FieldId":"LossRun.Reports.DataExtraction.ClaimDetails.PolicyYear","Box":[0.0,0.0,0.0,0.0]},{"FieldId":"LossRun.Reports.DataExtraction.ClaimDetails.PolicyEffectiveDate","Box":[0.0,0.0,0.0,0.0]},{"FieldId":"LossRun.Reports.DataExtraction.ClaimDetails.PolicyExpirationDate","Box":[0.0,0.0,0.0,0.0]},{"FieldId":"LossRun.Reports.DataExtraction.ClaimDetails.CoverageType","Box":[0.0,0.0,0.0,0.0]},{"FieldId":"LossRun.Reports.DataExtraction.ClaimDetails.Customer","Box":[0.0,0.0,0.0,0.0]},{"FieldId":"LossRun.Reports.DataExtraction.ClaimDetails.ClaimNumber","Box":[0.0,0.0,0.0,0.0]},{"FieldId":"LossRun.Reports.DataExtraction.ClaimDetails.DateofLoss","Box":[0.0,0.0,0.0,0.0]},{"FieldId":"LossRun.Reports.DataExtraction.ClaimDetails.DateReportedtoEmployer","Box":[0.0,0.0,0.0,0.0]},{"FieldId":"LossRun.Reports.DataExtraction.ClaimDetails.DateReportedtoCarrier","Box":[0.0,0.0,0.0,0.0]},{"FieldId":"LossRun.Reports.DataExtraction.ClaimDetails.Status","Box":[0.0,0.0,0.0,0.0]},{"FieldId":"LossRun.Reports.DataExtraction.ClaimDetails.OpenedDate","Box":[0.0,0.0,0.0,0.0]},{"FieldId":"LossRun.Reports.DataExtraction.ClaimDetails.CloseDate","Box":[0.0,0.0,0.0,0.0]},{"FieldId":"LossRun.Reports.DataExtraction.ClaimDetails.ReopenedDate","Box":[0.0,0.0,0.0,0.0]},{"FieldId":"LossRun.Reports.DataExtraction.ClaimDetails.ClaimType","Box":[0.0,0.0,0.0,0.0]},{"FieldId":"LossRun.Reports.DataExtraction.ClaimDetails.ClaimantFirstName","Box":[0.0,0.0,0.0,0.0]},{"FieldId":"LossRun.Reports.DataExtraction.ClaimDetails.ClaimantLastname","Box":[0.0,0.0,0.0,0.0]},{"FieldId":"LossRun.Reports.DataExtraction.ClaimDetails.EntityName(IfnotaPerson)","Box":[0.0,0.0,0.0,0.0]},{"FieldId":"LossRun.Reports.DataExtraction.ClaimDetails.AccidentDescription","Box":[0.0,0.0,0.0,0.0]},{"FieldId":"LossRun.Reports.DataExtraction.ClaimDetails.AccidentLocation(Description)","Box":[0.0,0.0,0.0,0.0]},{"FieldId":"LossRun.Reports.DataExtraction.ClaimDetails.AccidentLocation(Number)","Box":[0.0,0.0,0.0,0.0]},{"FieldId":"LossRun.Reports.DataExtraction.ClaimDetails.AccidentLocation(NumberCode)","Box":[0.0,0.0,0.0,0.0]},{"FieldId":"LossRun.Reports.DataExtraction.ClaimDetails.AccidentSite","Box":[0.0,0.0,0.0,0.0]},{"FieldId":"LossRun.Reports.DataExtraction.ClaimDetails.AccidentSiteCity","Box":[0.0,0.0,0.0,0.0]},{"FieldId":"LossRun.Reports.DataExtraction.ClaimDetails.AccidentState","Box":[0.0,0.0,0.0,0.0]},{"FieldId":"LossRun.Reports.DataExtraction.ClaimDetails.ValueDate","Box":[0.0,0.0,0.0,0.0]},{"FieldId":"LossRun.Reports.DataExtraction.ClaimDetails.PaidTotal","Box":[0.0,0.0,0.0,0.0]},{"FieldId":"LossRun.Reports.DataExtraction.ClaimDetails.OutstandingTotal","Box":[0.0,0.0,0.0,0.0]},{"FieldId":"LossRun.Reports.DataExtraction.ClaimDetails.IncurredTotal","Box":[0.0,0.0,0.0,0.0]},{"FieldId":"LossRun.Reports.DataExtraction.ClaimDetails.Recoveries","Box":[0.0,0.0,0.0,0.0]},{"FieldId":"LossRun.Reports.DataExtraction.ClaimDetails.PaidIndPDColl","Box":[0.0,0.0,0.0,0.0]},{"FieldId":"LossRun.Reports.DataExtraction.ClaimDetails.OutstandingINdPDColl","Box":[0.0,0.0,0.0,0.0]},{"FieldId":"LossRun.Reports.DataExtraction.ClaimDetails.RecoveredindPDColl","Box":[0.0,0.0,0.0,0.0]},{"FieldId":"LossRun.Reports.DataExtraction.ClaimDetails.PaidMedBIComp","Box":[0.0,0.0,0.0,0.0]},{"FieldId":"LossRun.Reports.DataExtraction.ClaimDetails.OutstandingMedBIComp","Box":[0.0,0.0,0.0,0.0]},{"FieldId":"LossRun.Reports.DataExtraction.ClaimDetails.RecoveredMedBIComp","Box":[0.0,0.0,0.0,0.0]},{"FieldId":"LossRun.Reports.DataExtraction.ClaimDetails.PaidExpense","Box":[0.0,0.0,0.0,0.0]},{"FieldId":"LossRun.Reports.DataExtraction.ClaimDetails.OutstandingExpense","Box":[0.0,0.0,0.0,0.0]},{"FieldId":"LossRun.Reports.DataExtraction.ClaimDetails.RecoveredExpense","Box":[0.0,0.0,0.0,0.0]},{"FieldId":"LossRun.Reports.DataExtraction.ClaimDetails.PaidSalvage","Box":[0.0,0.0,0.0,0.0]},{"FieldId":"LossRun.Reports.DataExtraction.ClaimDetails.OutstandingSalvage","Box":[0.0,0.0,0.0,0.0]},{"FieldId":"LossRun.Reports.DataExtraction.ClaimDetails.RecoveredSalvage","Box":[0.0,0.0,0.0,0.0]},{"FieldId":"LossRun.Reports.DataExtraction.ClaimDetails.PaidSubro","Box":[0.0,0.0,0.0,0.0]},{"FieldId":"LossRun.Reports.DataExtraction.ClaimDetails.OutstandingSubro","Box":[0.0,0.0,0.0,0.0]},{"FieldId":"LossRun.Reports.DataExtraction.ClaimDetails.RecoveredSubro","Box":[0.0,0.0,0.0,0.0]},{"FieldId":"LossRun.Reports.DataExtraction.ClaimDetails.LossType","Box":[0.0,0.0,0.0,0.0]},{"FieldId":"LossRun.Reports.DataExtraction.ClaimDetails.CauseOFInjury","Box":[0.0,0.0,0.0,0.0]},{"FieldId":"LossRun.Reports.DataExtraction.ClaimDetails.DetailedCauseofInjury","Box":[0.0,0.0,0.0,0.0]},{"FieldId":"LossRun.Reports.DataExtraction.ClaimDetails.NatureOfInjury","Box":[0.0,0.0,0.0,0.0]},{"FieldId":"LossRun.Reports.DataExtraction.ClaimDetails.DetailedNatureOfInjury","Box":[0.0,0.0,0.0,0.0]},{"FieldId":"LossRun.Reports.DataExtraction.ClaimDetails.BodyPartInjured","Box":[0.0,0.0,0.0,0.0]},{"FieldId":"LossRun.Reports.DataExtraction.ClaimDetails.DetailedBodyPartInjured","Box":[0.0,0.0,0.0,0.0]},{"FieldId":"LossRun.Reports.DataExtraction.ClaimDetails.ContributingFactor","Box":[0.0,0.0,0.0,0.0]},{"FieldId":"LossRun.Reports.DataExtraction.ClaimDetails.LitigationIndication","Box":[0.0,0.0,0.0,0.0]},{"FieldId":"LossRun.Reports.DataExtraction.ClaimDetails.Subrogation","Box":[0.0,0.0,0.0,0.0]},{"FieldId":"LossRun.Reports.DataExtraction.ClaimDetails.Occupation","Box":[0.0,0.0,0.0,0.0]},{"FieldId":"LossRun.Reports.DataExtraction.ClaimDetails.WorkLocation","Box":[0.0,0.0,0.0,0.0]},{"FieldId":"LossRun.Reports.DataExtraction.ClaimDetails.NCCICode","Box":[0.0,0.0,0.0,0.0]},{"FieldId":"LossRun.Reports.DataExtraction.ClaimDetails.DateOfBirth","Box":[0.0,0.0,0.0,0.0]},{"FieldId":"LossRun.Reports.DataExtraction.ClaimDetails.RTW","Box":[0.0,0.0,0.0,0.0]},{"FieldId":"LossRun.Reports.DataExtraction.ClaimDetails.RTWDATE","Box":[0.0,0.0,0.0,0.0]},{"FieldId":"LossRun.Reports.DataExtraction.ClaimDetails.Death","Box":[0.0,0.0,0.0,0.0]},{"FieldId":"LossRun.Reports.DataExtraction.ClaimDetails.Section32","Box":[0.0,0.0,0.0,0.0]},{"FieldId":"LossRun.Reports.DataExtraction.ClaimDetails.SLU","Box":[0.0,0.0,0.0,0.0]},{"FieldId":"LossRun.Reports.DataExtraction.ClaimDetails.GroupNumber","Box":[0.0,0.0,0.0,0.0]},{"FieldId":"LossRun.Reports.DataExtraction.ClaimDetails.EntityNumber","Box":[0.0,0.0,0.0,0.0]},{"FieldId":"LossRun.Reports.DataExtraction.ClaimDetails.BargainUnit","Box":[0.0,0.0,0.0,0.0]},{"FieldId":"LossRun.Reports.DataExtraction.ClaimDetails.EmployerReimburse","Box":[0.0,0.0,0.0,0.0]},{"FieldId":"LossRun.Reports.DataExtraction.ClaimDetails.Medicare","Box":[0.0,0.0,0.0,0.0]},{"FieldId":"LossRun.Reports.DataExtraction.ClaimDetails.DriverName","Box":[0.0,0.0,0.0,0.0]},{"FieldId":"LossRun.Reports.DataExtraction.ClaimDetails.VehicleUnitdescription","Box":[0.0,0.0,0.0,0.0]},{"FieldId":"LossRun.Reports.DataExtraction.ClaimDetails.Vehicleyear","Box":[0.0,0.0,0.0,0.0]},{"FieldId":"LossRun.Reports.DataExtraction.ClaimDetails.VehicleManufacturer","Box":[0.0,0.0,0.0,0.0]},{"FieldId":"LossRun.Reports.DataExtraction.ClaimDetails.VehicleModel","Box":[0.0,0.0,0.0,0.0]},{"FieldId":"LossRun.Reports.DataExtraction.ClaimDetails.VehicleID","Box":[0.0,0.0,0.0,0.0]},{"FieldId":"LossRun.Reports.DataExtraction.ClaimDetails.VehicleLicensePlate","Box":[0.0,0.0,0.0,0.0]},{"FieldId":"LossRun.Reports.DataExtraction.ClaimDetails.VehicleLicenseState","Box":[0.0,0.0,0.0,0.0]},{"FieldId":"LossRun.Reports.DataExtraction.ClaimDetails.TotaledIndicator","Box":[0.0,0.0,0.0,0.0]},{"FieldId":"LossRun.Reports.DataExtraction.ClaimDetails.AdjusterName","Box":[0.0,0.0,0.0,0.0]},{"FieldId":"LossRun.Reports.DataExtraction.ClaimDetails.AdjusterPhone","Box":[0.0,0.0,0.0,0.0]},{"FieldId":"LossRun.Reports.DataExtraction.ClaimDetails.AdjusterEmail","Box":[0.0,0.0,0.0,0.0]},{"FieldId":"LossRun.Reports.DataExtraction.ClaimDetails.ConcurrentEmp","Box":[0.0,0.0,0.0,0.0]},{"FieldId":"LossRun.Reports.DataExtraction.ClaimDetails.DegreeofDisability","Box":[0.0,0.0,0.0,0.0]},{"FieldId":"LossRun.Reports.DataExtraction.ClaimDetails.AvgWklyWage","Box":[0.0,0.0,0.0,0.0]},{"FieldId":"LossRun.Reports.DataExtraction.ClaimDetails.AttorneyFirm","Box":[0.0,0.0,0.0,0.0]},{"FieldId":"LossRun.Reports.DataExtraction.ClaimDetails.ClaimantSSN","Box":[0.0,0.0,0.0,0.0]},{"FieldId":"LossRun.Reports.DataExtraction.ClaimDetails.LAG","Box":[0.0,0.0,0.0,0.0]},{"FieldId":"LossRun.Reports.DataExtraction.ClaimDetails.GaragingLoc","Box":[0.0,0.0,0.0,0.0]},{"FieldId":"LossRun.Reports.DataExtraction.ClaimDetails.LOB","Box":[0.0,0.0,0.0,0.0]},{"FieldId":"LossRun.Reports.DataExtraction.ClaimDetails.ReservesLoss","Box":[0.0,0.0,0.0,0.0]},{"FieldId":"LossRun.Reports.DataExtraction.ClaimDetails.ReservesALAE","Box":[0.0,0.0,0.0,0.0]},{"FieldId":"LossRun.Reports.DataExtraction.ClaimDetails.PaymentsLoss","Box":[0.0,0.0,0.0,0.0]},{"FieldId":"LossRun.Reports.DataExtraction.ClaimDetails.PaymentsALAE","Box":[0.0,0.0,0.0,0.0]},{"FieldId":"LossRun.Reports.DataExtraction.ClaimDetails.RecoveriesLoss","Box":[0.0,0.0,0.0,0.0]},{"FieldId":"LossRun.Reports.DataExtraction.ClaimDetails.RecoveriesALAE","Box":[0.0,0.0,0.0,0.0]},{"FieldId":"LossRun.Reports.DataExtraction.ClaimDetails.IncurredLoss","Box":[0.0,0.0,0.0,0.0]},{"FieldId":"LossRun.Reports.DataExtraction.ClaimDetails.IncurredALAE","Box":[0.0,0.0,0.0,0.0]},{"FieldId":"LossRun.Reports.DataExtraction.ClaimDetails.UnitLocation","Box":[0.0,0.0,0.0,0.0]},{"FieldId":"LossRun.Reports.DataExtraction.ClaimDetails.DateCanc","Box":[0.0,0.0,0.0,0.0]},{"FieldId":"LossRun.Reports.DataExtraction.ClaimDetails.PaidLoss","Box":[0.0,0.0,0.0,0.0]},{"FieldId":"LossRun.Reports.DataExtraction.ClaimDetails.PaidALAE","Box":[0.0,0.0,0.0,0.0]},{"FieldId":"LossRun.Reports.DataExtraction.ClaimDetails.PaidULAE","Box":[0.0,0.0,0.0,0.0]},{"FieldId":"LossRun.Reports.DataExtraction.ClaimDetails.ReservedLoss","Box":[0.0,0.0,0.0,0.0]},{"FieldId":"LossRun.Reports.DataExtraction.ClaimDetails.ReservedALAE","Box":[0.0,0.0,0.0,0.0]},{"FieldId":"LossRun.Reports.DataExtraction.ClaimDetails.ReservedULAE","Box":[0.0,0.0,0.0,0.0]},{"FieldId":"LossRun.Reports.DataExtraction.ClaimDetails.RecoveredLoss","Box":[0.0,0.0,0.0,0.0]},{"FieldId":"LossRun.Reports.DataExtraction.ClaimDetails.RecoveredALAE","Box":[0.0,0.0,0.0,0.0]},{"FieldId":"LossRun.Reports.DataExtraction.ClaimDetails.RecoveredULAE","Box":[0.0,0.0,0.0,0.0]},{"FieldId":"LossRun.Reports.DataExtraction.ClaimDetails.IncurredULAE","Box":[0.0,0.0,0.0,0.0]},{"FieldId":"LossRun.Reports.DataExtraction.ClaimDetails.Adj","Box":[0.0,0.0,0.0,0.0]},{"FieldId":"LossRun.Reports.DataExtraction.ClaimDetails.AgencyID","Box":[0.0,0.0,0.0,0.0]},{"FieldId":"LossRun.Reports.DataExtraction.ClaimDetails.AgencyName","Box":[0.0,0.0,0.0,0.0]}],"Cells":[{"Row":0,"Column":1,"Box":[207.2813,22.1719,51.5625,8.7656]},{"Row":0,"Column":3,"Box":[205.2188,83.5313,51.5625,12.8906]},{"Row":0,"Column":4,"Box":[205.2188,139.7344,47.9531,15.9844]},{"Row":0,"Column":6,"Box":[232.0313,83.0156,105.7031,37.6406]},{"Row":0,"Column":7,"Box":[194.3906,22.6875,51.5625,9.2813]},{"Row":0,"Column":8,"Box":[193.3594,194.9063,39.1875,12.375]},{"Row":0,"Column":10,"Box":[216.5625,194.3906,39.1875,14.9531]},{"Row":0,"Column":11,"Box":[195.4219,302.1563,41.7656,9.7969]},{"Row":0,"Column":13,"Box":[231.0,196.4531,36.6094,10.3125]},{"Row":0,"Column":15,"Box":[206.1525,236.7692,65.3156,10.8859]},{"Row":0,"Column":16,"Box":[192.8438,81.4688,109.8281,12.375]},{"Row":0,"Column":19,"Box":[219.7424,363.0784,200.7889,47.9761]},{"Row":0,"Column":25,"Box":[205.7344,194.9063,38.1563,12.375]},{"Row":0,"Column":70,"Box":[192.3281,362.4844,170.1563,15.9844]},{"Row":0,"Column":79,"Box":[219.6563,301.6406,58.2656,40.7344]},{"Row":0,"Column":87,"Box":[219.0795,242.8925,21.0915,11.5663]},{"Row":0,"Column":89,"Box":[206.25,302.6719,39.7031,11.8594]},{"Row":0,"Column":90,"Box":[192.4967,639.0891,55.676,13.6228]},{"Row":0,"Column":91,"Box":[192.4967,694.7651,39.0916,13.6228]},{"Row":0,"Column":92,"Box":[205.5273,644.4198,45.0146,11.846]},{"Row":0,"Column":93,"Box":[204.3427,697.1343,33.761,14.2151]},{"Row":0,"Column":94,"Box":[215.004,624.874,64.5604,15.3997]},{"Row":0,"Column":95,"Box":[218.5578,694.1728,36.1302,11.2537]},{"Row":0,"Column":96,"Box":[235.7344,637.9045,50.3453,14.2151]},{"Row":0,"Column":97,"Box":[234.5498,693.5805,36.7225,17.7689]},{"Row":0,"Column":98,"Box":[205.5273,362.4861,199.6043,13.6228]},{"Row":1,"Column":1,"Box":[291.8438,23.2031,52.5938,8.25]},{"Row":1,"Column":3,"Box":[290.2969,81.9844,50.0156,13.9219]},{"Row":1,"Column":4,"Box":[292.3594,142.3125,49.5,13.4063]},{"Row":1,"Column":6,"Box":[316.0781,81.4688,111.8906,38.1563]},{"Row":1,"Column":7,"Box":[278.9531,21.6563,53.1094,10.3125]},{"Row":1,"Column":8,"Box":[277.4063,195.9375,38.6719,12.375]},{"Row":1,"Column":10,"Box":[303.1875,193.875,43.3125,11.8594]},{"Row":1,"Column":11,"Box":[279.4688,301.125,52.0781,11.3438]},{"Row":1,"Column":13,"Box":[315.5625,193.3594,41.25,11.8594]},{"Row":1,"Column":15,"Box":[288.4774,238.1299,65.3156,16.3289]},{"Row":1,"Column":16,"Box":[276.375,79.4063,112.4063,14.4375]},{"Row":1,"Column":19,"Box":[303.8487,361.8938,201.9735,50.3453]},{"Row":1,"Column":25,"Box":[290.2969,195.4219,36.6094,12.8906]},{"Row":1,"Column":70,"Box":[278.4375,361.4531,184.0781,14.9531]},{"Row":1,"Column":79,"Box":[304.7344,302.6719,52.5938,30.4219]},{"Row":1,"Column":87,"Box":[304.126,243.5729,21.7719,13.6074]},{"Row":1,"Column":89,"Box":[290.2969,301.6406,47.4375,13.9219]},{"Row":1,"Column":90,"Box":[276.0107,644.4198,43.2377,14.8074]},{"Row":1,"Column":91,"Box":[278.3799,691.2113,39.0916,13.0305]},{"Row":1,"Column":92,"Box":[289.6335,638.4968,51.5299,13.6228]},{"Row":1,"Column":93,"Box":[289.6335,691.2113,37.907,15.3997]},{"Row":1,"Column":94,"Box":[300.8872,634.943,53.3068,13.6228]},{"Row":1,"Column":95,"Box":[301.4795,693.5805,34.9456,13.6228]},{"Row":1,"Column":96,"Box":[322.8022,641.4583,47.9761,11.846]},{"Row":1,"Column":97,"Box":[320.433,695.3574,39.6839,16.5843]},{"Row":1,"Column":98,"Box":[289.6335,361.8938,179.4662,13.6228]},{"Row":2,"Column":1,"Box":[376.9219,21.1406,53.1094,7.7344]},{"Row":2,"Column":3,"Box":[374.3438,83.0156,46.9219,13.9219]},{"Row":2,"Column":4,"Box":[375.375,144.8906,48.9844,13.4063]},{"Row":2,"Column":6,"Box":[401.1563,81.9844,111.8906,38.1563]},{"Row":2,"Column":7,"Box":[363.5156,22.1719,51.5625,9.7969]},{"Row":2,"Column":8,"Box":[363.0,194.9063,36.6094,11.8594]},{"Row":2,"Column":10,"Box":[387.75,194.3906,40.2188,11.8594]},{"Row":2,"Column":11,"Box":[364.5469,303.1875,49.5,11.8594]},{"Row":2,"Column":13,"Box":[400.125,193.875,39.7031,10.8281]},{"Row":2,"Column":15,"Box":[374.2042,234.7281,68.0371,14.9682]},{"Row":2,"Column":16,"Box":[364.0313,81.9844,112.4063,10.8281]},{"Row":2,"Column":19,"Box":[389.7318,360.7092,201.3812,49.1607]},{"Row":2,"Column":25,"Box":[374.8594,194.3906,39.1875,12.375]},{"Row":2,"Column":70,"Box":[365.5781,365.5781,180.9844,12.8906]},{"Row":2,"Column":79,"Box":[389.8125,302.6719,56.7188,40.7344]},{"Row":2,"Column":87,"Box":[387.8116,241.5318,55.1101,13.6074]},{"Row":2,"Column":89,"Box":[376.4063,303.7031,46.9219,11.3438]},{"Row":2,"Column":90,"Box":[361.3015,629.6123,60.4144,14.2151]},{"Row":2,"Column":91,"Box":[361.3015,692.3959,36.7225,14.2151]},{"Row":2,"Column":92,"Box":[374.3321,637.3122,49.753,13.0305]},{"Row":2,"Column":93,"Box":[373.1475,692.9882,37.907,14.8074]},{"Row":2,"Column":94,"Box":[387.9549,635.5353,52.7145,12.4382]},{"Row":2,"Column":95,"Box":[384.9934,692.9882,36.1302,14.8074]},{"Row":2,"Column":96,"Box":[406.3161,645.0121,43.2377,14.2151]},{"Row":2,"Column":97,"Box":[405.7238,688.2498,40.8685,18.3612]},{"Row":2,"Column":98,"Box":[372.5552,358.34,190.7198,17.1766]},{"Row":3,"Column":1,"Box":[463.0313,22.1719,52.0781,7.2188]},{"Row":3,"Column":3,"Box":[459.4219,83.5313,41.7656,15.4688]},{"Row":3,"Column":4,"Box":[460.4531,148.5,42.7969,18.5625]},{"Row":3,"Column":6,"Box":[487.7813,82.5,109.8281,37.6406]},{"Row":3,"Column":7,"Box":[450.1406,21.6563,52.0781,8.7656]},{"Row":3,"Column":8,"Box":[448.5938,194.9063,37.6406,11.8594]},{"Row":3,"Column":10,"Box":[473.8594,194.9063,40.2188,12.375]},{"Row":3,"Column":11,"Box":[448.5938,301.6406,47.9531,11.3438]},{"Row":3,"Column":13,"Box":[485.7188,195.4219,38.1563,11.3438]},{"Row":3,"Column":15,"Box":[461.2917,234.7281,68.7175,10.8859]},{"Row":3,"Column":16,"Box":[447.5625,79.9219,110.3438,12.375]},{"Row":3,"Column":19,"Box":[473.2458,360.7092,209.081,50.9376]},{"Row":3,"Column":25,"Box":[459.9375,195.9375,36.0938,13.4063]},{"Row":3,"Column":70,"Box":[448.0781,370.2188,160.3594,14.4375]},{"Row":3,"Column":79,"Box":[474.375,300.6094,55.1719,40.2188]},{"Row":3,"Column":87,"Box":[472.858,240.1711,57.1512,15.6485]},{"Row":3,"Column":89,"Box":[459.9375,301.125,50.0156,13.4063]},{"Row":3,"Column":90,"Box":[447.777,634.943,52.1222,13.6228]},{"Row":3,"Column":91,"Box":[447.777,694.1728,35.5379,14.2151]},{"Row":3,"Column":92,"Box":[461.3998,634.3507,53.8991,12.4382]},{"Row":3,"Column":93,"Box":[459.6229,694.7651,33.761,13.0305]},{"Row":3,"Column":94,"Box":[470.8766,637.3122,48.5684,14.8074]},{"Row":3,"Column":95,"Box":[471.4689,695.3574,36.1302,13.0305]},{"Row":3,"Column":96,"Box":[489.2378,641.4583,46.7915,16.5843]},{"Row":3,"Column":97,"Box":[491.607,693.5805,40.8685,17.1766]},{"Row":3,"Column":98,"Box":[459.6229,359.5246,209.081,15.3997]}]}]}],"AnchorBasedConfiguration":{"AnchorBasedFieldConfiguration":[]}}