{"DataContractVersion":"1.1","DocumentTypes":[{"DocumentTypeId":"LossRun.Reports.DataExtraction","Group":"LossRun","Category":"Reports","Name":"DataExtraction","OptionalUniqueIdentifier":null,"TypeField":{"FieldId":"LossRun.Reports.DataExtraction.DocumentType","FieldName":"Document Type"},"Fields":[{"FieldId":"LossRun.Reports.DataExtraction.ClaimDetails","FieldName":"Claim Details","IsMultiValue":false,"Type":"Table","DeriveFieldsFormat":"","Components":[{"FieldId":"LossRun.Reports.DataExtraction.ClaimDetails.Carrier","FieldName":"Carrier","IsMultiValue":false,"Type":"Text","DeriveFieldsFormat":"","Components":[],"SetValues":[],"Metadata":[{"Key":"RequiresReference","Value":"true"}]},{"FieldId":"LossRun.Reports.DataExtraction.ClaimDetails.PolicyNumber","FieldName":"Policy Number","IsMultiValue":false,"Type":"Text","DeriveFieldsFormat":"","Components":[],"SetValues":[],"Metadata":[{"Key":"RequiresReference","Value":"true"}]},{"FieldId":"LossRun.Reports.DataExtraction.ClaimDetails.PolicyYear","FieldName":"Policy Year","IsMultiValue":false,"Type":"Date","DeriveFieldsFormat":"","Components":[],"SetValues":[],"Metadata":[{"Key":"RequiresReference","Value":"true"}]},{"FieldId":"LossRun.Reports.DataExtraction.ClaimDetails.PolicyEffectiveDate","FieldName":"Policy Effective Date","IsMultiValue":false,"Type":"Date","DeriveFieldsFormat":"","Components":[],"SetValues":[],"Metadata":[{"Key":"RequiresReference","Value":"true"}]},{"FieldId":"LossRun.Reports.DataExtraction.ClaimDetails.PolicyExpirationDate","FieldName":"Policy Expiration Date","IsMultiValue":false,"Type":"Date","DeriveFieldsFormat":"","Components":[],"SetValues":[],"Metadata":[{"Key":"RequiresReference","Value":"true"}]},{"FieldId":"LossRun.Reports.DataExtraction.ClaimDetails.CoverageType","FieldName":"Coverage Type","IsMultiValue":false,"Type":"Text","DeriveFieldsFormat":"","Components":[],"SetValues":[],"Metadata":[{"Key":"RequiresReference","Value":"true"}]},{"FieldId":"LossRun.Reports.DataExtraction.ClaimDetails.Customer","FieldName":"Customer","IsMultiValue":false,"Type":"Text","DeriveFieldsFormat":"","Components":[],"SetValues":[],"Metadata":[{"Key":"RequiresReference","Value":"true"}]},{"FieldId":"LossRun.Reports.DataExtraction.ClaimDetails.ClaimNumber","FieldName":"Claim Number","IsMultiValue":false,"Type":"Text","DeriveFieldsFormat":"","Components":[],"SetValues":[],"Metadata":[{"Key":"RequiresReference","Value":"true"}]},{"FieldId":"LossRun.Reports.DataExtraction.ClaimDetails.DateofLoss","FieldName":"Date of Loss","IsMultiValue":false,"Type":"Date","DeriveFieldsFormat":"","Components":[],"SetValues":[],"Metadata":[{"Key":"RequiresReference","Value":"true"}]},{"FieldId":"LossRun.Reports.DataExtraction.ClaimDetails.DateReportedtoEmployer","FieldName":"Date Reported to Employer","IsMultiValue":false,"Type":"Date","DeriveFieldsFormat":"","Components":[],"SetValues":[],"Metadata":[{"Key":"RequiresReference","Value":"true"}]},{"FieldId":"LossRun.Reports.DataExtraction.ClaimDetails.DateReportedtoCarrier","FieldName":"Date Reported to Carrier","IsMultiValue":false,"Type":"Date","DeriveFieldsFormat":"","Components":[],"SetValues":[],"Metadata":[{"Key":"RequiresReference","Value":"true"}]},{"FieldId":"LossRun.Reports.DataExtraction.ClaimDetails.Status","FieldName":"Status","IsMultiValue":false,"Type":"Text","DeriveFieldsFormat":"","Components":[],"SetValues":[],"Metadata":[{"Key":"RequiresReference","Value":"true"}]},{"FieldId":"LossRun.Reports.DataExtraction.ClaimDetails.OpenedDate","FieldName":"Opened Date","IsMultiValue":false,"Type":"Date","DeriveFieldsFormat":"","Components":[],"SetValues":[],"Metadata":[{"Key":"RequiresReference","Value":"true"}]},{"FieldId":"LossRun.Reports.DataExtraction.ClaimDetails.CloseDate","FieldName":"Close Date","IsMultiValue":false,"Type":"Date","DeriveFieldsFormat":"","Components":[],"SetValues":[],"Metadata":[{"Key":"RequiresReference","Value":"true"}]},{"FieldId":"LossRun.Reports.DataExtraction.ClaimDetails.ReopenedDate","FieldName":"Reopened Date","IsMultiValue":false,"Type":"Date","DeriveFieldsFormat":"","Components":[],"SetValues":[],"Metadata":[{"Key":"RequiresReference","Value":"true"}]},{"FieldId":"LossRun.Reports.DataExtraction.ClaimDetails.ClaimType","FieldName":"Claim Type","IsMultiValue":false,"Type":"Text","DeriveFieldsFormat":"","Components":[],"SetValues":[],"Metadata":[{"Key":"RequiresReference","Value":"true"}]},{"FieldId":"LossRun.Reports.DataExtraction.ClaimDetails.ClaimantFirstName","FieldName":"Claimant First Name","IsMultiValue":false,"Type":"Text","DeriveFieldsFormat":"","Components":[],"SetValues":[],"Metadata":[{"Key":"RequiresReference","Value":"true"}]},{"FieldId":"LossRun.Reports.DataExtraction.ClaimDetails.ClaimantLastname","FieldName":"Claimant Last name","IsMultiValue":false,"Type":"Text","DeriveFieldsFormat":"","Components":[],"SetValues":[],"Metadata":[{"Key":"RequiresReference","Value":"true"}]},{"FieldId":"LossRun.Reports.DataExtraction.ClaimDetails.EntityName(IfnotaPerson)","FieldName":"Entity Name(If not a Person)","IsMultiValue":false,"Type":"Text","DeriveFieldsFormat":"","Components":[],"SetValues":[],"Metadata":[{"Key":"RequiresReference","Value":"true"}]},{"FieldId":"LossRun.Reports.DataExtraction.ClaimDetails.AccidentDescription","FieldName":"Accident Description","IsMultiValue":false,"Type":"Text","DeriveFieldsFormat":"","Components":[],"SetValues":[],"Metadata":[{"Key":"RequiresReference","Value":"true"}]},{"FieldId":"LossRun.Reports.DataExtraction.ClaimDetails.AccidentLocation(Description)","FieldName":"Accident Location(Description)","IsMultiValue":false,"Type":"Text","DeriveFieldsFormat":"","Components":[],"SetValues":[],"Metadata":[{"Key":"RequiresReference","Value":"true"}]},{"FieldId":"LossRun.Reports.DataExtraction.ClaimDetails.AccidentLocation(Number)","FieldName":"Accident Location(Number)","IsMultiValue":false,"Type":"Text","DeriveFieldsFormat":"","Components":[],"SetValues":[],"Metadata":[{"Key":"RequiresReference","Value":"true"}]},{"FieldId":"LossRun.Reports.DataExtraction.ClaimDetails.AccidentLocation(NumberCode)","FieldName":"Accident Location (Number/Code)","IsMultiValue":false,"Type":"Text","DeriveFieldsFormat":"","Components":[],"SetValues":[],"Metadata":[{"Key":"RequiresReference","Value":"true"}]},{"FieldId":"LossRun.Reports.DataExtraction.ClaimDetails.AccidentSite","FieldName":"Accident Site","IsMultiValue":false,"Type":"Text","DeriveFieldsFormat":"","Components":[],"SetValues":[],"Metadata":[{"Key":"RequiresReference","Value":"true"}]},{"FieldId":"LossRun.Reports.DataExtraction.ClaimDetails.AccidentSiteCity","FieldName":"Accident Site City","IsMultiValue":false,"Type":"Text","DeriveFieldsFormat":"","Components":[],"SetValues":[],"Metadata":[{"Key":"RequiresReference","Value":"true"}]},{"FieldId":"LossRun.Reports.DataExtraction.ClaimDetails.AccidentState","FieldName":"Accident State","IsMultiValue":false,"Type":"Text","DeriveFieldsFormat":"","Components":[],"SetValues":[],"Metadata":[{"Key":"RequiresReference","Value":"true"}]},{"FieldId":"LossRun.Reports.DataExtraction.ClaimDetails.ValueDate","FieldName":"Value Date","IsMultiValue":false,"Type":"Date","DeriveFieldsFormat":"","Components":[],"SetValues":[],"Metadata":[{"Key":"RequiresReference","Value":"true"}]},{"FieldId":"LossRun.Reports.DataExtraction.ClaimDetails.PaidTotal","FieldName":"Paid Total","IsMultiValue":false,"Type":"Text","DeriveFieldsFormat":"","Components":[],"SetValues":[],"Metadata":[{"Key":"RequiresReference","Value":"true"}]},{"FieldId":"LossRun.Reports.DataExtraction.ClaimDetails.OutstandingTotal","FieldName":"Outstanding Total","IsMultiValue":false,"Type":"Text","DeriveFieldsFormat":"","Components":[],"SetValues":[],"Metadata":[{"Key":"RequiresReference","Value":"true"}]},{"FieldId":"LossRun.Reports.DataExtraction.ClaimDetails.IncurredTotal","FieldName":"Incurred Total","IsMultiValue":false,"Type":"Text","DeriveFieldsFormat":"","Components":[],"SetValues":[],"Metadata":[{"Key":"RequiresReference","Value":"true"}]},{"FieldId":"LossRun.Reports.DataExtraction.ClaimDetails.Recoveries","FieldName":"Recoveries","IsMultiValue":false,"Type":"Text","DeriveFieldsFormat":"","Components":[],"SetValues":[],"Metadata":[{"Key":"RequiresReference","Value":"true"}]},{"FieldId":"LossRun.Reports.DataExtraction.ClaimDetails.PaidIndPDColl","FieldName":"Paid Ind/PD/Coll","IsMultiValue":false,"Type":"Text","DeriveFieldsFormat":"","Components":[],"SetValues":[],"Metadata":[{"Key":"RequiresReference","Value":"true"}]},{"FieldId":"LossRun.Reports.DataExtraction.ClaimDetails.OutstandingINdPDColl","FieldName":"Outstanding INd/PD/Coll","IsMultiValue":false,"Type":"Text","DeriveFieldsFormat":"","Components":[],"SetValues":[],"Metadata":[{"Key":"RequiresReference","Value":"true"}]},{"FieldId":"LossRun.Reports.DataExtraction.ClaimDetails.RecoveredindPDColl","FieldName":"Recovered ind/PD/Coll","IsMultiValue":false,"Type":"Text","DeriveFieldsFormat":"","Components":[],"SetValues":[],"Metadata":[{"Key":"RequiresReference","Value":"true"}]},{"FieldId":"LossRun.Reports.DataExtraction.ClaimDetails.PaidMedBIComp","FieldName":"Paid Med/BI/Comp","IsMultiValue":false,"Type":"Text","DeriveFieldsFormat":"","Components":[],"SetValues":[],"Metadata":[{"Key":"RequiresReference","Value":"true"}]},{"FieldId":"LossRun.Reports.DataExtraction.ClaimDetails.OutstandingMedBIComp","FieldName":"Outstanding Med/BI/Comp","IsMultiValue":false,"Type":"Text","DeriveFieldsFormat":"","Components":[],"SetValues":[],"Metadata":[{"Key":"RequiresReference","Value":"true"}]},{"FieldId":"LossRun.Reports.DataExtraction.ClaimDetails.RecoveredMedBIComp","FieldName":"Recovered Med/BI/Comp","IsMultiValue":false,"Type":"Text","DeriveFieldsFormat":"","Components":[],"SetValues":[],"Metadata":[{"Key":"RequiresReference","Value":"true"}]},{"FieldId":"LossRun.Reports.DataExtraction.ClaimDetails.PaidExpense","FieldName":"Paid Expense","IsMultiValue":false,"Type":"Text","DeriveFieldsFormat":"","Components":[],"SetValues":[],"Metadata":[{"Key":"RequiresReference","Value":"true"}]},{"FieldId":"LossRun.Reports.DataExtraction.ClaimDetails.OutstandingExpense","FieldName":"Outstanding Expense","IsMultiValue":false,"Type":"Text","DeriveFieldsFormat":"","Components":[],"SetValues":[],"Metadata":[{"Key":"RequiresReference","Value":"true"}]},{"FieldId":"LossRun.Reports.DataExtraction.ClaimDetails.RecoveredExpense","FieldName":"Recovered Expense","IsMultiValue":false,"Type":"Text","DeriveFieldsFormat":"","Components":[],"SetValues":[],"Metadata":[{"Key":"RequiresReference","Value":"true"}]},{"FieldId":"LossRun.Reports.DataExtraction.ClaimDetails.PaidSalvage","FieldName":"Paid Salvage","IsMultiValue":false,"Type":"Text","DeriveFieldsFormat":"","Components":[],"SetValues":[],"Metadata":[{"Key":"RequiresReference","Value":"true"}]},{"FieldId":"LossRun.Reports.DataExtraction.ClaimDetails.OutstandingSalvage","FieldName":"Outstanding Salvage","IsMultiValue":false,"Type":"Text","DeriveFieldsFormat":"","Components":[],"SetValues":[],"Metadata":[{"Key":"RequiresReference","Value":"true"}]},{"FieldId":"LossRun.Reports.DataExtraction.ClaimDetails.RecoveredSalvage","FieldName":"Recovered Salvage","IsMultiValue":false,"Type":"Text","DeriveFieldsFormat":"","Components":[],"SetValues":[],"Metadata":[{"Key":"RequiresReference","Value":"true"}]},{"FieldId":"LossRun.Reports.DataExtraction.ClaimDetails.PaidSubro","FieldName":"Paid Subro","IsMultiValue":false,"Type":"Text","DeriveFieldsFormat":"","Components":[],"SetValues":[],"Metadata":[{"Key":"RequiresReference","Value":"true"}]},{"FieldId":"LossRun.Reports.DataExtraction.ClaimDetails.OutstandingSubro","FieldName":"Outstanding Subro","IsMultiValue":false,"Type":"Text","DeriveFieldsFormat":"","Components":[],"SetValues":[],"Metadata":[{"Key":"RequiresReference","Value":"true"}]},{"FieldId":"LossRun.Reports.DataExtraction.ClaimDetails.RecoveredSubro","FieldName":"Recovered Subro","IsMultiValue":false,"Type":"Text","DeriveFieldsFormat":"","Components":[],"SetValues":[],"Metadata":[{"Key":"RequiresReference","Value":"true"}]},{"FieldId":"LossRun.Reports.DataExtraction.ClaimDetails.LossType","FieldName":"Loss Type","IsMultiValue":false,"Type":"Text","DeriveFieldsFormat":"","Components":[],"SetValues":[],"Metadata":[{"Key":"RequiresReference","Value":"true"}]},{"FieldId":"LossRun.Reports.DataExtraction.ClaimDetails.CauseOFInjury","FieldName":"Cause OF Injury","IsMultiValue":false,"Type":"Text","DeriveFieldsFormat":"","Components":[],"SetValues":[],"Metadata":[{"Key":"RequiresReference","Value":"true"}]},{"FieldId":"LossRun.Reports.DataExtraction.ClaimDetails.DetailedCauseofInjury","FieldName":"Detailed Cause of Injury","IsMultiValue":false,"Type":"Text","DeriveFieldsFormat":"","Components":[],"SetValues":[],"Metadata":[{"Key":"RequiresReference","Value":"true"}]},{"FieldId":"LossRun.Reports.DataExtraction.ClaimDetails.NatureOfInjury","FieldName":"Nature Of Injury","IsMultiValue":false,"Type":"Text","DeriveFieldsFormat":"","Components":[],"SetValues":[],"Metadata":[{"Key":"RequiresReference","Value":"true"}]},{"FieldId":"LossRun.Reports.DataExtraction.ClaimDetails.DetailedNatureOfInjury","FieldName":"Detailed Nature Of Injury","IsMultiValue":false,"Type":"Text","DeriveFieldsFormat":"","Components":[],"SetValues":[],"Metadata":[{"Key":"RequiresReference","Value":"true"}]},{"FieldId":"LossRun.Reports.DataExtraction.ClaimDetails.BodyPartInjured","FieldName":"Body Part Injured","IsMultiValue":false,"Type":"Text","DeriveFieldsFormat":"","Components":[],"SetValues":[],"Metadata":[{"Key":"RequiresReference","Value":"true"}]},{"FieldId":"LossRun.Reports.DataExtraction.ClaimDetails.DetailedBodyPartInjured","FieldName":"Detailed Body  Part Injured","IsMultiValue":false,"Type":"Text","DeriveFieldsFormat":"","Components":[],"SetValues":[],"Metadata":[{"Key":"RequiresReference","Value":"true"}]},{"FieldId":"LossRun.Reports.DataExtraction.ClaimDetails.ContributingFactor","FieldName":"Contributing Factor","IsMultiValue":false,"Type":"Text","DeriveFieldsFormat":"","Components":[],"SetValues":[],"Metadata":[{"Key":"RequiresReference","Value":"true"}]},{"FieldId":"LossRun.Reports.DataExtraction.ClaimDetails.LitigationIndication","FieldName":"Litigation Indication","IsMultiValue":false,"Type":"Text","DeriveFieldsFormat":"","Components":[],"SetValues":[],"Metadata":[{"Key":"RequiresReference","Value":"true"}]},{"FieldId":"LossRun.Reports.DataExtraction.ClaimDetails.Subrogation","FieldName":"Subrogation","IsMultiValue":false,"Type":"Text","DeriveFieldsFormat":"","Components":[],"SetValues":[],"Metadata":[{"Key":"RequiresReference","Value":"true"}]},{"FieldId":"LossRun.Reports.DataExtraction.ClaimDetails.Occupation","FieldName":"Occupation","IsMultiValue":false,"Type":"Text","DeriveFieldsFormat":"","Components":[],"SetValues":[],"Metadata":[{"Key":"RequiresReference","Value":"true"}]},{"FieldId":"LossRun.Reports.DataExtraction.ClaimDetails.WorkLocation","FieldName":"Work Location","IsMultiValue":false,"Type":"Text","DeriveFieldsFormat":"","Components":[],"SetValues":[],"Metadata":[{"Key":"RequiresReference","Value":"true"}]},{"FieldId":"LossRun.Reports.DataExtraction.ClaimDetails.NCCICode","FieldName":"NCCI Code","IsMultiValue":false,"Type":"Text","DeriveFieldsFormat":"","Components":[],"SetValues":[],"Metadata":[{"Key":"RequiresReference","Value":"true"}]},{"FieldId":"LossRun.Reports.DataExtraction.ClaimDetails.DateOfBirth","FieldName":"Date Of Birth","IsMultiValue":false,"Type":"Date","DeriveFieldsFormat":"","Components":[],"SetValues":[],"Metadata":[{"Key":"RequiresReference","Value":"true"}]},{"FieldId":"LossRun.Reports.DataExtraction.ClaimDetails.RTW","FieldName":"RTW","IsMultiValue":false,"Type":"Text","DeriveFieldsFormat":"","Components":[],"SetValues":[],"Metadata":[{"Key":"RequiresReference","Value":"true"}]},{"FieldId":"LossRun.Reports.DataExtraction.ClaimDetails.RTWDATE","FieldName":"RTW DATE","IsMultiValue":false,"Type":"Date","DeriveFieldsFormat":"","Components":[],"SetValues":[],"Metadata":[{"Key":"RequiresReference","Value":"true"}]},{"FieldId":"LossRun.Reports.DataExtraction.ClaimDetails.Death","FieldName":"Death","IsMultiValue":false,"Type":"Text","DeriveFieldsFormat":"","Components":[],"SetValues":[],"Metadata":[{"Key":"RequiresReference","Value":"true"}]},{"FieldId":"LossRun.Reports.DataExtraction.ClaimDetails.Section32","FieldName":"Section 32","IsMultiValue":false,"Type":"Text","DeriveFieldsFormat":"","Components":[],"SetValues":[],"Metadata":[{"Key":"RequiresReference","Value":"true"}]},{"FieldId":"LossRun.Reports.DataExtraction.ClaimDetails.SLU","FieldName":"SLU","IsMultiValue":false,"Type":"Text","DeriveFieldsFormat":"","Components":[],"SetValues":[],"Metadata":[{"Key":"RequiresReference","Value":"true"}]},{"FieldId":"LossRun.Reports.DataExtraction.ClaimDetails.GroupNumber","FieldName":"Group Number","IsMultiValue":false,"Type":"Text","DeriveFieldsFormat":"","Components":[],"SetValues":[],"Metadata":[{"Key":"RequiresReference","Value":"true"}]},{"FieldId":"LossRun.Reports.DataExtraction.ClaimDetails.EntityNumber","FieldName":"Entity Number","IsMultiValue":false,"Type":"Text","DeriveFieldsFormat":"","Components":[],"SetValues":[],"Metadata":[{"Key":"RequiresReference","Value":"true"}]},{"FieldId":"LossRun.Reports.DataExtraction.ClaimDetails.BargainUnit","FieldName":"Bargain Unit","IsMultiValue":false,"Type":"Text","DeriveFieldsFormat":"","Components":[],"SetValues":[],"Metadata":[{"Key":"RequiresReference","Value":"true"}]},{"FieldId":"LossRun.Reports.DataExtraction.ClaimDetails.EmployerReimburse","FieldName":"Employer Reimburse","IsMultiValue":false,"Type":"Text","DeriveFieldsFormat":"","Components":[],"SetValues":[],"Metadata":[{"Key":"RequiresReference","Value":"true"}]},{"FieldId":"LossRun.Reports.DataExtraction.ClaimDetails.Medicare","FieldName":"Medicare","IsMultiValue":false,"Type":"Text","DeriveFieldsFormat":"","Components":[],"SetValues":[],"Metadata":[{"Key":"RequiresReference","Value":"true"}]},{"FieldId":"LossRun.Reports.DataExtraction.ClaimDetails.DriverName","FieldName":"Driver Name","IsMultiValue":false,"Type":"Text","DeriveFieldsFormat":"","Components":[],"SetValues":[],"Metadata":[{"Key":"RequiresReference","Value":"true"}]},{"FieldId":"LossRun.Reports.DataExtraction.ClaimDetails.VehicleUnitdescription","FieldName":"Vehicle/Unit description","IsMultiValue":false,"Type":"Text","DeriveFieldsFormat":"","Components":[],"SetValues":[],"Metadata":[{"Key":"RequiresReference","Value":"true"}]},{"FieldId":"LossRun.Reports.DataExtraction.ClaimDetails.Vehicleyear","FieldName":"Vehicle year","IsMultiValue":false,"Type":"Date","DeriveFieldsFormat":"","Components":[],"SetValues":[],"Metadata":[{"Key":"RequiresReference","Value":"true"}]},{"FieldId":"LossRun.Reports.DataExtraction.ClaimDetails.VehicleManufacturer","FieldName":"Vehicle Manufacturer","IsMultiValue":false,"Type":"Text","DeriveFieldsFormat":"","Components":[],"SetValues":[],"Metadata":[{"Key":"RequiresReference","Value":"true"}]},{"FieldId":"LossRun.Reports.DataExtraction.ClaimDetails.VehicleModel","FieldName":"Vehicle Model","IsMultiValue":false,"Type":"Text","DeriveFieldsFormat":"","Components":[],"SetValues":[],"Metadata":[{"Key":"RequiresReference","Value":"true"}]},{"FieldId":"LossRun.Reports.DataExtraction.ClaimDetails.VehicleID","FieldName":"Vehicle ID","IsMultiValue":false,"Type":"Text","DeriveFieldsFormat":"","Components":[],"SetValues":[],"Metadata":[{"Key":"RequiresReference","Value":"true"}]},{"FieldId":"LossRun.Reports.DataExtraction.ClaimDetails.VehicleLicensePlate","FieldName":"Vehicle License Plate","IsMultiValue":false,"Type":"Text","DeriveFieldsFormat":"","Components":[],"SetValues":[],"Metadata":[{"Key":"RequiresReference","Value":"true"}]},{"FieldId":"LossRun.Reports.DataExtraction.ClaimDetails.VehicleLicenseState","FieldName":"Vehicle License State","IsMultiValue":false,"Type":"Text","DeriveFieldsFormat":"","Components":[],"SetValues":[],"Metadata":[{"Key":"RequiresReference","Value":"true"}]},{"FieldId":"LossRun.Reports.DataExtraction.ClaimDetails.TotaledIndicator","FieldName":"Totaled Indicator","IsMultiValue":false,"Type":"Text","DeriveFieldsFormat":"","Components":[],"SetValues":[],"Metadata":[{"Key":"RequiresReference","Value":"true"}]},{"FieldId":"LossRun.Reports.DataExtraction.ClaimDetails.AdjusterName","FieldName":"Adjuster Name","IsMultiValue":false,"Type":"Text","DeriveFieldsFormat":"","Components":[],"SetValues":[],"Metadata":[{"Key":"RequiresReference","Value":"true"}]},{"FieldId":"LossRun.Reports.DataExtraction.ClaimDetails.AdjusterPhone","FieldName":"Adjuster Phone","IsMultiValue":false,"Type":"Text","DeriveFieldsFormat":"","Components":[],"SetValues":[],"Metadata":[{"Key":"RequiresReference","Value":"true"}]},{"FieldId":"LossRun.Reports.DataExtraction.ClaimDetails.AdjusterEmail","FieldName":"Adjuster Email","IsMultiValue":false,"Type":"Text","DeriveFieldsFormat":"","Components":[],"SetValues":[],"Metadata":[{"Key":"RequiresReference","Value":"true"}]},{"FieldId":"LossRun.Reports.DataExtraction.ClaimDetails.ConcurrentEmp","FieldName":"Concurrent Emp","IsMultiValue":false,"Type":"Text","DeriveFieldsFormat":"","Components":[],"SetValues":[],"Metadata":[{"Key":"RequiresReference","Value":"true"}]},{"FieldId":"LossRun.Reports.DataExtraction.ClaimDetails.DegreeofDisability","FieldName":"Degree of Disability","IsMultiValue":false,"Type":"Text","DeriveFieldsFormat":"","Components":[],"SetValues":[],"Metadata":[{"Key":"RequiresReference","Value":"true"}]},{"FieldId":"LossRun.Reports.DataExtraction.ClaimDetails.AvgWklyWage","FieldName":"Avg Wkly Wage","IsMultiValue":false,"Type":"Text","DeriveFieldsFormat":"","Components":[],"SetValues":[],"Metadata":[{"Key":"RequiresReference","Value":"true"}]},{"FieldId":"LossRun.Reports.DataExtraction.ClaimDetails.AttorneyFirm","FieldName":"Attorney Firm","IsMultiValue":false,"Type":"Text","DeriveFieldsFormat":"","Components":[],"SetValues":[],"Metadata":[{"Key":"RequiresReference","Value":"true"}]},{"FieldId":"LossRun.Reports.DataExtraction.ClaimDetails.ClaimantSSN","FieldName":"Claimant SSN","IsMultiValue":false,"Type":"Text","DeriveFieldsFormat":"","Components":[],"SetValues":[],"Metadata":[{"Key":"RequiresReference","Value":"true"}]},{"FieldId":"LossRun.Reports.DataExtraction.ClaimDetails.LAG","FieldName":"LAG","IsMultiValue":false,"Type":"Number","DeriveFieldsFormat":"","Components":[],"SetValues":[],"Metadata":[{"Key":"RequiresReference","Value":"true"}]},{"FieldId":"LossRun.Reports.DataExtraction.ClaimDetails.GaragingLoc","FieldName":"Garaging Loc","IsMultiValue":false,"Type":"Text","DeriveFieldsFormat":"","Components":[],"SetValues":[],"Metadata":[{"Key":"RequiresReference","Value":"true"}]},{"FieldId":"LossRun.Reports.DataExtraction.ClaimDetails.LOB","FieldName":"LOB","IsMultiValue":false,"Type":"Text","DeriveFieldsFormat":"","Components":[],"SetValues":[],"Metadata":[{"Key":"RequiresReference","Value":"true"}]},{"FieldId":"LossRun.Reports.DataExtraction.ClaimDetails.ReservesLoss","FieldName":"Reserves Loss","IsMultiValue":false,"Type":"Number","DeriveFieldsFormat":"","Components":[],"SetValues":[],"Metadata":[{"Key":"RequiresReference","Value":"true"}]},{"FieldId":"LossRun.Reports.DataExtraction.ClaimDetails.ReservesALAE","FieldName":"Reserves ALAE","IsMultiValue":false,"Type":"Number","DeriveFieldsFormat":"","Components":[],"SetValues":[],"Metadata":[{"Key":"RequiresReference","Value":"true"}]},{"FieldId":"LossRun.Reports.DataExtraction.ClaimDetails.PaymentsLoss","FieldName":"Payments Loss","IsMultiValue":false,"Type":"Number","DeriveFieldsFormat":"","Components":[],"SetValues":[],"Metadata":[{"Key":"RequiresReference","Value":"true"}]},{"FieldId":"LossRun.Reports.DataExtraction.ClaimDetails.PaymentsALAE","FieldName":"Payments ALAE","IsMultiValue":false,"Type":"Number","DeriveFieldsFormat":"","Components":[],"SetValues":[],"Metadata":[{"Key":"RequiresReference","Value":"true"}]},{"FieldId":"LossRun.Reports.DataExtraction.ClaimDetails.RecoveriesLoss","FieldName":"Recoveries Loss","IsMultiValue":false,"Type":"Number","DeriveFieldsFormat":"","Components":[],"SetValues":[],"Metadata":[{"Key":"RequiresReference","Value":"true"}]},{"FieldId":"LossRun.Reports.DataExtraction.ClaimDetails.RecoveriesALAE","FieldName":"Recoveries ALAE","IsMultiValue":false,"Type":"Number","DeriveFieldsFormat":"","Components":[],"SetValues":[],"Metadata":[{"Key":"RequiresReference","Value":"true"}]},{"FieldId":"LossRun.Reports.DataExtraction.ClaimDetails.IncurredLoss","FieldName":"Incurred Loss","IsMultiValue":false,"Type":"Number","DeriveFieldsFormat":"","Components":[],"SetValues":[],"Metadata":[{"Key":"RequiresReference","Value":"true"}]},{"FieldId":"LossRun.Reports.DataExtraction.ClaimDetails.IncurredALAE","FieldName":"Incurred ALAE","IsMultiValue":false,"Type":"Number","DeriveFieldsFormat":"","Components":[],"SetValues":[],"Metadata":[{"Key":"RequiresReference","Value":"true"}]},{"FieldId":"LossRun.Reports.DataExtraction.ClaimDetails.UnitLocation","FieldName":"Unit/Location","IsMultiValue":false,"Type":"Text","DeriveFieldsFormat":"","Components":[],"SetValues":[],"Metadata":[{"Key":"RequiresReference","Value":"true"}]},{"FieldId":"LossRun.Reports.DataExtraction.ClaimDetails.DateCanc","FieldName":"Date Canc","IsMultiValue":false,"Type":"Date","DeriveFieldsFormat":"","Components":[],"SetValues":[],"Metadata":[{"Key":"RequiresReference","Value":"true"}]},{"FieldId":"LossRun.Reports.DataExtraction.ClaimDetails.PaidLoss","FieldName":"Paid Loss","IsMultiValue":false,"Type":"Number","DeriveFieldsFormat":"","Components":[],"SetValues":[],"Metadata":[{"Key":"RequiresReference","Value":"true"}]},{"FieldId":"LossRun.Reports.DataExtraction.ClaimDetails.PaidALAE","FieldName":"Paid ALAE","IsMultiValue":false,"Type":"Number","DeriveFieldsFormat":"","Components":[],"SetValues":[],"Metadata":[{"Key":"RequiresReference","Value":"true"}]},{"FieldId":"LossRun.Reports.DataExtraction.ClaimDetails.PaidULAE","FieldName":"Paid ULAE","IsMultiValue":false,"Type":"Number","DeriveFieldsFormat":"","Components":[],"SetValues":[],"Metadata":[{"Key":"RequiresReference","Value":"true"}]},{"FieldId":"LossRun.Reports.DataExtraction.ClaimDetails.ReservedLoss","FieldName":"Reserved Loss","IsMultiValue":false,"Type":"Number","DeriveFieldsFormat":"","Components":[],"SetValues":[],"Metadata":[{"Key":"RequiresReference","Value":"true"}]},{"FieldId":"LossRun.Reports.DataExtraction.ClaimDetails.ReservedALAE","FieldName":"Reserved ALAE","IsMultiValue":false,"Type":"Number","DeriveFieldsFormat":"","Components":[],"SetValues":[],"Metadata":[{"Key":"RequiresReference","Value":"true"}]},{"FieldId":"LossRun.Reports.DataExtraction.ClaimDetails.ReservedULAE","FieldName":"Reserved ULAE","IsMultiValue":false,"Type":"Number","DeriveFieldsFormat":"","Components":[],"SetValues":[],"Metadata":[{"Key":"RequiresReference","Value":"true"}]},{"FieldId":"LossRun.Reports.DataExtraction.ClaimDetails.RecoveredLoss","FieldName":"Recovered Loss","IsMultiValue":false,"Type":"Number","DeriveFieldsFormat":"","Components":[],"SetValues":[],"Metadata":[{"Key":"RequiresReference","Value":"true"}]},{"FieldId":"LossRun.Reports.DataExtraction.ClaimDetails.RecoveredALAE","FieldName":"Recovered ALAE","IsMultiValue":false,"Type":"Number","DeriveFieldsFormat":"","Components":[],"SetValues":[],"Metadata":[{"Key":"RequiresReference","Value":"true"}]},{"FieldId":"LossRun.Reports.DataExtraction.ClaimDetails.RecoveredULAE","FieldName":"Recovered ULAE","IsMultiValue":false,"Type":"Number","DeriveFieldsFormat":"","Components":[],"SetValues":[],"Metadata":[{"Key":"RequiresReference","Value":"true"}]},{"FieldId":"LossRun.Reports.DataExtraction.ClaimDetails.IncurredULAE","FieldName":"Incurred ULAE","IsMultiValue":false,"Type":"Number","DeriveFieldsFormat":"","Components":[],"SetValues":[],"Metadata":[{"Key":"RequiresReference","Value":"true"}]},{"FieldId":"LossRun.Reports.DataExtraction.ClaimDetails.Adj","FieldName":"Adj","IsMultiValue":false,"Type":"Number","DeriveFieldsFormat":"","Components":[],"SetValues":[],"Metadata":[{"Key":"RequiresReference","Value":"true"}]},{"FieldId":"LossRun.Reports.DataExtraction.ClaimDetails.AgencyID","FieldName":"Agency ID","IsMultiValue":false,"Type":"Number","DeriveFieldsFormat":"","Components":[],"SetValues":[],"Metadata":[{"Key":"RequiresReference","Value":"true"}]},{"FieldId":"LossRun.Reports.DataExtraction.ClaimDetails.AgencyName","FieldName":"Agency Name","IsMultiValue":false,"Type":"Text","DeriveFieldsFormat":"","Components":[],"SetValues":[],"Metadata":[{"Key":"RequiresReference","Value":"true"}]}],"SetValues":[],"Metadata":[{"Key":"RequiresReference","Value":"true"}]}]}],"Groups":[{"Name":"LossRun","Categories":["Reports"]}],"SupportedLanguages":[{"Name":"Undetermined Language","Code":"und"},{"Name":"Bulgarian","Code":"bul"},{"Name":"Cantonese","Code":"yue"},{"Name":"Danish","Code":"dan"},{"Name":"Dutch","Code":"nld"},{"Name":"English","Code":"eng"},{"Name":"French","Code":"fra"},{"Name":"Georgian","Code":"kat"},{"Name":"German","Code":"deu"},{"Name":"Greek","Code":"ell"},{"Name":"Hebrew","Code":"heb"},{"Name":"Hindi","Code":"hin"},{"Name":"Italian","Code":"ita"},{"Name":"Japanese","Code":"jpn"},{"Name":"Korean","Code":"kor"},{"Name":"Macedonian","Code":"mkd"},{"Name":"Mandarin","Code":"zho"},{"Name":"Marathi","Code":"mar"},{"Name":"Norwegian","Code":"nor"},{"Name":"Polish","Code":"pol"},{"Name":"Portuguese","Code":"por"},{"Name":"Romanian","Code":"ron"},{"Name":"Russian","Code":"rus"},{"Name":"Serbian","Code":"srp"},{"Name":"Spanish","Code":"spa"},{"Name":"Swedish","Code":"swe"},{"Name":"Telugu","Code":"tel"}]}