{"DocumentTypeId":"LossRun.Reports.DataExtraction","FormId":"3d4e46c3","FormName":"Amtrust table subline","OriginalFileExtension":"pdf","Pages":[{"Page":0,"Size":[0.0,0.0,792.0,612.0],"SkewAngle":0.0,"Evidence":[{"Text":"Policy:","Box":[130.2072,24.0,25.9072,12.1792]},{"Text":"Subline","Box":[173.3052,24.0,22.7292,9.7572]},{"Text":"Reserve","Box":[173.3052,474.0,23.8784,9.7572]},{"Text":"Amt","Box":[173.3052,499.6409,13.3104,9.7572]},{"Text":"Expense","Box":[173.3052,588.0,25.0698,9.7572]},{"Text":"Pymts:","Box":[173.3052,614.8323,21.143,9.7572]},{"Text":"Recovery","Box":[173.3052,654.0,28.1859,9.7572]},{"Text":"Amt:","Box":[173.3052,683.9484,15.6581,9.7572]}],"Fields":[],"Tables":[{"FieldId":"LossRun.Reports.DataExtraction.ClaimDetails","Headers":[{"FieldId":"LossRun.Reports.DataExtraction.ClaimDetails.Carrier","Box":[0.0,0.0,0.0,0.0]},{"FieldId":"LossRun.Reports.DataExtraction.ClaimDetails.PolicyNumber","Box":[0.0,0.0,0.0,0.0]},{"FieldId":"LossRun.Reports.DataExtraction.ClaimDetails.PolicyYear","Box":[0.0,0.0,0.0,0.0]},{"FieldId":"LossRun.Reports.DataExtraction.ClaimDetails.PolicyEffectiveDate","Box":[0.0,0.0,0.0,0.0]},{"FieldId":"LossRun.Reports.DataExtraction.ClaimDetails.PolicyExpirationDate","Box":[0.0,0.0,0.0,0.0]},{"FieldId":"LossRun.Reports.DataExtraction.ClaimDetails.CoverageType","Box":[0.0,0.0,0.0,0.0]},{"FieldId":"LossRun.Reports.DataExtraction.ClaimDetails.Customer","Box":[0.0,0.0,0.0,0.0]},{"FieldId":"LossRun.Reports.DataExtraction.ClaimDetails.ClaimNumber","Box":[0.0,0.0,0.0,0.0]},{"FieldId":"LossRun.Reports.DataExtraction.ClaimDetails.DateofLoss","Box":[0.0,0.0,0.0,0.0]},{"FieldId":"LossRun.Reports.DataExtraction.ClaimDetails.DateReportedtoEmployer","Box":[0.0,0.0,0.0,0.0]},{"FieldId":"LossRun.Reports.DataExtraction.ClaimDetails.DateReportedtoCarrier","Box":[0.0,0.0,0.0,0.0]},{"FieldId":"LossRun.Reports.DataExtraction.ClaimDetails.Status","Box":[0.0,0.0,0.0,0.0]},{"FieldId":"LossRun.Reports.DataExtraction.ClaimDetails.OpenedDate","Box":[0.0,0.0,0.0,0.0]},{"FieldId":"LossRun.Reports.DataExtraction.ClaimDetails.CloseDate","Box":[0.0,0.0,0.0,0.0]},{"FieldId":"LossRun.Reports.DataExtraction.ClaimDetails.ReopenedDate","Box":[0.0,0.0,0.0,0.0]},{"FieldId":"LossRun.Reports.DataExtraction.ClaimDetails.ClaimType","Box":[0.0,0.0,0.0,0.0]},{"FieldId":"LossRun.Reports.DataExtraction.ClaimDetails.ClaimantFirstName","Box":[0.0,0.0,0.0,0.0]},{"FieldId":"LossRun.Reports.DataExtraction.ClaimDetails.ClaimantLastname","Box":[0.0,0.0,0.0,0.0]},{"FieldId":"LossRun.Reports.DataExtraction.ClaimDetails.EntityName(IfnotaPerson)","Box":[0.0,0.0,0.0,0.0]},{"FieldId":"LossRun.Reports.DataExtraction.ClaimDetails.AccidentDescription","Box":[0.0,0.0,0.0,0.0]},{"FieldId":"LossRun.Reports.DataExtraction.ClaimDetails.AccidentLocation(Description)","Box":[0.0,0.0,0.0,0.0]},{"FieldId":"LossRun.Reports.DataExtraction.ClaimDetails.AccidentLocation(Number)","Box":[0.0,0.0,0.0,0.0]},{"FieldId":"LossRun.Reports.DataExtraction.ClaimDetails.AccidentLocation(NumberCode)","Box":[0.0,0.0,0.0,0.0]},{"FieldId":"LossRun.Reports.DataExtraction.ClaimDetails.AccidentSite","Box":[0.0,0.0,0.0,0.0]},{"FieldId":"LossRun.Reports.DataExtraction.ClaimDetails.AccidentSiteCity","Box":[0.0,0.0,0.0,0.0]},{"FieldId":"LossRun.Reports.DataExtraction.ClaimDetails.AccidentState","Box":[0.0,0.0,0.0,0.0]},{"FieldId":"LossRun.Reports.DataExtraction.ClaimDetails.ValueDate","Box":[0.0,0.0,0.0,0.0]},{"FieldId":"LossRun.Reports.DataExtraction.ClaimDetails.PaidTotal","Box":[0.0,0.0,0.0,0.0]},{"FieldId":"LossRun.Reports.DataExtraction.ClaimDetails.OutstandingTotal","Box":[0.0,0.0,0.0,0.0]},{"FieldId":"LossRun.Reports.DataExtraction.ClaimDetails.IncurredTotal","Box":[0.0,0.0,0.0,0.0]},{"FieldId":"LossRun.Reports.DataExtraction.ClaimDetails.Recoveries","Box":[0.0,0.0,0.0,0.0]},{"FieldId":"LossRun.Reports.DataExtraction.ClaimDetails.PaidIndPDColl","Box":[0.0,0.0,0.0,0.0]},{"FieldId":"LossRun.Reports.DataExtraction.ClaimDetails.OutstandingINdPDColl","Box":[0.0,0.0,0.0,0.0]},{"FieldId":"LossRun.Reports.DataExtraction.ClaimDetails.RecoveredindPDColl","Box":[0.0,0.0,0.0,0.0]},{"FieldId":"LossRun.Reports.DataExtraction.ClaimDetails.PaidMedBIComp","Box":[0.0,0.0,0.0,0.0]},{"FieldId":"LossRun.Reports.DataExtraction.ClaimDetails.OutstandingMedBIComp","Box":[0.0,0.0,0.0,0.0]},{"FieldId":"LossRun.Reports.DataExtraction.ClaimDetails.RecoveredMedBIComp","Box":[0.0,0.0,0.0,0.0]},{"FieldId":"LossRun.Reports.DataExtraction.ClaimDetails.PaidExpense","Box":[0.0,0.0,0.0,0.0]},{"FieldId":"LossRun.Reports.DataExtraction.ClaimDetails.OutstandingExpense","Box":[0.0,0.0,0.0,0.0]},{"FieldId":"LossRun.Reports.DataExtraction.ClaimDetails.RecoveredExpense","Box":[0.0,0.0,0.0,0.0]},{"FieldId":"LossRun.Reports.DataExtraction.ClaimDetails.PaidSalvage","Box":[0.0,0.0,0.0,0.0]},{"FieldId":"LossRun.Reports.DataExtraction.ClaimDetails.OutstandingSalvage","Box":[0.0,0.0,0.0,0.0]},{"FieldId":"LossRun.Reports.DataExtraction.ClaimDetails.RecoveredSalvage","Box":[0.0,0.0,0.0,0.0]},{"FieldId":"LossRun.Reports.DataExtraction.ClaimDetails.PaidSubro","Box":[0.0,0.0,0.0,0.0]},{"FieldId":"LossRun.Reports.DataExtraction.ClaimDetails.OutstandingSubro","Box":[0.0,0.0,0.0,0.0]},{"FieldId":"LossRun.Reports.DataExtraction.ClaimDetails.RecoveredSubro","Box":[0.0,0.0,0.0,0.0]},{"FieldId":"LossRun.Reports.DataExtraction.ClaimDetails.LossType","Box":[0.0,0.0,0.0,0.0]},{"FieldId":"LossRun.Reports.DataExtraction.ClaimDetails.CauseOFInjury","Box":[0.0,0.0,0.0,0.0]},{"FieldId":"LossRun.Reports.DataExtraction.ClaimDetails.DetailedCauseofInjury","Box":[0.0,0.0,0.0,0.0]},{"FieldId":"LossRun.Reports.DataExtraction.ClaimDetails.NatureOfInjury","Box":[0.0,0.0,0.0,0.0]},{"FieldId":"LossRun.Reports.DataExtraction.ClaimDetails.DetailedNatureOfInjury","Box":[0.0,0.0,0.0,0.0]},{"FieldId":"LossRun.Reports.DataExtraction.ClaimDetails.BodyPartInjured","Box":[0.0,0.0,0.0,0.0]},{"FieldId":"LossRun.Reports.DataExtraction.ClaimDetails.DetailedBodyPartInjured","Box":[0.0,0.0,0.0,0.0]},{"FieldId":"LossRun.Reports.DataExtraction.ClaimDetails.ContributingFactor","Box":[0.0,0.0,0.0,0.0]},{"FieldId":"LossRun.Reports.DataExtraction.ClaimDetails.LitigationIndication","Box":[0.0,0.0,0.0,0.0]},{"FieldId":"LossRun.Reports.DataExtraction.ClaimDetails.Subrogation","Box":[0.0,0.0,0.0,0.0]},{"FieldId":"LossRun.Reports.DataExtraction.ClaimDetails.Occupation","Box":[0.0,0.0,0.0,0.0]},{"FieldId":"LossRun.Reports.DataExtraction.ClaimDetails.WorkLocation","Box":[0.0,0.0,0.0,0.0]},{"FieldId":"LossRun.Reports.DataExtraction.ClaimDetails.NCCICode","Box":[0.0,0.0,0.0,0.0]},{"FieldId":"LossRun.Reports.DataExtraction.ClaimDetails.DateOfBirth","Box":[0.0,0.0,0.0,0.0]},{"FieldId":"LossRun.Reports.DataExtraction.ClaimDetails.RTW","Box":[0.0,0.0,0.0,0.0]},{"FieldId":"LossRun.Reports.DataExtraction.ClaimDetails.RTWDATE","Box":[0.0,0.0,0.0,0.0]},{"FieldId":"LossRun.Reports.DataExtraction.ClaimDetails.Death","Box":[0.0,0.0,0.0,0.0]},{"FieldId":"LossRun.Reports.DataExtraction.ClaimDetails.Section32","Box":[0.0,0.0,0.0,0.0]},{"FieldId":"LossRun.Reports.DataExtraction.ClaimDetails.SLU","Box":[0.0,0.0,0.0,0.0]},{"FieldId":"LossRun.Reports.DataExtraction.ClaimDetails.GroupNumber","Box":[0.0,0.0,0.0,0.0]},{"FieldId":"LossRun.Reports.DataExtraction.ClaimDetails.EntityNumber","Box":[0.0,0.0,0.0,0.0]},{"FieldId":"LossRun.Reports.DataExtraction.ClaimDetails.BargainUnit","Box":[0.0,0.0,0.0,0.0]},{"FieldId":"LossRun.Reports.DataExtraction.ClaimDetails.EmployerReimburse","Box":[0.0,0.0,0.0,0.0]},{"FieldId":"LossRun.Reports.DataExtraction.ClaimDetails.Medicare","Box":[0.0,0.0,0.0,0.0]},{"FieldId":"LossRun.Reports.DataExtraction.ClaimDetails.DriverName","Box":[0.0,0.0,0.0,0.0]},{"FieldId":"LossRun.Reports.DataExtraction.ClaimDetails.VehicleUnitdescription","Box":[0.0,0.0,0.0,0.0]},{"FieldId":"LossRun.Reports.DataExtraction.ClaimDetails.Vehicleyear","Box":[0.0,0.0,0.0,0.0]},{"FieldId":"LossRun.Reports.DataExtraction.ClaimDetails.VehicleManufacturer","Box":[0.0,0.0,0.0,0.0]},{"FieldId":"LossRun.Reports.DataExtraction.ClaimDetails.VehicleModel","Box":[0.0,0.0,0.0,0.0]},{"FieldId":"LossRun.Reports.DataExtraction.ClaimDetails.VehicleID","Box":[0.0,0.0,0.0,0.0]},{"FieldId":"LossRun.Reports.DataExtraction.ClaimDetails.VehicleLicensePlate","Box":[0.0,0.0,0.0,0.0]},{"FieldId":"LossRun.Reports.DataExtraction.ClaimDetails.VehicleLicenseState","Box":[0.0,0.0,0.0,0.0]},{"FieldId":"LossRun.Reports.DataExtraction.ClaimDetails.TotaledIndicator","Box":[0.0,0.0,0.0,0.0]},{"FieldId":"LossRun.Reports.DataExtraction.ClaimDetails.AdjusterName","Box":[0.0,0.0,0.0,0.0]},{"FieldId":"LossRun.Reports.DataExtraction.ClaimDetails.AdjusterPhone","Box":[0.0,0.0,0.0,0.0]},{"FieldId":"LossRun.Reports.DataExtraction.ClaimDetails.AdjusterEmail","Box":[0.0,0.0,0.0,0.0]},{"FieldId":"LossRun.Reports.DataExtraction.ClaimDetails.ConcurrentEmp","Box":[0.0,0.0,0.0,0.0]},{"FieldId":"LossRun.Reports.DataExtraction.ClaimDetails.DegreeofDisability","Box":[0.0,0.0,0.0,0.0]},{"FieldId":"LossRun.Reports.DataExtraction.ClaimDetails.AvgWklyWage","Box":[0.0,0.0,0.0,0.0]},{"FieldId":"LossRun.Reports.DataExtraction.ClaimDetails.AttorneyFirm","Box":[0.0,0.0,0.0,0.0]},{"FieldId":"LossRun.Reports.DataExtraction.ClaimDetails.ClaimantSSN","Box":[0.0,0.0,0.0,0.0]},{"FieldId":"LossRun.Reports.DataExtraction.ClaimDetails.LAG","Box":[0.0,0.0,0.0,0.0]},{"FieldId":"LossRun.Reports.DataExtraction.ClaimDetails.GaragingLoc","Box":[0.0,0.0,0.0,0.0]},{"FieldId":"LossRun.Reports.DataExtraction.ClaimDetails.LOB","Box":[0.0,0.0,0.0,0.0]},{"FieldId":"LossRun.Reports.DataExtraction.ClaimDetails.ReservesLoss","Box":[0.0,0.0,0.0,0.0]},{"FieldId":"LossRun.Reports.DataExtraction.ClaimDetails.ReservesALAE","Box":[0.0,0.0,0.0,0.0]},{"FieldId":"LossRun.Reports.DataExtraction.ClaimDetails.PaymentsLoss","Box":[0.0,0.0,0.0,0.0]},{"FieldId":"LossRun.Reports.DataExtraction.ClaimDetails.PaymentsALAE","Box":[0.0,0.0,0.0,0.0]},{"FieldId":"LossRun.Reports.DataExtraction.ClaimDetails.RecoveriesLoss","Box":[0.0,0.0,0.0,0.0]},{"FieldId":"LossRun.Reports.DataExtraction.ClaimDetails.RecoveriesALAE","Box":[0.0,0.0,0.0,0.0]},{"FieldId":"LossRun.Reports.DataExtraction.ClaimDetails.IncurredLoss","Box":[0.0,0.0,0.0,0.0]},{"FieldId":"LossRun.Reports.DataExtraction.ClaimDetails.IncurredALAE","Box":[0.0,0.0,0.0,0.0]},{"FieldId":"LossRun.Reports.DataExtraction.ClaimDetails.UnitLocation","Box":[0.0,0.0,0.0,0.0]},{"FieldId":"LossRun.Reports.DataExtraction.ClaimDetails.DateCanc","Box":[0.0,0.0,0.0,0.0]},{"FieldId":"LossRun.Reports.DataExtraction.ClaimDetails.PaidLoss","Box":[0.0,0.0,0.0,0.0]},{"FieldId":"LossRun.Reports.DataExtraction.ClaimDetails.PaidALAE","Box":[0.0,0.0,0.0,0.0]},{"FieldId":"LossRun.Reports.DataExtraction.ClaimDetails.PaidULAE","Box":[0.0,0.0,0.0,0.0]},{"FieldId":"LossRun.Reports.DataExtraction.ClaimDetails.ReservedLoss","Box":[0.0,0.0,0.0,0.0]},{"FieldId":"LossRun.Reports.DataExtraction.ClaimDetails.ReservedALAE","Box":[0.0,0.0,0.0,0.0]},{"FieldId":"LossRun.Reports.DataExtraction.ClaimDetails.ReservedULAE","Box":[0.0,0.0,0.0,0.0]},{"FieldId":"LossRun.Reports.DataExtraction.ClaimDetails.RecoveredLoss","Box":[0.0,0.0,0.0,0.0]},{"FieldId":"LossRun.Reports.DataExtraction.ClaimDetails.RecoveredALAE","Box":[0.0,0.0,0.0,0.0]},{"FieldId":"LossRun.Reports.DataExtraction.ClaimDetails.RecoveredULAE","Box":[0.0,0.0,0.0,0.0]},{"FieldId":"LossRun.Reports.DataExtraction.ClaimDetails.IncurredULAE","Box":[0.0,0.0,0.0,0.0]},{"FieldId":"LossRun.Reports.DataExtraction.ClaimDetails.Adj","Box":[0.0,0.0,0.0,0.0]},{"FieldId":"LossRun.Reports.DataExtraction.ClaimDetails.AgencyID","Box":[0.0,0.0,0.0,0.0]},{"FieldId":"LossRun.Reports.DataExtraction.ClaimDetails.AgencyName","Box":[0.0,0.0,0.0,0.0]},{"FieldId":"LossRun.Reports.DataExtraction.ClaimDetails.Subline","Box":[0.0,0.0,0.0,0.0]},{"FieldId":"LossRun.Reports.DataExtraction.ClaimDetails.ReserveAmt","Box":[0.0,0.0,0.0,0.0]},{"FieldId":"LossRun.Reports.DataExtraction.ClaimDetails.ExpensePymts","Box":[0.0,0.0,0.0,0.0]},{"FieldId":"LossRun.Reports.DataExtraction.ClaimDetails.RecoveryAmt","Box":[0.0,0.0,0.0,0.0]}],"Cells":[{"Row":0,"Column":0,"Box":[184.7968,704.2296,78.7756,10.5885]},{"Row":0,"Column":1,"Box":[126.5491,56.4708,72.7997,19.0504]},{"Row":0,"Column":7,"Box":[184.7968,49.1484,62.7835,10.5885]},{"Row":0,"Column":8,"Box":[184.7968,210.2534,53.3068,10.5885]},{"Row":0,"Column":11,"Box":[184.7968,180.6385,29.6149,10.5885]},{"Row":0,"Column":15,"Box":[184.7968,111.932,68.7065,10.5885]},{"Row":0,"Column":19,"Box":[184.7968,263.5601,199.012,10.5885]},{"Row":0,"Column":100,"Box":[184.7968,519.4327,60.4144,10.5885]},{"Row":0,"Column":113,"Box":[184.7968,18.9535,30.1949,10.5885]},{"Row":0,"Column":114,"Box":[184.7968,462.5721,56.8606,10.5885]},{"Row":0,"Column":115,"Box":[184.7968,579.8471,65.1527,10.5885]},{"Row":0,"Column":116,"Box":[184.7968,644.9998,59.2298,10.5885]},{"Row":1,"Column":0,"Box":[195.3853,704.2296,78.7756,10.16]},{"Row":1,"Column":7,"Box":[195.3853,49.1484,62.7835,10.16]},{"Row":1,"Column":8,"Box":[195.3853,210.2534,53.3068,10.16]},{"Row":1,"Column":11,"Box":[195.3853,180.6385,29.6149,10.16]},{"Row":1,"Column":15,"Box":[195.3853,111.932,68.7065,10.16]},{"Row":1,"Column":19,"Box":[195.3853,263.5601,199.012,10.16]},{"Row":1,"Column":100,"Box":[195.3853,519.4327,60.4144,10.16]},{"Row":1,"Column":113,"Box":[195.3853,18.9535,30.1949,10.16]},{"Row":1,"Column":114,"Box":[195.3853,462.5721,56.8606,10.16]},{"Row":1,"Column":115,"Box":[195.3853,579.8471,65.1527,10.16]},{"Row":1,"Column":116,"Box":[195.3853,644.9998,59.2298,10.16]},{"Row":2,"Column":0,"Box":[205.5454,704.2296,78.7756,10.16]},{"Row":2,"Column":7,"Box":[205.5454,49.1484,62.7835,10.16]},{"Row":2,"Column":8,"Box":[205.5454,210.2534,53.3068,10.16]},{"Row":2,"Column":11,"Box":[205.5454,180.6385,29.6149,10.16]},{"Row":2,"Column":15,"Box":[205.5454,111.932,68.7065,10.16]},{"Row":2,"Column":19,"Box":[205.5454,263.5601,199.012,10.16]},{"Row":2,"Column":100,"Box":[205.5454,519.4327,60.4144,10.16]},{"Row":2,"Column":113,"Box":[205.5454,18.9535,30.1949,10.16]},{"Row":2,"Column":114,"Box":[205.5454,462.5721,56.8606,10.16]},{"Row":2,"Column":115,"Box":[205.5454,579.8471,65.1527,10.16]},{"Row":2,"Column":116,"Box":[205.5454,644.9998,59.2298,10.16]},{"Row":3,"Column":0,"Box":[215.7054,704.2296,78.7756,9.3785]},{"Row":3,"Column":7,"Box":[215.7054,49.1484,62.7835,9.3785]},{"Row":3,"Column":8,"Box":[215.7054,210.2534,53.3068,9.3785]},{"Row":3,"Column":11,"Box":[215.7054,180.6385,29.6149,9.3785]},{"Row":3,"Column":15,"Box":[215.7054,111.932,68.7065,9.3785]},{"Row":3,"Column":19,"Box":[215.7054,263.5601,199.012,9.3785]},{"Row":3,"Column":100,"Box":[215.7054,519.4327,60.4144,9.3785]},{"Row":3,"Column":113,"Box":[215.7054,18.9535,30.1949,9.3785]},{"Row":3,"Column":114,"Box":[215.7054,462.5721,56.8606,9.3785]},{"Row":3,"Column":115,"Box":[215.7054,579.8471,65.1527,9.3785]},{"Row":3,"Column":116,"Box":[215.7054,644.9998,59.2298,9.3785]},{"Row":4,"Column":0,"Box":[225.0839,704.2296,78.7756,11.7231]},{"Row":4,"Column":7,"Box":[225.0839,49.1484,62.7835,11.7231]},{"Row":4,"Column":8,"Box":[225.0839,210.2534,53.3068,11.7231]},{"Row":4,"Column":11,"Box":[225.0839,180.6385,29.6149,11.7231]},{"Row":4,"Column":15,"Box":[225.0839,111.932,68.7065,11.7231]},{"Row":4,"Column":19,"Box":[225.0839,263.5601,199.012,11.7231]},{"Row":4,"Column":100,"Box":[225.0839,519.4327,60.4144,11.7231]},{"Row":4,"Column":113,"Box":[225.0839,18.9535,30.1949,11.7231]},{"Row":4,"Column":114,"Box":[225.0839,462.5721,56.8606,11.7231]},{"Row":4,"Column":115,"Box":[225.0839,579.8471,65.1527,11.7231]},{"Row":4,"Column":116,"Box":[225.0839,644.9998,59.2298,11.7231]},{"Row":5,"Column":0,"Box":[236.807,704.2296,78.7756,14.8493]},{"Row":5,"Column":7,"Box":[236.807,49.1484,62.7835,14.8493]},{"Row":5,"Column":8,"Box":[236.807,210.2534,53.3068,14.8493]},{"Row":5,"Column":11,"Box":[236.807,180.6385,29.6149,14.8493]},{"Row":5,"Column":15,"Box":[236.807,111.932,68.7065,14.8493]},{"Row":5,"Column":19,"Box":[236.807,263.5601,199.012,14.8493]},{"Row":5,"Column":100,"Box":[236.807,519.4327,60.4144,14.8493]},{"Row":5,"Column":113,"Box":[236.807,18.9535,30.1949,14.8493]},{"Row":5,"Column":114,"Box":[236.807,462.5721,56.8606,14.8493]},{"Row":5,"Column":115,"Box":[236.807,579.8471,65.1527,14.8493]},{"Row":5,"Column":116,"Box":[236.807,644.9998,59.2298,14.8493]},{"Row":6,"Column":0,"Box":[251.6563,704.2296,78.7756,10.9416]},{"Row":6,"Column":7,"Box":[251.6563,49.1484,62.7835,10.9416]},{"Row":6,"Column":8,"Box":[251.6563,210.2534,53.3068,10.9416]},{"Row":6,"Column":11,"Box":[251.6563,180.6385,29.6149,10.9416]},{"Row":6,"Column":15,"Box":[251.6563,111.932,68.7065,10.9416]},{"Row":6,"Column":19,"Box":[251.6563,263.5601,199.012,10.9416]},{"Row":6,"Column":100,"Box":[251.6563,519.4327,60.4144,10.9416]},{"Row":6,"Column":113,"Box":[251.6563,18.9535,30.1949,10.9416]},{"Row":6,"Column":114,"Box":[251.6563,462.5721,56.8606,10.9416]},{"Row":6,"Column":115,"Box":[251.6563,579.8471,65.1527,10.9416]},{"Row":6,"Column":116,"Box":[251.6563,644.9998,59.2298,10.9416]},{"Row":7,"Column":0,"Box":[262.5979,704.2296,78.7756,9.3785]},{"Row":7,"Column":7,"Box":[262.5979,49.1484,62.7835,9.3785]},{"Row":7,"Column":8,"Box":[262.5979,210.2534,53.3068,9.3785]},{"Row":7,"Column":11,"Box":[262.5979,180.6385,29.6149,9.3785]},{"Row":7,"Column":15,"Box":[262.5979,111.932,68.7065,9.3785]},{"Row":7,"Column":19,"Box":[262.5979,263.5601,199.012,9.3785]},{"Row":7,"Column":100,"Box":[262.5979,519.4327,60.4144,9.3785]},{"Row":7,"Column":113,"Box":[262.5979,18.9535,30.1949,9.3785]},{"Row":7,"Column":114,"Box":[262.5979,462.5721,56.8606,9.3785]},{"Row":7,"Column":115,"Box":[262.5979,579.8471,65.1527,9.3785]},{"Row":7,"Column":116,"Box":[262.5979,644.9998,59.2298,9.3785]},{"Row":8,"Column":0,"Box":[271.9764,704.2296,78.7756,9.3785]},{"Row":8,"Column":7,"Box":[271.9764,49.1484,62.7835,9.3785]},{"Row":8,"Column":8,"Box":[271.9764,210.2534,53.3068,9.3785]},{"Row":8,"Column":11,"Box":[271.9764,180.6385,29.6149,9.3785]},{"Row":8,"Column":15,"Box":[271.9764,111.932,68.7065,9.3785]},{"Row":8,"Column":19,"Box":[271.9764,263.5601,199.012,9.3785]},{"Row":8,"Column":100,"Box":[271.9764,519.4327,60.4144,9.3785]},{"Row":8,"Column":113,"Box":[271.9764,18.9535,30.1949,9.3785]},{"Row":8,"Column":114,"Box":[271.9764,462.5721,56.8606,9.3785]},{"Row":8,"Column":115,"Box":[271.9764,579.8471,65.1527,9.3785]},{"Row":8,"Column":116,"Box":[271.9764,644.9998,59.2298,9.3785]},{"Row":9,"Column":0,"Box":[281.3549,704.2296,78.7756,12.5047]},{"Row":9,"Column":7,"Box":[281.3549,49.1484,62.7835,12.5047]},{"Row":9,"Column":8,"Box":[281.3549,210.2534,53.3068,12.5047]},{"Row":9,"Column":11,"Box":[281.3549,180.6385,29.6149,12.5047]},{"Row":9,"Column":15,"Box":[281.3549,111.932,68.7065,12.5047]},{"Row":9,"Column":19,"Box":[281.3549,263.5601,199.012,12.5047]},{"Row":9,"Column":100,"Box":[281.3549,519.4327,60.4144,12.5047]},{"Row":9,"Column":113,"Box":[281.3549,18.9535,30.1949,12.5047]},{"Row":9,"Column":114,"Box":[281.3549,462.5721,56.8606,12.5047]},{"Row":9,"Column":115,"Box":[281.3549,579.8471,65.1527,12.5047]},{"Row":9,"Column":116,"Box":[281.3549,644.9998,59.2298,12.5047]},{"Row":10,"Column":0,"Box":[293.8595,704.2296,78.7756,10.9416]},{"Row":10,"Column":7,"Box":[293.8595,49.1484,62.7835,10.9416]},{"Row":10,"Column":8,"Box":[293.8595,210.2534,53.3068,10.9416]},{"Row":10,"Column":11,"Box":[293.8595,180.6385,29.6149,10.9416]},{"Row":10,"Column":15,"Box":[293.8595,111.932,68.7065,10.9416]},{"Row":10,"Column":19,"Box":[293.8595,263.5601,199.012,10.9416]},{"Row":10,"Column":100,"Box":[293.8595,519.4327,60.4144,10.9416]},{"Row":10,"Column":113,"Box":[293.8595,18.9535,30.1949,10.9416]},{"Row":10,"Column":114,"Box":[293.8595,462.5721,56.8606,10.9416]},{"Row":10,"Column":115,"Box":[293.8595,579.8471,65.1527,10.9416]},{"Row":10,"Column":116,"Box":[293.8595,644.9998,59.2298,10.9416]},{"Row":11,"Column":0,"Box":[304.8011,704.2296,78.7756,10.16]},{"Row":11,"Column":7,"Box":[304.8011,49.1484,62.7835,10.16]},{"Row":11,"Column":8,"Box":[304.8011,210.2534,53.3068,10.16]},{"Row":11,"Column":11,"Box":[304.8011,180.6385,29.6149,10.16]},{"Row":11,"Column":15,"Box":[304.8011,111.932,68.7065,10.16]},{"Row":11,"Column":19,"Box":[304.8011,263.5601,199.012,10.16]},{"Row":11,"Column":100,"Box":[304.8011,519.4327,60.4144,10.16]},{"Row":11,"Column":113,"Box":[304.8011,18.9535,30.1949,10.16]},{"Row":11,"Column":114,"Box":[304.8011,462.5721,56.8606,10.16]},{"Row":11,"Column":115,"Box":[304.8011,579.8471,65.1527,10.16]},{"Row":11,"Column":116,"Box":[304.8011,644.9998,59.2298,10.16]},{"Row":12,"Column":0,"Box":[314.9612,704.2296,78.7756,8.597]},{"Row":12,"Column":7,"Box":[314.9612,49.1484,62.7835,8.597]},{"Row":12,"Column":8,"Box":[314.9612,210.2534,53.3068,8.597]},{"Row":12,"Column":11,"Box":[314.9612,180.6385,29.6149,8.597]},{"Row":12,"Column":15,"Box":[314.9612,111.932,68.7065,8.597]},{"Row":12,"Column":19,"Box":[314.9612,263.5601,199.012,8.597]},{"Row":12,"Column":100,"Box":[314.9612,519.4327,60.4144,8.597]},{"Row":12,"Column":113,"Box":[314.9612,18.9535,30.1949,8.597]},{"Row":12,"Column":114,"Box":[314.9612,462.5721,56.8606,8.597]},{"Row":12,"Column":115,"Box":[314.9612,579.8471,65.1527,8.597]},{"Row":12,"Column":116,"Box":[314.9612,644.9998,59.2298,8.597]},{"Row":13,"Column":0,"Box":[323.5581,704.2296,78.7756,11.7231]},{"Row":13,"Column":7,"Box":[323.5581,49.1484,62.7835,11.7231]},{"Row":13,"Column":8,"Box":[323.5581,210.2534,53.3068,11.7231]},{"Row":13,"Column":11,"Box":[323.5581,180.6385,29.6149,11.7231]},{"Row":13,"Column":15,"Box":[323.5581,111.932,68.7065,11.7231]},{"Row":13,"Column":19,"Box":[323.5581,263.5601,199.012,11.7231]},{"Row":13,"Column":100,"Box":[323.5581,519.4327,60.4144,11.7231]},{"Row":13,"Column":113,"Box":[323.5581,18.9535,30.1949,11.7231]},{"Row":13,"Column":114,"Box":[323.5581,462.5721,56.8606,11.7231]},{"Row":13,"Column":115,"Box":[323.5581,579.8471,65.1527,11.7231]},{"Row":13,"Column":116,"Box":[323.5581,644.9998,59.2298,11.7231]},{"Row":14,"Column":0,"Box":[335.2812,704.2296,78.7756,10.9416]},{"Row":14,"Column":7,"Box":[335.2812,49.1484,62.7835,10.9416]},{"Row":14,"Column":8,"Box":[335.2812,210.2534,53.3068,10.9416]},{"Row":14,"Column":11,"Box":[335.2812,180.6385,29.6149,10.9416]},{"Row":14,"Column":15,"Box":[335.2812,111.932,68.7065,10.9416]},{"Row":14,"Column":19,"Box":[335.2812,263.5601,199.012,10.9416]},{"Row":14,"Column":100,"Box":[335.2812,519.4327,60.4144,10.9416]},{"Row":14,"Column":113,"Box":[335.2812,18.9535,30.1949,10.9416]},{"Row":14,"Column":114,"Box":[335.2812,462.5721,56.8606,10.9416]},{"Row":14,"Column":115,"Box":[335.2812,579.8471,65.1527,10.9416]},{"Row":14,"Column":116,"Box":[335.2812,644.9998,59.2298,10.9416]},{"Row":15,"Column":0,"Box":[346.2228,704.2296,78.7756,9.3785]},{"Row":15,"Column":7,"Box":[346.2228,49.1484,62.7835,9.3785]},{"Row":15,"Column":8,"Box":[346.2228,210.2534,53.3068,9.3785]},{"Row":15,"Column":11,"Box":[346.2228,180.6385,29.6149,9.3785]},{"Row":15,"Column":15,"Box":[346.2228,111.932,68.7065,9.3785]},{"Row":15,"Column":19,"Box":[346.2228,263.5601,199.012,9.3785]},{"Row":15,"Column":100,"Box":[346.2228,519.4327,60.4144,9.3785]},{"Row":15,"Column":113,"Box":[346.2228,18.9535,30.1949,9.3785]},{"Row":15,"Column":114,"Box":[346.2228,462.5721,56.8606,9.3785]},{"Row":15,"Column":115,"Box":[346.2228,579.8471,65.1527,9.3785]},{"Row":15,"Column":116,"Box":[346.2228,644.9998,59.2298,9.3785]},{"Row":16,"Column":0,"Box":[355.6013,704.2296,78.7756,10.9416]},{"Row":16,"Column":7,"Box":[355.6013,49.1484,62.7835,10.9416]},{"Row":16,"Column":8,"Box":[355.6013,210.2534,53.3068,10.9416]},{"Row":16,"Column":11,"Box":[355.6013,180.6385,29.6149,10.9416]},{"Row":16,"Column":15,"Box":[355.6013,111.932,68.7065,10.9416]},{"Row":16,"Column":19,"Box":[355.6013,263.5601,199.012,10.9416]},{"Row":16,"Column":100,"Box":[355.6013,519.4327,60.4144,10.9416]},{"Row":16,"Column":113,"Box":[355.6013,18.9535,30.1949,10.9416]},{"Row":16,"Column":114,"Box":[355.6013,462.5721,56.8606,10.9416]},{"Row":16,"Column":115,"Box":[355.6013,579.8471,65.1527,10.9416]},{"Row":16,"Column":116,"Box":[355.6013,644.9998,59.2298,10.9416]},{"Row":17,"Column":0,"Box":[366.5429,704.2296,78.7756,10.9416]},{"Row":17,"Column":7,"Box":[366.5429,49.1484,62.7835,10.9416]},{"Row":17,"Column":8,"Box":[366.5429,210.2534,53.3068,10.9416]},{"Row":17,"Column":11,"Box":[366.5429,180.6385,29.6149,10.9416]},{"Row":17,"Column":15,"Box":[366.5429,111.932,68.7065,10.9416]},{"Row":17,"Column":19,"Box":[366.5429,263.5601,199.012,10.9416]},{"Row":17,"Column":100,"Box":[366.5429,519.4327,60.4144,10.9416]},{"Row":17,"Column":113,"Box":[366.5429,18.9535,30.1949,10.9416]},{"Row":17,"Column":114,"Box":[366.5429,462.5721,56.8606,10.9416]},{"Row":17,"Column":115,"Box":[366.5429,579.8471,65.1527,10.9416]},{"Row":17,"Column":116,"Box":[366.5429,644.9998,59.2298,10.9416]},{"Row":18,"Column":0,"Box":[377.4845,704.2296,78.7756,9.3785]},{"Row":18,"Column":7,"Box":[377.4845,49.1484,62.7835,9.3785]},{"Row":18,"Column":8,"Box":[377.4845,210.2534,53.3068,9.3785]},{"Row":18,"Column":11,"Box":[377.4845,180.6385,29.6149,9.3785]},{"Row":18,"Column":15,"Box":[377.4845,111.932,68.7065,9.3785]},{"Row":18,"Column":19,"Box":[377.4845,263.5601,199.012,9.3785]},{"Row":18,"Column":100,"Box":[377.4845,519.4327,60.4144,9.3785]},{"Row":18,"Column":113,"Box":[377.4845,18.9535,30.1949,9.3785]},{"Row":18,"Column":114,"Box":[377.4845,462.5721,56.8606,9.3785]},{"Row":18,"Column":115,"Box":[377.4845,579.8471,65.1527,9.3785]},{"Row":18,"Column":116,"Box":[377.4845,644.9998,59.2298,9.3785]},{"Row":19,"Column":0,"Box":[386.863,704.2296,78.7756,10.9416]},{"Row":19,"Column":7,"Box":[386.863,49.1484,62.7835,10.9416]},{"Row":19,"Column":8,"Box":[386.863,210.2534,53.3068,10.9416]},{"Row":19,"Column":11,"Box":[386.863,180.6385,29.6149,10.9416]},{"Row":19,"Column":15,"Box":[386.863,111.932,68.7065,10.9416]},{"Row":19,"Column":19,"Box":[386.863,263.5601,199.012,10.9416]},{"Row":19,"Column":100,"Box":[386.863,519.4327,60.4144,10.9416]},{"Row":19,"Column":113,"Box":[386.863,18.9535,30.1949,10.9416]},{"Row":19,"Column":114,"Box":[386.863,462.5721,56.8606,10.9416]},{"Row":19,"Column":115,"Box":[386.863,579.8471,65.1527,10.9416]},{"Row":19,"Column":116,"Box":[386.863,644.9998,59.2298,10.9416]},{"Row":20,"Column":0,"Box":[397.8045,704.2296,78.7756,9.3785]},{"Row":20,"Column":7,"Box":[397.8045,49.1484,62.7835,9.3785]},{"Row":20,"Column":8,"Box":[397.8045,210.2534,53.3068,9.3785]},{"Row":20,"Column":11,"Box":[397.8045,180.6385,29.6149,9.3785]},{"Row":20,"Column":15,"Box":[397.8045,111.932,68.7065,9.3785]},{"Row":20,"Column":19,"Box":[397.8045,263.5601,199.012,9.3785]},{"Row":20,"Column":100,"Box":[397.8045,519.4327,60.4144,9.3785]},{"Row":20,"Column":113,"Box":[397.8045,18.9535,30.1949,9.3785]},{"Row":20,"Column":114,"Box":[397.8045,462.5721,56.8606,9.3785]},{"Row":20,"Column":115,"Box":[397.8045,579.8471,65.1527,9.3785]},{"Row":20,"Column":116,"Box":[397.8045,644.9998,59.2298,9.3785]},{"Row":21,"Column":0,"Box":[407.183,704.2296,78.7756,11.7231]},{"Row":21,"Column":7,"Box":[407.183,49.1484,62.7835,11.7231]},{"Row":21,"Column":8,"Box":[407.183,210.2534,53.3068,11.7231]},{"Row":21,"Column":11,"Box":[407.183,180.6385,29.6149,11.7231]},{"Row":21,"Column":15,"Box":[407.183,111.932,68.7065,11.7231]},{"Row":21,"Column":19,"Box":[407.183,263.5601,199.012,11.7231]},{"Row":21,"Column":100,"Box":[407.183,519.4327,60.4144,11.7231]},{"Row":21,"Column":113,"Box":[407.183,18.9535,30.1949,11.7231]},{"Row":21,"Column":114,"Box":[407.183,462.5721,56.8606,11.7231]},{"Row":21,"Column":115,"Box":[407.183,579.8471,65.1527,11.7231]},{"Row":21,"Column":116,"Box":[407.183,644.9998,59.2298,11.7231]},{"Row":22,"Column":0,"Box":[418.9062,704.2296,78.7756,9.3785]},{"Row":22,"Column":7,"Box":[418.9062,49.1484,62.7835,9.3785]},{"Row":22,"Column":8,"Box":[418.9062,210.2534,53.3068,9.3785]},{"Row":22,"Column":11,"Box":[418.9062,180.6385,29.6149,9.3785]},{"Row":22,"Column":15,"Box":[418.9062,111.932,68.7065,9.3785]},{"Row":22,"Column":19,"Box":[418.9062,263.5601,199.012,9.3785]},{"Row":22,"Column":100,"Box":[418.9062,519.4327,60.4144,9.3785]},{"Row":22,"Column":113,"Box":[418.9062,18.9535,30.1949,9.3785]},{"Row":22,"Column":114,"Box":[418.9062,462.5721,56.8606,9.3785]},{"Row":22,"Column":115,"Box":[418.9062,579.8471,65.1527,9.3785]},{"Row":22,"Column":116,"Box":[418.9062,644.9998,59.2298,9.3785]},{"Row":23,"Column":0,"Box":[428.2847,704.2296,78.7756,10.9416]},{"Row":23,"Column":7,"Box":[428.2847,49.1484,62.7835,10.9416]},{"Row":23,"Column":8,"Box":[428.2847,210.2534,53.3068,10.9416]},{"Row":23,"Column":11,"Box":[428.2847,180.6385,29.6149,10.9416]},{"Row":23,"Column":15,"Box":[428.2847,111.932,68.7065,10.9416]},{"Row":23,"Column":19,"Box":[428.2847,263.5601,199.012,10.9416]},{"Row":23,"Column":100,"Box":[428.2847,519.4327,60.4144,10.9416]},{"Row":23,"Column":113,"Box":[428.2847,18.9535,30.1949,10.9416]},{"Row":23,"Column":114,"Box":[428.2847,462.5721,56.8606,10.9416]},{"Row":23,"Column":115,"Box":[428.2847,579.8471,65.1527,10.9416]},{"Row":23,"Column":116,"Box":[428.2847,644.9998,59.2298,10.9416]},{"Row":24,"Column":0,"Box":[439.2262,704.2296,78.7756,9.3785]},{"Row":24,"Column":7,"Box":[439.2262,49.1484,62.7835,9.3785]},{"Row":24,"Column":8,"Box":[439.2262,210.2534,53.3068,9.3785]},{"Row":24,"Column":11,"Box":[439.2262,180.6385,29.6149,9.3785]},{"Row":24,"Column":15,"Box":[439.2262,111.932,68.7065,9.3785]},{"Row":24,"Column":19,"Box":[439.2262,263.5601,199.012,9.3785]},{"Row":24,"Column":100,"Box":[439.2262,519.4327,60.4144,9.3785]},{"Row":24,"Column":113,"Box":[439.2262,18.9535,30.1949,9.3785]},{"Row":24,"Column":114,"Box":[439.2262,462.5721,56.8606,9.3785]},{"Row":24,"Column":115,"Box":[439.2262,579.8471,65.1527,9.3785]},{"Row":24,"Column":116,"Box":[439.2262,644.9998,59.2298,9.3785]},{"Row":25,"Column":0,"Box":[448.6047,704.2296,78.7756,11.7231]},{"Row":25,"Column":7,"Box":[448.6047,49.1484,62.7835,11.7231]},{"Row":25,"Column":8,"Box":[448.6047,210.2534,53.3068,11.7231]},{"Row":25,"Column":11,"Box":[448.6047,180.6385,29.6149,11.7231]},{"Row":25,"Column":15,"Box":[448.6047,111.932,68.7065,11.7231]},{"Row":25,"Column":19,"Box":[448.6047,263.5601,199.012,11.7231]},{"Row":25,"Column":100,"Box":[448.6047,519.4327,60.4144,11.7231]},{"Row":25,"Column":113,"Box":[448.6047,18.9535,30.1949,11.7231]},{"Row":25,"Column":114,"Box":[448.6047,462.5721,56.8606,11.7231]},{"Row":25,"Column":115,"Box":[448.6047,579.8471,65.1527,11.7231]},{"Row":25,"Column":116,"Box":[448.6047,644.9998,59.2298,11.7231]},{"Row":26,"Column":0,"Box":[460.3279,704.2296,78.7756,14.8493]},{"Row":26,"Column":7,"Box":[460.3279,49.1484,62.7835,14.8493]},{"Row":26,"Column":8,"Box":[460.3279,210.2534,53.3068,14.8493]},{"Row":26,"Column":11,"Box":[460.3279,180.6385,29.6149,14.8493]},{"Row":26,"Column":15,"Box":[460.3279,111.932,68.7065,14.8493]},{"Row":26,"Column":19,"Box":[460.3279,263.5601,199.012,14.8493]},{"Row":26,"Column":100,"Box":[460.3279,519.4327,60.4144,14.8493]},{"Row":26,"Column":113,"Box":[460.3279,18.9535,30.1949,14.8493]},{"Row":26,"Column":114,"Box":[460.3279,462.5721,56.8606,14.8493]},{"Row":26,"Column":115,"Box":[460.3279,579.8471,65.1527,14.8493]},{"Row":26,"Column":116,"Box":[460.3279,644.9998,59.2298,14.8493]},{"Row":27,"Column":0,"Box":[475.1771,704.2296,78.7756,10.16]},{"Row":27,"Column":7,"Box":[475.1771,49.1484,62.7835,10.16]},{"Row":27,"Column":8,"Box":[475.1771,210.2534,53.3068,10.16]},{"Row":27,"Column":11,"Box":[475.1771,180.6385,29.6149,10.16]},{"Row":27,"Column":15,"Box":[475.1771,111.932,68.7065,10.16]},{"Row":27,"Column":19,"Box":[475.1771,263.5601,199.012,10.16]},{"Row":27,"Column":100,"Box":[475.1771,519.4327,60.4144,10.16]},{"Row":27,"Column":113,"Box":[475.1771,18.9535,30.1949,10.16]},{"Row":27,"Column":114,"Box":[475.1771,462.5721,56.8606,10.16]},{"Row":27,"Column":115,"Box":[475.1771,579.8471,65.1527,10.16]},{"Row":27,"Column":116,"Box":[475.1771,644.9998,59.2298,10.16]},{"Row":28,"Column":0,"Box":[485.3372,704.2296,78.7756,10.9416]},{"Row":28,"Column":7,"Box":[485.3372,49.1484,62.7835,10.9416]},{"Row":28,"Column":8,"Box":[485.3372,210.2534,53.3068,10.9416]},{"Row":28,"Column":11,"Box":[485.3372,180.6385,29.6149,10.9416]},{"Row":28,"Column":15,"Box":[485.3372,111.932,68.7065,10.9416]},{"Row":28,"Column":19,"Box":[485.3372,263.5601,199.012,10.9416]},{"Row":28,"Column":100,"Box":[485.3372,519.4327,60.4144,10.9416]},{"Row":28,"Column":113,"Box":[485.3372,18.9535,30.1949,10.9416]},{"Row":28,"Column":114,"Box":[485.3372,462.5721,56.8606,10.9416]},{"Row":28,"Column":115,"Box":[485.3372,579.8471,65.1527,10.9416]},{"Row":28,"Column":116,"Box":[485.3372,644.9998,59.2298,10.9416]},{"Row":29,"Column":0,"Box":[496.2788,704.2296,78.7756,10.9416]},{"Row":29,"Column":7,"Box":[496.2788,49.1484,62.7835,10.9416]},{"Row":29,"Column":8,"Box":[496.2788,210.2534,53.3068,10.9416]},{"Row":29,"Column":11,"Box":[496.2788,180.6385,29.6149,10.9416]},{"Row":29,"Column":15,"Box":[496.2788,111.932,68.7065,10.9416]},{"Row":29,"Column":19,"Box":[496.2788,263.5601,199.012,10.9416]},{"Row":29,"Column":100,"Box":[496.2788,519.4327,60.4144,10.9416]},{"Row":29,"Column":113,"Box":[496.2788,18.9535,30.1949,10.9416]},{"Row":29,"Column":114,"Box":[496.2788,462.5721,56.8606,10.9416]},{"Row":29,"Column":115,"Box":[496.2788,579.8471,65.1527,10.9416]},{"Row":29,"Column":116,"Box":[496.2788,644.9998,59.2298,10.9416]},{"Row":30,"Column":0,"Box":[507.2203,704.2296,78.7756,14.8493]},{"Row":30,"Column":7,"Box":[507.2203,49.1484,62.7835,14.8493]},{"Row":30,"Column":8,"Box":[507.2203,210.2534,53.3068,14.8493]},{"Row":30,"Column":11,"Box":[507.2203,180.6385,29.6149,14.8493]},{"Row":30,"Column":15,"Box":[507.2203,111.932,68.7065,14.8493]},{"Row":30,"Column":19,"Box":[507.2203,263.5601,199.012,14.8493]},{"Row":30,"Column":100,"Box":[507.2203,519.4327,60.4144,14.8493]},{"Row":30,"Column":113,"Box":[507.2203,18.9535,30.1949,14.8493]},{"Row":30,"Column":114,"Box":[507.2203,462.5721,56.8606,14.8493]},{"Row":30,"Column":115,"Box":[507.2203,579.8471,65.1527,14.8493]},{"Row":30,"Column":116,"Box":[507.2203,644.9998,59.2298,14.8493]},{"Row":31,"Column":0,"Box":[522.0696,704.2296,78.7756,12.5047]},{"Row":31,"Column":7,"Box":[522.0696,49.1484,62.7835,12.5047]},{"Row":31,"Column":8,"Box":[522.0696,210.2534,53.3068,12.5047]},{"Row":31,"Column":11,"Box":[522.0696,180.6385,29.6149,12.5047]},{"Row":31,"Column":15,"Box":[522.0696,111.932,68.7065,12.5047]},{"Row":31,"Column":19,"Box":[522.0696,263.5601,199.012,12.5047]},{"Row":31,"Column":100,"Box":[522.0696,519.4327,60.4144,12.5047]},{"Row":31,"Column":113,"Box":[522.0696,18.9535,30.1949,12.5047]},{"Row":31,"Column":114,"Box":[522.0696,462.5721,56.8606,12.5047]},{"Row":31,"Column":115,"Box":[522.0696,579.8471,65.1527,12.5047]},{"Row":31,"Column":116,"Box":[522.0696,644.9998,59.2298,12.5047]},{"Row":32,"Column":0,"Box":[534.5743,704.2296,78.7756,12.5047]},{"Row":32,"Column":7,"Box":[534.5743,49.1484,62.7835,12.5047]},{"Row":32,"Column":8,"Box":[534.5743,210.2534,53.3068,12.5047]},{"Row":32,"Column":11,"Box":[534.5743,180.6385,29.6149,12.5047]},{"Row":32,"Column":15,"Box":[534.5743,111.932,68.7065,12.5047]},{"Row":32,"Column":19,"Box":[534.5743,263.5601,199.012,12.5047]},{"Row":32,"Column":100,"Box":[534.5743,519.4327,60.4144,12.5047]},{"Row":32,"Column":113,"Box":[534.5743,18.9535,30.1949,12.5047]},{"Row":32,"Column":114,"Box":[534.5743,462.5721,56.8606,12.5047]},{"Row":32,"Column":115,"Box":[534.5743,579.8471,65.1527,12.5047]},{"Row":32,"Column":116,"Box":[534.5743,644.9998,59.2298,12.5047]},{"Row":33,"Column":0,"Box":[547.0789,704.2296,78.7756,14.8493]},{"Row":33,"Column":7,"Box":[547.0789,49.1484,62.7835,14.8493]},{"Row":33,"Column":8,"Box":[547.0789,210.2534,53.3068,14.8493]},{"Row":33,"Column":11,"Box":[547.0789,180.6385,29.6149,14.8493]},{"Row":33,"Column":15,"Box":[547.0789,111.932,68.7065,14.8493]},{"Row":33,"Column":19,"Box":[547.0789,263.5601,199.012,14.8493]},{"Row":33,"Column":100,"Box":[547.0789,519.4327,60.4144,14.8493]},{"Row":33,"Column":113,"Box":[547.0789,18.9535,30.1949,14.8493]},{"Row":33,"Column":114,"Box":[547.0789,462.5721,56.8606,14.8493]},{"Row":33,"Column":115,"Box":[547.0789,579.8471,65.1527,14.8493]},{"Row":33,"Column":116,"Box":[547.0789,644.9998,59.2298,14.8493]},{"Row":34,"Column":0,"Box":[561.9282,704.2296,78.7756,14.0677]},{"Row":34,"Column":7,"Box":[561.9282,49.1484,62.7835,14.0677]},{"Row":34,"Column":8,"Box":[561.9282,210.2534,53.3068,14.0677]},{"Row":34,"Column":11,"Box":[561.9282,180.6385,29.6149,14.0677]},{"Row":34,"Column":15,"Box":[561.9282,111.932,68.7065,14.0677]},{"Row":34,"Column":19,"Box":[561.9282,263.5601,199.012,14.0677]},{"Row":34,"Column":100,"Box":[561.9282,519.4327,60.4144,14.0677]},{"Row":34,"Column":113,"Box":[561.9282,18.9535,30.1949,14.0677]},{"Row":34,"Column":114,"Box":[561.9282,462.5721,56.8606,14.0677]},{"Row":34,"Column":115,"Box":[561.9282,579.8471,65.1527,14.0677]},{"Row":34,"Column":116,"Box":[561.9282,644.9998,59.2298,14.0677]},{"Row":35,"Column":0,"Box":[575.996,704.2296,78.7756,13.2862]},{"Row":35,"Column":7,"Box":[575.996,49.1484,62.7835,13.2862]},{"Row":35,"Column":8,"Box":[575.996,210.2534,53.3068,13.2862]},{"Row":35,"Column":11,"Box":[575.996,180.6385,29.6149,13.2862]},{"Row":35,"Column":15,"Box":[575.996,111.932,68.7065,13.2862]},{"Row":35,"Column":19,"Box":[575.996,263.5601,199.012,13.2862]},{"Row":35,"Column":100,"Box":[575.996,519.4327,60.4144,13.2862]},{"Row":35,"Column":113,"Box":[575.996,18.9535,30.1949,13.2862]},{"Row":35,"Column":114,"Box":[575.996,462.5721,56.8606,13.2862]},{"Row":35,"Column":115,"Box":[575.996,579.8471,65.1527,13.2862]},{"Row":35,"Column":116,"Box":[575.996,644.9998,59.2298,13.2862]},{"Row":36,"Column":0,"Box":[589.2822,704.2296,78.7756,10.1107]},{"Row":36,"Column":7,"Box":[589.2822,49.1484,62.7835,10.1107]},{"Row":36,"Column":8,"Box":[589.2822,210.2534,53.3068,10.1107]},{"Row":36,"Column":11,"Box":[589.2822,180.6385,29.6149,10.1107]},{"Row":36,"Column":15,"Box":[589.2822,111.932,68.7065,10.1107]},{"Row":36,"Column":19,"Box":[589.2822,263.5601,199.012,10.1107]},{"Row":36,"Column":100,"Box":[589.2822,519.4327,60.4144,10.1107]},{"Row":36,"Column":113,"Box":[589.2822,18.9535,30.1949,10.1107]},{"Row":36,"Column":114,"Box":[589.2822,462.5721,56.8606,10.1107]},{"Row":36,"Column":115,"Box":[589.2822,579.8471,65.1527,10.1107]},{"Row":36,"Column":116,"Box":[589.2822,644.9998,59.2298,10.1107]}]}]}],"AnchorBasedConfiguration":{"AnchorBasedFieldConfiguration":[]}}