{"DocumentId":"Loss Run AmTrust PKG UMB 16-20 aso 6.30.20 Page 1","ContentType":"application/pdf","Length":2073,"Pages":[{"PageIndex":0,"Size":[0.0,0.0,792.0,612.0],"Sections":[{"IndexInText":0,"Language":"eng","Length":22,"Rotation":"None","SkewAngle":0.0,"Type":"Paragraph","WordGroups":[{"IndexInText":0,"Length":22,"Type":"Heading","Words":[{"Box":[111.8552,24.0,18.4076,9.7572],"Polygon":[24.0,111.8552,42.4076,111.8552,42.4076,121.6124,24.0,121.6124],"IndexInText":0,"OcrConfidence":1.0,"Text":"Claim","VisualLineNumber":4},{"Box":[111.8552,44.1701,8.6151,9.7572],"Polygon":[44.1701,111.8552,52.7852,111.8552,52.7852,121.6124,44.1701,121.6124],"IndexInText":6,"OcrConfidence":1.0,"Text":"No","VisualLineNumber":4},{"Box":[123.8552,24.0,18.4075,9.7572],"Polygon":[24.0,123.8552,42.4075,123.8552,42.4075,133.6124,24.0,133.6124],"IndexInText":9,"OcrConfidence":1.0,"Text":"Policy","VisualLineNumber":5},{"Box":[123.8552,44.17,25.0628,9.7572],"Polygon":[44.17,123.8552,69.2328,123.8552,69.2328,133.6124,44.17,133.6124],"IndexInText":16,"OcrConfidence":1.0,"Text":"Number","VisualLineNumber":5}]}]},{"IndexInText":24,"Language":"eng","Length":11,"Rotation":"None","SkewAngle":0.0,"Type":"Paragraph","WordGroups":[{"IndexInText":24,"Length":11,"Type":"Heading","Words":[{"Box":[147.8552,24.0,31.718,9.7572],"Polygon":[24.0,147.8552,55.718,147.8552,55.718,157.6124,24.0,157.6124],"IndexInText":24,"OcrConfidence":1.0,"Text":"Converted","VisualLineNumber":7},{"Box":[147.8552,57.4805,3.525,9.7572],"Polygon":[57.4805,147.8552,61.0055,147.8552,61.0055,157.6124,57.4805,157.6124],"IndexInText":34,"OcrConfidence":1.0,"Text":"#","VisualLineNumber":7}]}]},{"IndexInText":37,"Language":"eng","Length":23,"Rotation":"None","SkewAngle":0.0,"Type":"Paragraph","WordGroups":[{"IndexInText":37,"Length":23,"Type":"Other","Words":[{"Box":[194.818,24.0,24.675,9.4964],"Polygon":[24.0,194.818,48.675,194.818,48.675,204.3144,24.0,204.3144],"IndexInText":37,"OcrConfidence":1.0,"Text":"2542934","VisualLineNumber":8},{"Box":[194.818,67.7625,3.525,9.4964],"Polygon":[67.7625,194.818,71.2875,194.818,71.2875,204.3144,67.7625,204.3144],"IndexInText":45,"OcrConfidence":1.0,"Text":"1","VisualLineNumber":8},{"Box":[206.818,24.0,48.5674,9.4964],"Polygon":[24.0,206.818,72.5674,206.818,72.5674,216.3144,24.0,216.3144],"IndexInText":47,"OcrConfidence":1.0,"Text":"WPP1154760-02","VisualLineNumber":9}]}]},{"IndexInText":62,"Language":"eng","Length":23,"Rotation":"None","SkewAngle":0.0,"Type":"Paragraph","WordGroups":[{"IndexInText":62,"Length":23,"Type":"Other","Words":[{"Box":[279.818,24.0,24.675,9.4964],"Polygon":[24.0,279.818,48.675,279.818,48.675,289.3144,24.0,289.3144],"IndexInText":62,"OcrConfidence":1.0,"Text":"2542934","VisualLineNumber":13},{"Box":[279.818,67.7625,3.525,9.4964],"Polygon":[67.7625,279.818,71.2875,279.818,71.2875,289.3144,67.7625,289.3144],"IndexInText":70,"OcrConfidence":1.0,"Text":"2","VisualLineNumber":13},{"Box":[291.818,24.0,48.5674,9.4964],"Polygon":[24.0,291.818,72.5674,291.818,72.5674,301.3144,24.0,301.3144],"IndexInText":72,"OcrConfidence":1.0,"Text":"WPP1154760-02","VisualLineNumber":14}]}]},{"IndexInText":87,"Language":"eng","Length":23,"Rotation":"None","SkewAngle":0.0,"Type":"Paragraph","WordGroups":[{"IndexInText":87,"Length":23,"Type":"Other","Words":[{"Box":[364.818,24.0,24.675,9.4964],"Polygon":[24.0,364.818,48.675,364.818,48.675,374.3144,24.0,374.3144],"IndexInText":87,"OcrConfidence":1.0,"Text":"2692708","VisualLineNumber":18},{"Box":[364.818,67.7625,3.525,9.4964],"Polygon":[67.7625,364.818,71.2875,364.818,71.2875,374.3144,67.7625,374.3144],"IndexInText":95,"OcrConfidence":1.0,"Text":"1","VisualLineNumber":18},{"Box":[376.818,24.0,48.5675,9.4964],"Polygon":[24.0,376.818,72.5675,376.818,72.5675,386.3144,24.0,386.3144],"IndexInText":97,"OcrConfidence":1.0,"Text":"WPP1154760-02","VisualLineNumber":19}]}]},{"IndexInText":112,"Language":"eng","Length":23,"Rotation":"None","SkewAngle":0.0,"Type":"Paragraph","WordGroups":[{"IndexInText":112,"Length":23,"Type":"Other","Words":[{"Box":[449.818,24.0,24.675,9.4964],"Polygon":[24.0,449.818,48.675,449.818,48.675,459.3144,24.0,459.3144],"IndexInText":112,"OcrConfidence":1.0,"Text":"2695519","VisualLineNumber":23},{"Box":[449.818,67.7625,3.525,9.4964],"Polygon":[67.7625,449.818,71.2875,449.818,71.2875,459.3144,67.7625,459.3144],"IndexInText":120,"OcrConfidence":1.0,"Text":"1","VisualLineNumber":23},{"Box":[461.818,24.0,48.5674,9.4964],"Polygon":[24.0,461.818,72.5674,461.818,72.5674,471.3144,24.0,471.3144],"IndexInText":122,"OcrConfidence":1.0,"Text":"WPP1154760-02","VisualLineNumber":24}]}]},{"IndexInText":137,"Language":"eng","Length":14,"Rotation":"None","SkewAngle":0.0,"Type":"Paragraph","WordGroups":[{"IndexInText":137,"Length":14,"Type":"Other","Words":[{"Box":[24.7552,156.0,21.1429,9.7572],"Polygon":[156.0,24.7552,177.1429,24.7552,177.1429,34.5124,156.0,34.5124],"IndexInText":137,"OcrConfidence":1.0,"Text":"Report","VisualLineNumber":0},{"Box":[24.7552,178.9055,10.1801,9.7572],"Polygon":[178.9055,24.7552,189.0856,24.7552,189.0856,34.5124,178.9055,34.5124],"IndexInText":144,"OcrConfidence":1.0,"Text":"ID:","VisualLineNumber":0},{"Box":[23.718,205.7625,10.575,9.4964],"Polygon":[205.7625,23.718,216.3375,23.718,216.3375,33.2144,205.7625,33.2144],"IndexInText":148,"OcrConfidence":1.0,"Text":"826","VisualLineNumber":0}]}]},{"IndexInText":153,"Language":"nor","Length":15,"Rotation":"None","SkewAngle":0.0,"Type":"Paragraph","WordGroups":[{"IndexInText":153,"Length":15,"Type":"Other","Words":[{"Box":[36.7552,156.0,12.9297,9.7572],"Polygon":[156.0,36.7552,168.9297,36.7552,168.9297,46.5124,156.0,46.5124],"IndexInText":153,"OcrConfidence":1.0,"Text":"Run","VisualLineNumber":1},{"Box":[36.7552,170.6922,10.1802,9.7572],"Polygon":[170.6922,36.7552,180.8724,36.7552,180.8724,46.5124,170.6922,46.5124],"IndexInText":157,"OcrConfidence":1.0,"Text":"ID:","VisualLineNumber":1},{"Box":[35.718,205.7625,24.675,9.4964],"Polygon":[205.7625,35.718,230.4375,35.718,230.4375,45.2144,205.7625,45.2144],"IndexInText":161,"OcrConfidence":1.0,"Text":"8794066","VisualLineNumber":1}]}]},{"IndexInText":170,"Language":"eng","Length":5,"Rotation":"None","SkewAngle":0.0,"Type":"Paragraph","WordGroups":[{"IndexInText":170,"Length":5,"Type":"Other","Words":[{"Box":[48.7552,156.0,16.4406,9.7572],"Polygon":[156.0,48.7552,172.4406,48.7552,172.4406,58.5124,156.0,58.5124],"IndexInText":170,"OcrConfidence":1.0,"Text":"User:","VisualLineNumber":2}]}]},{"IndexInText":177,"Language":"eng","Length":56,"Rotation":"None","SkewAngle":0.0,"Type":"Paragraph","WordGroups":[{"IndexInText":177,"Length":27,"Type":"Heading","Words":[{"Box":[111.8552,84.0,28.2001,9.7572],"Polygon":[84.0,111.8552,112.2001,111.8552,112.2001,121.6124,84.0,121.6124],"IndexInText":177,"OcrConfidence":1.0,"Text":"Claimant","VisualLineNumber":4},{"Box":[123.8552,84.0,11.555,9.7572],"Polygon":[84.0,123.8552,95.555,123.8552,95.555,133.6124,84.0,133.6124],"IndexInText":186,"OcrConfidence":1.0,"Text":"Pol.","VisualLineNumber":5},{"Box":[123.8552,97.3175,9.3977,9.7572],"Polygon":[97.3175,123.8552,106.7152,123.8552,106.7152,133.6124,97.3175,133.6124],"IndexInText":191,"OcrConfidence":1.0,"Text":"Eff","VisualLineNumber":5},{"Box":[123.8552,108.4776,14.093,9.7572],"Polygon":[108.4776,123.8552,122.5706,123.8552,122.5706,133.6124,108.4776,133.6124],"IndexInText":195,"OcrConfidence":1.0,"Text":"Date","VisualLineNumber":5},{"Box":[123.8552,144.0,11.555,9.7572],"Polygon":[144.0,123.8552,155.555,123.8552,155.555,133.6124,144.0,133.6124],"IndexInText":200,"OcrConfidence":1.0,"Text":"Pol.","VisualLineNumber":5}]},{"IndexInText":205,"Length":28,"Type":"Heading","Words":[{"Box":[123.8552,157.3174,12.1472,9.7572],"Polygon":[157.3174,123.8552,169.4646,123.8552,169.4646,133.6124,157.3174,133.6124],"IndexInText":205,"OcrConfidence":1.0,"Text":"Exp","VisualLineNumber":5},{"Box":[123.8552,171.2271,14.0929,9.7572],"Polygon":[171.2271,123.8552,185.32,123.8552,185.32,133.6124,171.2271,133.6124],"IndexInText":209,"OcrConfidence":1.0,"Text":"Date","VisualLineNumber":5},{"Box":[135.8552,84.0,20.7552,9.7572],"Polygon":[84.0,135.8552,104.7552,135.8552,104.7552,145.6124,84.0,145.6124],"IndexInText":214,"OcrConfidence":1.0,"Text":"Cancel","VisualLineNumber":6},{"Box":[135.8552,106.5177,14.093,9.7572],"Polygon":[106.5177,135.8552,120.6107,135.8552,120.6107,145.6124,106.5177,145.6124],"IndexInText":221,"OcrConfidence":1.0,"Text":"Date","VisualLineNumber":6},{"Box":[147.8552,84.0,23.5047,9.7572],"Polygon":[84.0,147.8552,107.5047,147.8552,107.5047,157.6124,84.0,157.6124],"IndexInText":226,"OcrConfidence":1.0,"Text":"Insured","VisualLineNumber":7}]}]},{"IndexInText":235,"Language":"eng","Length":34,"Rotation":"None","SkewAngle":0.0,"Type":"Paragraph","WordGroups":[{"IndexInText":235,"Length":34,"Type":"Other","Words":[{"Box":[194.818,84.0,23.8855,9.4964],"Polygon":[84.0,194.818,107.8855,194.818,107.8855,204.3144,84.0,204.3144],"IndexInText":235,"OcrConfidence":1.0,"Text":"Services","VisualLineNumber":8},{"Box":[194.818,109.6479,8.2204,9.4964],"Polygon":[109.6479,194.818,117.8683,194.818,117.8683,204.3144,109.6479,204.3144],"IndexInText":244,"OcrConfidence":1.0,"Text":"for","VisualLineNumber":8},{"Box":[194.818,119.6307,8.6151,9.4964],"Polygon":[119.6307,194.818,128.2458,194.818,128.2458,204.3144,119.6307,204.3144],"IndexInText":248,"OcrConfidence":1.0,"Text":"the","VisualLineNumber":8},{"Box":[194.818,130.0083,38.9583,9.4964],"Polygon":[130.0083,194.818,168.9666,194.818,168.9666,204.3144,130.0083,204.3144],"IndexInText":252,"OcrConfidence":1.0,"Text":"UnderServed,","VisualLineNumber":8},{"Box":[194.818,170.7291,10.7654,9.4964],"Polygon":[170.7291,194.818,181.4945,194.818,181.4945,204.3144,170.7291,204.3144],"IndexInText":265,"OcrConfidence":1.0,"Text":"Inc.","VisualLineNumber":8}]}]},{"IndexInText":271,"Language":"eng","Length":34,"Rotation":"None","SkewAngle":0.0,"Type":"Paragraph","WordGroups":[{"IndexInText":271,"Length":34,"Type":"Other","Words":[{"Box":[231.968,84.0,23.8855,9.4964],"Polygon":[84.0,231.968,107.8855,231.968,107.8855,241.4644,84.0,241.4644],"IndexInText":271,"OcrConfidence":1.0,"Text":"Services","VisualLineNumber":11},{"Box":[231.968,109.6479,8.2204,9.4964],"Polygon":[109.6479,231.968,117.8683,231.968,117.8683,241.4644,109.6479,241.4644],"IndexInText":280,"OcrConfidence":1.0,"Text":"for","VisualLineNumber":11},{"Box":[231.968,119.6307,8.6151,9.4964],"Polygon":[119.6307,231.968,128.2458,231.968,128.2458,241.4644,119.6307,241.4644],"IndexInText":284,"OcrConfidence":1.0,"Text":"the","VisualLineNumber":11},{"Box":[231.968,130.0083,38.9583,9.4964],"Polygon":[130.0083,231.968,168.9666,231.968,168.9666,241.4644,130.0083,241.4644],"IndexInText":288,"OcrConfidence":1.0,"Text":"UnderServed,","VisualLineNumber":11},{"Box":[242.468,84.0,10.7654,9.4964],"Polygon":[84.0,242.468,94.7654,242.468,94.7654,251.9644,84.0,251.9644],"IndexInText":301,"OcrConfidence":1.0,"Text":"Inc.","VisualLineNumber":12}]}]},{"IndexInText":307,"Language":"fra","Length":18,"Rotation":"None","SkewAngle":0.0,"Type":"Paragraph","WordGroups":[{"IndexInText":307,"Length":18,"Type":"Heading","Words":[{"Box":[279.818,84.0,11.7524,9.4964],"Polygon":[84.0,279.818,95.7524,279.818,95.7524,289.3144,84.0,289.3144],"IndexInText":307,"OcrConfidence":1.0,"Text":"SAJ","VisualLineNumber":13},{"Box":[279.818,97.5149,41.5104,9.4964],"Polygon":[97.5149,279.818,139.0253,279.818,139.0253,289.3144,97.5149,289.3144],"IndexInText":311,"OcrConfidence":1.0,"Text":"Transportation","VisualLineNumber":13}]}]},{"IndexInText":327,"Language":"eng","Length":34,"Rotation":"None","SkewAngle":0.0,"Type":"Paragraph","WordGroups":[{"IndexInText":327,"Length":34,"Type":"Other","Words":[{"Box":[316.968,84.0,23.8855,9.4964],"Polygon":[84.0,316.968,107.8855,316.968,107.8855,326.4644,84.0,326.4644],"IndexInText":327,"OcrConfidence":1.0,"Text":"Services","VisualLineNumber":16},{"Box":[316.968,109.6479,8.2204,9.4964],"Polygon":[109.6479,316.968,117.8683,316.968,117.8683,326.4644,109.6479,326.4644],"IndexInText":336,"OcrConfidence":1.0,"Text":"for","VisualLineNumber":16},{"Box":[316.968,119.6307,8.6151,9.4964],"Polygon":[119.6307,316.968,128.2458,316.968,128.2458,326.4644,119.6307,326.4644],"IndexInText":340,"OcrConfidence":1.0,"Text":"the","VisualLineNumber":16},{"Box":[316.968,130.0083,38.9583,9.4964],"Polygon":[130.0083,316.968,168.9666,316.968,168.9666,326.4644,130.0083,326.4644],"IndexInText":344,"OcrConfidence":1.0,"Text":"UnderServed,","VisualLineNumber":16},{"Box":[327.468,84.0,10.7654,9.4964],"Polygon":[84.0,327.468,94.7654,327.468,94.7654,336.9644,84.0,336.9644],"IndexInText":357,"OcrConfidence":1.0,"Text":"Inc.","VisualLineNumber":17}]}]},{"IndexInText":363,"Language":"eng","Length":16,"Rotation":"None","SkewAngle":0.0,"Type":"Paragraph","WordGroups":[{"IndexInText":363,"Length":16,"Type":"Heading","Words":[{"Box":[364.818,84.0,29.3703,9.4964],"Polygon":[84.0,364.818,113.3703,364.818,113.3703,374.3144,84.0,374.3144],"IndexInText":363,"OcrConfidence":1.0,"Text":"Showayne","VisualLineNumber":18},{"Box":[364.818,116.8953,24.2802,9.4964],"Polygon":[116.8953,364.818,141.1755,364.818,141.1755,374.3144,116.8953,374.3144],"IndexInText":372,"OcrConfidence":1.0,"Text":"Modeste","VisualLineNumber":18}]}]},{"IndexInText":381,"Language":"eng","Length":34,"Rotation":"None","SkewAngle":0.0,"Type":"Paragraph","WordGroups":[{"IndexInText":381,"Length":34,"Type":"Other","Words":[{"Box":[401.968,84.0,23.8854,9.4964],"Polygon":[84.0,401.968,107.8854,401.968,107.8854,411.4644,84.0,411.4644],"IndexInText":381,"OcrConfidence":1.0,"Text":"Services","VisualLineNumber":21},{"Box":[401.968,109.6479,8.2203,9.4964],"Polygon":[109.6479,401.968,117.8682,401.968,117.8682,411.4644,109.6479,411.4644],"IndexInText":390,"OcrConfidence":1.0,"Text":"for","VisualLineNumber":21},{"Box":[401.968,119.6307,8.6151,9.4964],"Polygon":[119.6307,401.968,128.2458,401.968,128.2458,411.4644,119.6307,411.4644],"IndexInText":394,"OcrConfidence":1.0,"Text":"the","VisualLineNumber":21},{"Box":[401.968,130.0083,38.9583,9.4964],"Polygon":[130.0083,401.968,168.9666,401.968,168.9666,411.4644,130.0083,411.4644],"IndexInText":398,"OcrConfidence":1.0,"Text":"UnderServed,","VisualLineNumber":21},{"Box":[412.468,84.0,10.7653,9.4964],"Polygon":[84.0,412.468,94.7653,412.468,94.7653,421.9644,84.0,421.9644],"IndexInText":411,"OcrConfidence":1.0,"Text":"Inc.","VisualLineNumber":22}]}]},{"IndexInText":417,"Language":"eng","Length":15,"Rotation":"None","SkewAngle":0.0,"Type":"Paragraph","WordGroups":[{"IndexInText":417,"Length":15,"Type":"Heading","Words":[{"Box":[449.818,84.0,22.7152,9.4964],"Polygon":[84.0,449.818,106.7152,449.818,106.7152,459.3144,84.0,459.3144],"IndexInText":417,"OcrConfidence":1.0,"Text":"Thomas","VisualLineNumber":23},{"Box":[449.818,108.4776,25.4575,9.4964],"Polygon":[108.4776,449.818,133.9351,449.818,133.9351,459.3144,108.4776,459.3144],"IndexInText":424,"OcrConfidence":1.0,"Text":"Stephens","VisualLineNumber":23}]}]},{"IndexInText":434,"Language":"eng","Length":34,"Rotation":"None","SkewAngle":0.0,"Type":"Paragraph","WordGroups":[{"IndexInText":434,"Length":34,"Type":"Other","Words":[{"Box":[486.968,84.0,23.8855,9.4964],"Polygon":[84.0,486.968,107.8855,486.968,107.8855,496.4644,84.0,496.4644],"IndexInText":434,"OcrConfidence":1.0,"Text":"Services","VisualLineNumber":26},{"Box":[486.968,109.6479,8.2204,9.4964],"Polygon":[109.6479,486.968,117.8683,486.968,117.8683,496.4644,109.6479,496.4644],"IndexInText":443,"OcrConfidence":1.0,"Text":"for","VisualLineNumber":26},{"Box":[486.968,119.6307,8.6151,9.4964],"Polygon":[119.6307,486.968,128.2458,486.968,128.2458,496.4644,119.6307,496.4644],"IndexInText":447,"OcrConfidence":1.0,"Text":"the","VisualLineNumber":26},{"Box":[486.968,130.0083,38.9583,9.4964],"Polygon":[130.0083,486.968,168.9666,486.968,168.9666,496.4644,130.0083,496.4644],"IndexInText":451,"OcrConfidence":1.0,"Text":"UnderServed,","VisualLineNumber":26},{"Box":[497.468,84.0,10.7654,9.4964],"Polygon":[84.0,497.468,94.7654,497.468,94.7654,506.9644,84.0,506.9644],"IndexInText":464,"OcrConfidence":1.0,"Text":"Inc.","VisualLineNumber":27}]}]},{"IndexInText":470,"Language":"ita","Length":5,"Rotation":"None","SkewAngle":0.0,"Type":"Paragraph","WordGroups":[{"IndexInText":470,"Length":5,"Type":"Other","Words":[{"Box":[47.718,204.0,17.2302,9.4964],"Polygon":[204.0,47.718,221.2302,47.718,221.2302,57.2144,204.0,57.2144],"IndexInText":470,"OcrConfidence":1.0,"Text":"cobb7","VisualLineNumber":2}]}]},{"IndexInText":477,"Language":"eng","Length":33,"Rotation":"None","SkewAngle":0.0,"Type":"Paragraph","WordGroups":[{"IndexInText":477,"Length":33,"Type":"Heading","Words":[{"Box":[111.8552,198.0,15.2773,9.7572],"Polygon":[198.0,111.8552,213.2773,111.8552,213.2773,121.6124,198.0,121.6124],"IndexInText":477,"OcrConfidence":1.0,"Text":"DOL","VisualLineNumber":4},{"Box":[123.8552,198.0,13.7122,9.7572],"Polygon":[198.0,123.8552,211.7122,123.8552,211.7122,133.6124,198.0,133.6124],"IndexInText":481,"OcrConfidence":1.0,"Text":"Loss","VisualLineNumber":5},{"Box":[123.8552,213.4747,6.2675,9.7572],"Polygon":[213.4747,123.8552,219.7422,123.8552,219.7422,133.6124,213.4747,133.6124],"IndexInText":486,"OcrConfidence":1.0,"Text":"St","VisualLineNumber":5},{"Box":[135.8552,198.0,14.093,9.7572],"Polygon":[198.0,135.8552,212.093,135.8552,212.093,145.6124,198.0,145.6124],"IndexInText":489,"OcrConfidence":1.0,"Text":"Date","VisualLineNumber":6},{"Box":[135.8552,213.8555,15.6651,9.7572],"Polygon":[213.8555,135.8552,229.5206,135.8552,229.5206,145.6124,213.8555,145.6124],"IndexInText":494,"OcrConfidence":1.0,"Text":"Rcvd","VisualLineNumber":6},{"Box":[147.8552,198.0,20.3675,9.7572],"Polygon":[198.0,147.8552,218.3675,147.8552,218.3675,157.6124,198.0,157.6124],"IndexInText":499,"OcrConfidence":1.0,"Text":"Closed","VisualLineNumber":7},{"Box":[147.8552,220.13,14.0929,9.7572],"Polygon":[220.13,147.8552,234.2229,147.8552,234.2229,157.6124,220.13,157.6124],"IndexInText":506,"OcrConfidence":1.0,"Text":"Date","VisualLineNumber":7}]}]},{"IndexInText":512,"Language":"pol","Length":35,"Rotation":"None","SkewAngle":0.0,"Type":"Paragraph","WordGroups":[{"IndexInText":512,"Length":35,"Type":"Other","Words":[{"Box":[194.818,198.0,32.1198,9.4964],"Polygon":[198.0,194.818,230.1198,194.818,230.1198,204.3144,198.0,204.3144],"IndexInText":512,"OcrConfidence":1.0,"Text":"02/08/2017","VisualLineNumber":8},{"Box":[206.968,198.0,10.1802,9.4964],"Polygon":[198.0,206.968,208.1802,206.968,208.1802,216.4644,198.0,216.4644],"IndexInText":523,"OcrConfidence":1.0,"Text":"NY","VisualLineNumber":9},{"Box":[219.668,198.0,32.1198,9.4964],"Polygon":[198.0,219.668,230.1198,219.668,230.1198,229.1644,198.0,229.1644],"IndexInText":526,"OcrConfidence":1.0,"Text":"04/05/2017","VisualLineNumber":10},{"Box":[231.068,198.0,32.1198,9.4964],"Polygon":[198.0,231.068,230.1198,231.068,230.1198,240.5644,198.0,240.5644],"IndexInText":537,"OcrConfidence":1.0,"Text":"04/06/2017","VisualLineNumber":11}]}]},{"IndexInText":549,"Language":"pol","Length":35,"Rotation":"None","SkewAngle":0.0,"Type":"Paragraph","WordGroups":[{"IndexInText":549,"Length":35,"Type":"Other","Words":[{"Box":[279.818,198.0,32.1198,9.4964],"Polygon":[198.0,279.818,230.1198,279.818,230.1198,289.3144,198.0,289.3144],"IndexInText":549,"OcrConfidence":1.0,"Text":"02/08/2017","VisualLineNumber":13},{"Box":[291.968,198.0,10.1802,9.4964],"Polygon":[198.0,291.968,208.1802,291.968,208.1802,301.4644,198.0,301.4644],"IndexInText":560,"OcrConfidence":1.0,"Text":"NY","VisualLineNumber":14},{"Box":[304.668,198.0,32.1198,9.4964],"Polygon":[198.0,304.668,230.1198,304.668,230.1198,314.1644,198.0,314.1644],"IndexInText":563,"OcrConfidence":1.0,"Text":"04/05/2017","VisualLineNumber":15},{"Box":[316.068,198.0,32.1198,9.4964],"Polygon":[198.0,316.068,230.1198,316.068,230.1198,325.5644,198.0,325.5644],"IndexInText":574,"OcrConfidence":1.0,"Text":"05/03/2017","VisualLineNumber":16}]}]},{"IndexInText":586,"Language":"pol","Length":35,"Rotation":"None","SkewAngle":0.0,"Type":"Paragraph","WordGroups":[{"IndexInText":586,"Length":35,"Type":"Other","Words":[{"Box":[364.818,198.0,32.1198,9.4964],"Polygon":[198.0,364.818,230.1198,364.818,230.1198,374.3144,198.0,374.3144],"IndexInText":586,"OcrConfidence":1.0,"Text":"02/05/2017","VisualLineNumber":18},{"Box":[376.968,198.0,10.1802,9.4964],"Polygon":[198.0,376.968,208.1802,376.968,208.1802,386.4644,198.0,386.4644],"IndexInText":597,"OcrConfidence":1.0,"Text":"NY","VisualLineNumber":19},{"Box":[389.668,198.0,32.1198,9.4964],"Polygon":[198.0,389.668,230.1198,389.668,230.1198,399.1644,198.0,399.1644],"IndexInText":600,"OcrConfidence":1.0,"Text":"05/04/2017","VisualLineNumber":20},{"Box":[401.068,198.0,32.1198,9.4964],"Polygon":[198.0,401.068,230.1198,401.068,230.1198,410.5644,198.0,410.5644],"IndexInText":611,"OcrConfidence":1.0,"Text":"08/10/2018","VisualLineNumber":21}]}]},{"IndexInText":623,"Language":"pol","Length":35,"Rotation":"None","SkewAngle":0.0,"Type":"Paragraph","WordGroups":[{"IndexInText":623,"Length":35,"Type":"Other","Words":[{"Box":[449.818,198.0,32.1198,9.4964],"Polygon":[198.0,449.818,230.1198,449.818,230.1198,459.3144,198.0,459.3144],"IndexInText":623,"OcrConfidence":1.0,"Text":"04/22/2017","VisualLineNumber":23},{"Box":[461.968,198.0,10.1802,9.4964],"Polygon":[198.0,461.968,208.1802,461.968,208.1802,471.4644,198.0,471.4644],"IndexInText":634,"OcrConfidence":1.0,"Text":"NY","VisualLineNumber":24},{"Box":[474.668,198.0,32.1198,9.4964],"Polygon":[198.0,474.668,230.1198,474.668,230.1198,484.1644,198.0,484.1644],"IndexInText":637,"OcrConfidence":1.0,"Text":"05/09/2017","VisualLineNumber":25},{"Box":[486.068,198.0,32.1198,9.4964],"Polygon":[198.0,486.068,230.1198,486.068,230.1198,495.5644,198.0,495.5644],"IndexInText":648,"OcrConfidence":1.0,"Text":"05/16/2017","VisualLineNumber":26}]}]},{"IndexInText":660,"Language":"eng","Length":27,"Rotation":"None","SkewAngle":0.0,"Type":"Paragraph","WordGroups":[{"IndexInText":660,"Length":27,"Type":"Heading","Words":[{"Box":[123.8552,246.0,18.4076,9.7572],"Polygon":[246.0,123.8552,264.4076,123.8552,264.4076,133.6124,246.0,133.6124],"IndexInText":660,"OcrConfidence":1.0,"Text":"Claim","VisualLineNumber":5},{"Box":[123.8552,266.1701,15.2773,9.7572],"Polygon":[266.1701,123.8552,281.4474,123.8552,281.4474,133.6124,266.1701,133.6124],"IndexInText":666,"OcrConfidence":1.0,"Text":"Type","VisualLineNumber":5},{"Box":[135.8552,246.0,11.7524,9.7572],"Polygon":[246.0,135.8552,257.7524,135.8552,257.7524,145.6124,246.0,145.6124],"IndexInText":671,"OcrConfidence":1.0,"Text":"Lag","VisualLineNumber":6},{"Box":[147.8552,246.0,28.5948,9.7572],"Polygon":[246.0,147.8552,274.5948,147.8552,274.5948,157.6124,246.0,157.6124],"IndexInText":675,"OcrConfidence":1.0,"Text":"Garaging","VisualLineNumber":7},{"Box":[147.8552,276.3573,11.3575,9.7572],"Polygon":[276.3573,147.8552,287.7148,147.8552,287.7148,157.6124,276.3573,157.6124],"IndexInText":684,"OcrConfidence":1.0,"Text":"Loc","VisualLineNumber":7}]}]},{"IndexInText":689,"Language":"fra","Length":19,"Rotation":"None","SkewAngle":0.0,"Type":"Paragraph","WordGroups":[{"IndexInText":689,"Length":19,"Type":"Heading","Words":[{"Box":[206.968,246.0,21.9255,9.4964],"Polygon":[246.0,206.968,267.9255,206.968,267.9255,216.4644,246.0,216.4644],"IndexInText":689,"OcrConfidence":1.0,"Text":"Vehicle","VisualLineNumber":9},{"Box":[206.968,269.688,25.4505,9.4964],"Polygon":[269.688,206.968,295.1385,206.968,295.1385,216.4644,269.688,216.4644],"IndexInText":697,"OcrConfidence":1.0,"Text":"Accident","VisualLineNumber":9},{"Box":[219.668,247.7625,7.05,9.4964],"Polygon":[247.7625,219.668,254.8125,219.668,254.8125,229.1644,247.7625,229.1644],"IndexInText":706,"OcrConfidence":1.0,"Text":"56","VisualLineNumber":10}]}]},{"IndexInText":710,"Language":"fra","Length":19,"Rotation":"None","SkewAngle":0.0,"Type":"Paragraph","WordGroups":[{"IndexInText":710,"Length":19,"Type":"Heading","Words":[{"Box":[291.968,246.0,21.9255,9.4964],"Polygon":[246.0,291.968,267.9255,291.968,267.9255,301.4644,246.0,301.4644],"IndexInText":710,"OcrConfidence":1.0,"Text":"Vehicle","VisualLineNumber":14},{"Box":[291.968,269.688,25.4505,9.4964],"Polygon":[269.688,291.968,295.1385,291.968,295.1385,301.4644,269.688,301.4644],"IndexInText":718,"OcrConfidence":1.0,"Text":"Accident","VisualLineNumber":14},{"Box":[304.668,247.7625,7.05,9.4964],"Polygon":[247.7625,304.668,254.8125,304.668,254.8125,314.1644,247.7625,314.1644],"IndexInText":727,"OcrConfidence":1.0,"Text":"56","VisualLineNumber":15}]}]},{"IndexInText":731,"Language":"eng","Length":20,"Rotation":"None","SkewAngle":0.0,"Type":"Paragraph","WordGroups":[{"IndexInText":731,"Length":20,"Type":"Heading","Words":[{"Box":[376.968,246.0,24.2873,9.4964],"Polygon":[246.0,376.968,270.2873,376.968,270.2873,386.4644,246.0,386.4644],"IndexInText":731,"OcrConfidence":1.0,"Text":"Liability","VisualLineNumber":19},{"Box":[376.968,272.0497,2.3476,9.4964],"Polygon":[272.0497,376.968,274.3973,376.968,274.3973,386.4644,272.0497,386.4644],"IndexInText":741,"OcrConfidence":1.0,"Text":"-","VisualLineNumber":19},{"Box":[376.968,276.1599,16.0528,9.4964],"Polygon":[276.1599,376.968,292.2127,376.968,292.2127,386.4644,276.1599,386.4644],"IndexInText":743,"OcrConfidence":1.0,"Text":"Other","VisualLineNumber":19},{"Box":[389.668,247.7625,7.05,9.4964],"Polygon":[247.7625,389.668,254.8125,389.668,254.8125,399.1644,247.7625,399.1644],"IndexInText":749,"OcrConfidence":1.0,"Text":"88","VisualLineNumber":20}]}]},{"IndexInText":753,"Language":"eng","Length":14,"Rotation":"None","SkewAngle":0.0,"Type":"Paragraph","WordGroups":[{"IndexInText":753,"Length":14,"Type":"Heading","Words":[{"Box":[461.968,246.0,20.3604,9.4964],"Polygon":[246.0,461.968,266.3604,461.968,266.3604,471.4644,246.0,471.4644],"IndexInText":753,"OcrConfidence":1.0,"Text":"Record","VisualLineNumber":24},{"Box":[461.968,268.1229,14.1,9.4964],"Polygon":[268.1229,461.968,282.2229,461.968,282.2229,471.4644,268.1229,471.4644],"IndexInText":760,"OcrConfidence":1.0,"Text":"Only","VisualLineNumber":24},{"Box":[474.668,247.7625,7.05,9.4964],"Polygon":[247.7625,474.668,254.8125,474.668,254.8125,484.1644,247.7625,484.1644],"IndexInText":765,"OcrConfidence":1.0,"Text":"17","VisualLineNumber":25}]}]},{"IndexInText":769,"Language":"eng","Length":19,"Rotation":"None","SkewAngle":0.0,"Type":"Paragraph","WordGroups":[{"IndexInText":769,"Length":19,"Type":"Heading","Words":[{"Box":[111.8552,306.0,18.8024,9.7572],"Polygon":[306.0,111.8552,324.8024,111.8552,324.8024,121.6124,306.0,121.6124],"IndexInText":769,"OcrConfidence":1.0,"Text":"Status","VisualLineNumber":4},{"Box":[123.8552,306.0,14.8897,9.7572],"Polygon":[306.0,123.8552,320.8897,123.8552,320.8897,133.6124,306.0,133.6124],"IndexInText":776,"OcrConfidence":1.0,"Text":"LOB","VisualLineNumber":5},{"Box":[135.8552,306.0,26.6279,9.7572],"Polygon":[306.0,135.8552,332.6279,135.8552,332.6279,145.6124,306.0,145.6124],"IndexInText":780,"OcrConfidence":1.0,"Text":"Adjuster","VisualLineNumber":6}]}]},{"IndexInText":790,"Language":"eng","Length":4,"Rotation":"None","SkewAngle":0.0,"Type":"Paragraph","WordGroups":[{"IndexInText":790,"Length":4,"Type":"Heading","Words":[{"Box":[194.818,306.0,4.7024,9.4964],"Polygon":[306.0,194.818,310.7024,194.818,310.7024,204.3144,306.0,204.3144],"IndexInText":790,"OcrConfidence":1.0,"Text":"C","VisualLineNumber":8},{"Box":[206.968,306.0,9.7924,9.4964],"Polygon":[306.0,206.968,315.7924,206.968,315.7924,216.4644,306.0,216.4644],"IndexInText":792,"OcrConfidence":1.0,"Text":"CA","VisualLineNumber":9}]}]},{"IndexInText":796,"Language":"fra","Length":13,"Rotation":"None","SkewAngle":0.0,"Type":"Paragraph","WordGroups":[{"IndexInText":796,"Length":13,"Type":"Heading","Words":[{"Box":[219.668,306.0,20.3674,9.4964],"Polygon":[306.0,219.668,326.3674,219.668,326.3674,229.1644,306.0,229.1644],"IndexInText":796,"OcrConfidence":1.0,"Text":"Connie","VisualLineNumber":10},{"Box":[219.668,328.1299,19.9726,9.4964],"Polygon":[328.1299,219.668,348.1025,219.668,348.1025,229.1644,328.1299,229.1644],"IndexInText":803,"OcrConfidence":1.0,"Text":"Snyder","VisualLineNumber":10}]}]},{"IndexInText":811,"Language":"eng","Length":4,"Rotation":"None","SkewAngle":0.0,"Type":"Paragraph","WordGroups":[{"IndexInText":811,"Length":4,"Type":"Heading","Words":[{"Box":[279.818,306.0,4.7024,9.4964],"Polygon":[306.0,279.818,310.7024,279.818,310.7024,289.3144,306.0,289.3144],"IndexInText":811,"OcrConfidence":1.0,"Text":"C","VisualLineNumber":13},{"Box":[291.968,306.0,9.7924,9.4964],"Polygon":[306.0,291.968,315.7924,291.968,315.7924,301.4644,306.0,301.4644],"IndexInText":813,"OcrConfidence":1.0,"Text":"CA","VisualLineNumber":14}]}]},{"IndexInText":817,"Language":"fra","Length":13,"Rotation":"None","SkewAngle":0.0,"Type":"Paragraph","WordGroups":[{"IndexInText":817,"Length":13,"Type":"Heading","Words":[{"Box":[304.668,306.0,20.3674,9.4964],"Polygon":[306.0,304.668,326.3674,304.668,326.3674,314.1644,306.0,314.1644],"IndexInText":817,"OcrConfidence":1.0,"Text":"Connie","VisualLineNumber":15},{"Box":[304.668,328.1299,19.9726,9.4964],"Polygon":[328.1299,304.668,348.1025,304.668,348.1025,314.1644,328.1299,314.1644],"IndexInText":824,"OcrConfidence":1.0,"Text":"Snyder","VisualLineNumber":15}]}]},{"IndexInText":832,"Language":"eng","Length":4,"Rotation":"None","SkewAngle":0.0,"Type":"Paragraph","WordGroups":[{"IndexInText":832,"Length":4,"Type":"Heading","Words":[{"Box":[364.818,306.0,4.7024,9.4964],"Polygon":[306.0,364.818,310.7024,364.818,310.7024,374.3144,306.0,374.3144],"IndexInText":832,"OcrConfidence":1.0,"Text":"C","VisualLineNumber":18},{"Box":[376.968,306.0,9.3976,9.4964],"Polygon":[306.0,376.968,315.3976,376.968,315.3976,386.4644,306.0,386.4644],"IndexInText":834,"OcrConfidence":1.0,"Text":"GL","VisualLineNumber":19}]}]},{"IndexInText":838,"Language":"deu","Length":12,"Rotation":"None","SkewAngle":0.0,"Type":"Paragraph","WordGroups":[{"IndexInText":838,"Length":12,"Type":"Heading","Words":[{"Box":[389.668,306.0,16.0599,9.4964],"Polygon":[306.0,389.668,322.0599,389.668,322.0599,399.1644,306.0,399.1644],"IndexInText":838,"OcrConfidence":1.0,"Text":"Sallie","VisualLineNumber":20},{"Box":[389.668,323.8224,16.8355,9.4964],"Polygon":[323.8224,389.668,340.6579,389.668,340.6579,399.1644,323.8224,399.1644],"IndexInText":845,"OcrConfidence":1.0,"Text":"Kraus","VisualLineNumber":20}]}]},{"IndexInText":852,"Language":"eng","Length":4,"Rotation":"None","SkewAngle":0.0,"Type":"Paragraph","WordGroups":[{"IndexInText":852,"Length":4,"Type":"Heading","Words":[{"Box":[449.818,306.0,4.7024,9.4964],"Polygon":[306.0,449.818,310.7024,449.818,310.7024,459.3144,306.0,459.3144],"IndexInText":852,"OcrConfidence":1.0,"Text":"C","VisualLineNumber":23},{"Box":[461.968,306.0,9.3976,9.4964],"Polygon":[306.0,461.968,315.3976,461.968,315.3976,471.4644,306.0,471.4644],"IndexInText":854,"OcrConfidence":1.0,"Text":"GL","VisualLineNumber":24}]}]},{"IndexInText":858,"Language":"deu","Length":12,"Rotation":"None","SkewAngle":0.0,"Type":"Paragraph","WordGroups":[{"IndexInText":858,"Length":12,"Type":"Heading","Words":[{"Box":[474.668,306.0,16.0599,9.4964],"Polygon":[306.0,474.668,322.0599,474.668,322.0599,484.1644,306.0,484.1644],"IndexInText":858,"OcrConfidence":1.0,"Text":"Sallie","VisualLineNumber":25},{"Box":[474.668,323.8224,16.8354,9.4964],"Polygon":[323.8224,474.668,340.6578,474.668,340.6578,484.1644,323.8224,484.1644],"IndexInText":865,"OcrConfidence":1.0,"Text":"Kraus","VisualLineNumber":25}]}]},{"IndexInText":872,"Language":"eng","Length":41,"Rotation":"None","SkewAngle":0.0,"Type":"Paragraph","WordGroups":[{"IndexInText":872,"Length":41,"Type":"Other","Words":[{"Box":[23.9536,412.3,20.7037,14.7396],"Polygon":[412.3,23.9536,433.0037,23.9536,433.0037,38.6932,412.3,38.6932],"IndexInText":872,"OcrConfidence":1.0,"Text":"CPP","VisualLineNumber":0},{"Box":[23.9536,435.6661,27.2321,14.7396],"Polygon":[435.6661,23.9536,462.8982,23.9536,462.8982,38.6932,435.6661,38.6932],"IndexInText":876,"OcrConfidence":1.0,"Text":"LOSS","VisualLineNumber":0},{"Box":[23.9536,465.5607,23.0679,14.7396],"Polygon":[465.5607,23.9536,488.6286,23.9536,488.6286,38.6932,465.5607,38.6932],"IndexInText":881,"OcrConfidence":1.0,"Text":"RUN","VisualLineNumber":0},{"Box":[23.9536,491.2911,44.3786,14.7396],"Polygon":[491.2911,23.9536,535.6697,23.9536,535.6697,38.6932,491.2911,38.6932],"IndexInText":885,"OcrConfidence":1.0,"Text":"REPORT","VisualLineNumber":0},{"Box":[41.6536,417.15,42.0035,14.7396],"Polygon":[417.15,41.6536,459.1535,41.6536,459.1535,56.3932,417.15,56.3932],"IndexInText":892,"OcrConfidence":1.0,"Text":"AmTrust","VisualLineNumber":2},{"Box":[41.6536,461.8161,27.2108,14.7396],"Polygon":[461.8161,41.6536,489.0269,41.6536,489.0269,56.3932,461.8161,56.3932],"IndexInText":900,"OcrConfidence":1.0,"Text":"North","VisualLineNumber":2},{"Box":[41.6536,491.6894,39.0322,14.7396],"Polygon":[491.6894,41.6536,530.7216,41.6536,530.7216,56.3932,491.6894,56.3932],"IndexInText":906,"OcrConfidence":1.0,"Text":"America","VisualLineNumber":2}]}]},{"IndexInText":915,"Language":"spa","Length":11,"Rotation":"None","SkewAngle":0.0,"Type":"Paragraph","WordGroups":[{"IndexInText":915,"Length":11,"Type":"Heading","Words":[{"Box":[65.8052,453.55,16.4547,9.7572],"Polygon":[453.55,65.8052,470.0047,65.8052,470.0047,75.5624,453.55,75.5624],"IndexInText":915,"OcrConfidence":1.0,"Text":"Cobb","VisualLineNumber":3},{"Box":[65.8052,471.7672,6.4649,9.7572],"Polygon":[471.7672,65.8052,478.2321,65.8052,478.2321,75.5624,471.7672,75.5624],"IndexInText":920,"OcrConfidence":1.0,"Text":"B,","VisualLineNumber":3},{"Box":[65.8052,479.9945,14.4949,9.7572],"Polygon":[479.9945,65.8052,494.4894,65.8052,494.4894,75.5624,479.9945,75.5624],"IndexInText":923,"OcrConfidence":1.0,"Text":"LLC","VisualLineNumber":3}]}]},{"IndexInText":928,"Language":"eng","Length":45,"Rotation":"None","SkewAngle":0.0,"Type":"Paragraph","WordGroups":[{"IndexInText":928,"Length":45,"Type":"Heading","Words":[{"Box":[111.8552,366.0,23.5047,9.7572],"Polygon":[366.0,111.8552,389.5047,111.8552,389.5047,121.6124,366.0,121.6124],"IndexInText":928,"OcrConfidence":1.0,"Text":"Insured","VisualLineNumber":4},{"Box":[111.8552,391.2672,19.9656,9.7572],"Polygon":[391.2672,111.8552,411.2328,111.8552,411.2328,121.6124,391.2672,121.6124],"IndexInText":936,"OcrConfidence":1.0,"Text":"Driver","VisualLineNumber":4},{"Box":[123.8552,366.0,41.9122,9.7572],"Polygon":[366.0,123.8552,407.9122,123.8552,407.9122,133.6124,366.0,133.6124],"IndexInText":943,"OcrConfidence":1.0,"Text":"Unit/Location","VisualLineNumber":5},{"Box":[135.8552,366.0,13.7123,9.7572],"Polygon":[366.0,135.8552,379.7123,135.8552,379.7123,145.6124,366.0,145.6124],"IndexInText":957,"OcrConfidence":1.0,"Text":"Loss","VisualLineNumber":6},{"Box":[135.8552,381.4748,34.8552,9.7572],"Polygon":[381.4748,135.8552,416.33,135.8552,416.33,145.6124,381.4748,145.6124],"IndexInText":962,"OcrConfidence":1.0,"Text":"Description","VisualLineNumber":6}]}]},{"IndexInText":975,"Language":"eng","Length":46,"Rotation":"None","SkewAngle":0.0,"Type":"Paragraph","WordGroups":[{"IndexInText":975,"Length":46,"Type":"Heading","Words":[{"Box":[194.868,366.0,25.4505,9.4964],"Polygon":[366.0,194.868,391.4505,194.868,391.4505,204.3644,366.0,204.3644],"IndexInText":975,"OcrConfidence":1.0,"Text":"Jermaine","VisualLineNumber":8},{"Box":[194.868,393.213,17.2231,9.4964],"Polygon":[393.213,194.868,410.4361,194.868,410.4361,204.3644,393.213,204.3644],"IndexInText":984,"OcrConfidence":1.0,"Text":"Drake","VisualLineNumber":8},{"Box":[206.818,366.0,14.1,9.4964],"Polygon":[366.0,206.818,380.1,206.818,380.1,216.3144,366.0,216.3144],"IndexInText":990,"OcrConfidence":1.0,"Text":"2016","VisualLineNumber":9},{"Box":[206.818,381.8625,19.1901,9.4964],"Polygon":[381.8625,206.818,401.0526,206.818,401.0526,216.3144,381.8625,216.3144],"IndexInText":995,"OcrConfidence":1.0,"Text":"Nissan","VisualLineNumber":9},{"Box":[206.818,402.8151,27.8052,9.4964],"Polygon":[402.8151,206.818,430.6203,206.818,430.6203,216.3144,402.8151,216.3144],"IndexInText":1002,"OcrConfidence":1.0,"Text":"Unknown","VisualLineNumber":9},{"Box":[206.818,432.3828,41.1156,9.4964],"Polygon":[432.3828,206.818,473.4984,206.818,473.4984,216.3144,432.3828,216.3144],"IndexInText":1010,"OcrConfidence":1.0,"Text":"VIN6-nknown","VisualLineNumber":9}]}]},{"IndexInText":1023,"Language":"eng","Length":146,"Rotation":"None","SkewAngle":0.0,"Type":"Paragraph","WordGroups":[{"IndexInText":1023,"Length":146,"Type":"Sentence","Words":[{"Box":[219.968,366.0,25.8524,9.4964],"Polygon":[366.0,219.968,391.8524,219.968,391.8524,229.4644,366.0,229.4644],"IndexInText":1023,"OcrConfidence":1.0,"Text":"Claimant","VisualLineNumber":10},{"Box":[219.968,393.6149,20.3604,9.4964],"Polygon":[393.6149,219.968,413.9753,219.968,413.9753,229.4644,393.6149,229.4644],"IndexInText":1032,"OcrConfidence":1.0,"Text":"vehicle","VisualLineNumber":10},{"Box":[219.968,415.7378,10.9628,9.4964],"Polygon":[415.7378,219.968,426.7006,219.968,426.7006,229.4644,415.7378,229.4644],"IndexInText":1040,"OcrConfidence":1.0,"Text":"was","VisualLineNumber":10},{"Box":[219.968,428.463,21.9326,9.4964],"Polygon":[428.463,219.968,450.3956,219.968,450.3956,229.4644,428.463,229.4644],"IndexInText":1044,"OcrConfidence":1.0,"Text":"stopped","VisualLineNumber":10},{"Box":[219.968,452.158,5.4849,9.4964],"Polygon":[452.158,219.968,457.6429,219.968,457.6429,229.4644,452.158,229.4644],"IndexInText":1052,"OcrConfidence":1.0,"Text":"in","VisualLineNumber":10},{"Box":[219.968,459.4054,17.2232,9.4964],"Polygon":[459.4054,219.968,476.6286,219.968,476.6286,229.4644,459.4054,229.4644],"IndexInText":1055,"OcrConfidence":1.0,"Text":"traffic","VisualLineNumber":10},{"Box":[219.968,478.3911,15.2703,9.4964],"Polygon":[478.3911,219.968,493.6614,219.968,493.6614,229.4644,478.3911,229.4644],"IndexInText":1063,"OcrConfidence":1.0,"Text":"when","VisualLineNumber":10},{"Box":[219.968,495.4239,20.7552,9.4964],"Polygon":[495.4239,219.968,516.1791,219.968,516.1791,229.4644,495.4239,229.4644],"IndexInText":1068,"OcrConfidence":1.0,"Text":"insured","VisualLineNumber":10},{"Box":[230.468,366.0,20.3604,9.4964],"Polygon":[366.0,230.468,386.3604,230.468,386.3604,239.9644,366.0,239.9644],"IndexInText":1076,"OcrConfidence":1.0,"Text":"vehicle","VisualLineNumber":11},{"Box":[230.468,388.1229,14.8755,9.4964],"Polygon":[388.1229,230.468,402.9984,230.468,402.9984,239.9644,388.1229,239.9644],"IndexInText":1084,"OcrConfidence":1.0,"Text":"came","VisualLineNumber":11},{"Box":[230.468,404.7609,7.05,9.4964],"Polygon":[404.7609,230.468,411.8109,230.468,411.8109,239.9644,404.7609,239.9644],"IndexInText":1089,"OcrConfidence":1.0,"Text":"up","VisualLineNumber":11},{"Box":[230.468,413.5734,19.1901,9.4964],"Polygon":[413.5734,230.468,432.7635,230.468,432.7635,239.9644,413.5734,239.9644],"IndexInText":1092,"OcrConfidence":1.0,"Text":"behind","VisualLineNumber":11},{"Box":[230.468,434.526,10.1802,9.4964],"Polygon":[434.526,230.468,444.7062,230.468,444.7062,239.9644,434.526,239.9644],"IndexInText":1099,"OcrConfidence":1.0,"Text":"and","VisualLineNumber":11},{"Box":[230.468,446.4687,12.9226,9.4964],"Polygon":[446.4687,230.468,459.3913,230.468,459.3913,239.9644,446.4687,239.9644],"IndexInText":1103,"OcrConfidence":1.0,"Text":"tried","VisualLineNumber":11},{"Box":[230.468,461.1538,5.4849,9.4964],"Polygon":[461.1538,230.468,466.6387,230.468,466.6387,239.9644,461.1538,239.9644],"IndexInText":1109,"OcrConfidence":1.0,"Text":"to","VisualLineNumber":11},{"Box":[230.468,468.4012,15.2703,9.4964],"Polygon":[468.4012,230.468,483.6715,230.468,483.6715,239.9644,468.4012,239.9644],"IndexInText":1112,"OcrConfidence":1.0,"Text":"make","VisualLineNumber":11},{"Box":[230.468,485.434,3.1302,9.4964],"Polygon":[485.434,230.468,488.5642,230.468,488.5642,239.9644,485.434,239.9644],"IndexInText":1117,"OcrConfidence":1.0,"Text":"a","VisualLineNumber":11},{"Box":[230.468,490.3267,9.3977,9.4964],"Polygon":[490.3267,230.468,499.7244,230.468,499.7244,239.9644,490.3267,239.9644],"IndexInText":1119,"OcrConfidence":1.0,"Text":"left","VisualLineNumber":11},{"Box":[230.468,501.4869,11.3575,9.4964],"Polygon":[501.4869,230.468,512.8444,230.468,512.8444,239.9644,501.4869,239.9644],"IndexInText":1124,"OcrConfidence":1.0,"Text":"turn","VisualLineNumber":11},{"Box":[240.968,366.0,10.1802,9.4964],"Polygon":[366.0,240.968,376.1802,240.968,376.1802,250.4644,366.0,250.4644],"IndexInText":1129,"OcrConfidence":1.0,"Text":"and","VisualLineNumber":12},{"Box":[240.968,377.9427,17.2302,9.4964],"Polygon":[377.9427,240.968,395.1729,240.968,395.1729,250.4644,377.9427,250.4644],"IndexInText":1133,"OcrConfidence":1.0,"Text":"struck","VisualLineNumber":12},{"Box":[240.968,396.9354,8.6151,9.4964],"Polygon":[396.9354,240.968,405.5505,240.968,405.5505,250.4644,396.9354,250.4644],"IndexInText":1140,"OcrConfidence":1.0,"Text":"the","VisualLineNumber":12},{"Box":[240.968,407.313,10.9556,9.4964],"Polygon":[407.313,240.968,418.2686,240.968,418.2686,250.4644,407.313,250.4644],"IndexInText":1144,"OcrConfidence":1.0,"Text":"rear","VisualLineNumber":12},{"Box":[240.968,420.0312,5.8726,9.4964],"Polygon":[420.0312,240.968,425.9038,240.968,425.9038,250.4644,420.0312,250.4644],"IndexInText":1149,"OcrConfidence":1.0,"Text":"of","VisualLineNumber":12},{"Box":[240.968,427.6663,24.2802,9.4964],"Polygon":[427.6663,240.968,451.9465,240.968,451.9465,250.4644,427.6663,250.4644],"IndexInText":1152,"OcrConfidence":1.0,"Text":"claimant","VisualLineNumber":12},{"Box":[240.968,453.709,22.1229,9.4964],"Polygon":[453.709,240.968,475.8319,240.968,475.8319,250.4644,453.709,250.4644],"IndexInText":1161,"OcrConfidence":1.0,"Text":"vehicle.","VisualLineNumber":12}]}]},{"IndexInText":1171,"Language":"eng","Length":44,"Rotation":"None","SkewAngle":0.0,"Type":"Paragraph","WordGroups":[{"IndexInText":1171,"Length":44,"Type":"Heading","Words":[{"Box":[279.868,366.0,25.4505,9.4964],"Polygon":[366.0,279.868,391.4505,279.868,391.4505,289.3644,366.0,289.3644],"IndexInText":1171,"OcrConfidence":1.0,"Text":"Jermaine","VisualLineNumber":13},{"Box":[279.868,393.213,17.2231,9.4964],"Polygon":[393.213,279.868,410.4361,279.868,410.4361,289.3644,393.213,289.3644],"IndexInText":1180,"OcrConfidence":1.0,"Text":"Drake","VisualLineNumber":13},{"Box":[291.818,366.0,14.1,9.4964],"Polygon":[366.0,291.818,380.1,291.818,380.1,301.3144,366.0,301.3144],"IndexInText":1186,"OcrConfidence":1.0,"Text":"2015","VisualLineNumber":14},{"Box":[291.818,381.8625,19.9726,9.4964],"Polygon":[381.8625,291.818,401.8351,291.818,401.8351,301.3144,381.8625,301.3144],"IndexInText":1191,"OcrConfidence":1.0,"Text":"Toyota","VisualLineNumber":14},{"Box":[291.818,403.5976,19.1901,9.4964],"Polygon":[403.5976,291.818,422.7877,291.818,422.7877,301.3144,403.5976,301.3144],"IndexInText":1198,"OcrConfidence":1.0,"Text":"Camry","VisualLineNumber":14},{"Box":[291.818,426.3127,41.1156,9.4964],"Polygon":[426.3127,291.818,467.4283,291.818,467.4283,301.3144,426.3127,301.3144],"IndexInText":1204,"OcrConfidence":1.0,"Text":"VIN6-nknown","VisualLineNumber":14}]}]},{"IndexInText":1217,"Language":"eng","Length":146,"Rotation":"None","SkewAngle":0.0,"Type":"Paragraph","WordGroups":[{"IndexInText":1217,"Length":146,"Type":"Sentence","Words":[{"Box":[304.968,366.0,25.8524,9.4964],"Polygon":[366.0,304.968,391.8524,304.968,391.8524,314.4644,366.0,314.4644],"IndexInText":1217,"OcrConfidence":1.0,"Text":"Claimant","VisualLineNumber":15},{"Box":[304.968,393.6149,20.3604,9.4964],"Polygon":[393.6149,304.968,413.9753,304.968,413.9753,314.4644,393.6149,314.4644],"IndexInText":1226,"OcrConfidence":1.0,"Text":"vehicle","VisualLineNumber":15},{"Box":[304.968,415.7378,10.9628,9.4964],"Polygon":[415.7378,304.968,426.7006,304.968,426.7006,314.4644,415.7378,314.4644],"IndexInText":1234,"OcrConfidence":1.0,"Text":"was","VisualLineNumber":15},{"Box":[304.968,428.463,21.9326,9.4964],"Polygon":[428.463,304.968,450.3956,304.968,450.3956,314.4644,428.463,314.4644],"IndexInText":1238,"OcrConfidence":1.0,"Text":"stopped","VisualLineNumber":15},{"Box":[304.968,452.158,5.4849,9.4964],"Polygon":[452.158,304.968,457.6429,304.968,457.6429,314.4644,452.158,314.4644],"IndexInText":1246,"OcrConfidence":1.0,"Text":"in","VisualLineNumber":15},{"Box":[304.968,459.4054,17.2232,9.4964],"Polygon":[459.4054,304.968,476.6286,304.968,476.6286,314.4644,459.4054,314.4644],"IndexInText":1249,"OcrConfidence":1.0,"Text":"traffic","VisualLineNumber":15},{"Box":[304.968,478.3911,15.2703,9.4964],"Polygon":[478.3911,304.968,493.6614,304.968,493.6614,314.4644,478.3911,314.4644],"IndexInText":1257,"OcrConfidence":1.0,"Text":"when","VisualLineNumber":15},{"Box":[304.968,495.4239,20.7552,9.4964],"Polygon":[495.4239,304.968,516.1791,304.968,516.1791,314.4644,495.4239,314.4644],"IndexInText":1262,"OcrConfidence":1.0,"Text":"insured","VisualLineNumber":15},{"Box":[315.468,366.0,20.3604,9.4964],"Polygon":[366.0,315.468,386.3604,315.468,386.3604,324.9644,366.0,324.9644],"IndexInText":1270,"OcrConfidence":1.0,"Text":"vehicle","VisualLineNumber":16},{"Box":[315.468,388.1229,14.8755,9.4964],"Polygon":[388.1229,315.468,402.9984,315.468,402.9984,324.9644,388.1229,324.9644],"IndexInText":1278,"OcrConfidence":1.0,"Text":"came","VisualLineNumber":16},{"Box":[315.468,404.7609,7.05,9.4964],"Polygon":[404.7609,315.468,411.8109,315.468,411.8109,324.9644,404.7609,324.9644],"IndexInText":1283,"OcrConfidence":1.0,"Text":"up","VisualLineNumber":16},{"Box":[315.468,413.5734,19.1901,9.4964],"Polygon":[413.5734,315.468,432.7635,315.468,432.7635,324.9644,413.5734,324.9644],"IndexInText":1286,"OcrConfidence":1.0,"Text":"behind","VisualLineNumber":16},{"Box":[315.468,434.526,10.1802,9.4964],"Polygon":[434.526,315.468,444.7062,315.468,444.7062,324.9644,434.526,324.9644],"IndexInText":1293,"OcrConfidence":1.0,"Text":"and","VisualLineNumber":16},{"Box":[315.468,446.4687,12.9226,9.4964],"Polygon":[446.4687,315.468,459.3913,315.468,459.3913,324.9644,446.4687,324.9644],"IndexInText":1297,"OcrConfidence":1.0,"Text":"tried","VisualLineNumber":16},{"Box":[315.468,461.1538,5.4849,9.4964],"Polygon":[461.1538,315.468,466.6387,315.468,466.6387,324.9644,461.1538,324.9644],"IndexInText":1303,"OcrConfidence":1.0,"Text":"to","VisualLineNumber":16},{"Box":[315.468,468.4012,15.2703,9.4964],"Polygon":[468.4012,315.468,483.6715,315.468,483.6715,324.9644,468.4012,324.9644],"IndexInText":1306,"OcrConfidence":1.0,"Text":"make","VisualLineNumber":16},{"Box":[315.468,485.434,3.1302,9.4964],"Polygon":[485.434,315.468,488.5642,315.468,488.5642,324.9644,485.434,324.9644],"IndexInText":1311,"OcrConfidence":1.0,"Text":"a","VisualLineNumber":16},{"Box":[315.468,490.3267,9.3977,9.4964],"Polygon":[490.3267,315.468,499.7244,315.468,499.7244,324.9644,490.3267,324.9644],"IndexInText":1313,"OcrConfidence":1.0,"Text":"left","VisualLineNumber":16},{"Box":[315.468,501.4869,11.3575,9.4964],"Polygon":[501.4869,315.468,512.8444,315.468,512.8444,324.9644,501.4869,324.9644],"IndexInText":1318,"OcrConfidence":1.0,"Text":"turn","VisualLineNumber":16},{"Box":[325.968,366.0,10.1802,9.4964],"Polygon":[366.0,325.968,376.1802,325.968,376.1802,335.4644,366.0,335.4644],"IndexInText":1323,"OcrConfidence":1.0,"Text":"and","VisualLineNumber":17},{"Box":[325.968,377.9427,17.2302,9.4964],"Polygon":[377.9427,325.968,395.1729,325.968,395.1729,335.4644,377.9427,335.4644],"IndexInText":1327,"OcrConfidence":1.0,"Text":"struck","VisualLineNumber":17},{"Box":[325.968,396.9354,8.6151,9.4964],"Polygon":[396.9354,325.968,405.5505,325.968,405.5505,335.4644,396.9354,335.4644],"IndexInText":1334,"OcrConfidence":1.0,"Text":"the","VisualLineNumber":17},{"Box":[325.968,407.313,10.9556,9.4964],"Polygon":[407.313,325.968,418.2686,325.968,418.2686,335.4644,407.313,335.4644],"IndexInText":1338,"OcrConfidence":1.0,"Text":"rear","VisualLineNumber":17},{"Box":[325.968,420.0312,5.8726,9.4964],"Polygon":[420.0312,325.968,425.9038,325.968,425.9038,335.4644,420.0312,335.4644],"IndexInText":1343,"OcrConfidence":1.0,"Text":"of","VisualLineNumber":17},{"Box":[325.968,427.6663,24.2802,9.4964],"Polygon":[427.6663,325.968,451.9465,325.968,451.9465,335.4644,427.6663,335.4644],"IndexInText":1346,"OcrConfidence":1.0,"Text":"claimant","VisualLineNumber":17},{"Box":[325.968,453.709,22.1229,9.4964],"Polygon":[453.709,325.968,475.8319,325.968,475.8319,335.4644,453.709,335.4644],"IndexInText":1355,"OcrConfidence":1.0,"Text":"vehicle.","VisualLineNumber":17}]}]},{"IndexInText":1365,"Language":"eng","Length":7,"Rotation":"None","SkewAngle":0.0,"Type":"Paragraph","WordGroups":[{"IndexInText":1365,"Length":7,"Type":"Other","Words":[{"Box":[376.818,366.0,27.8052,9.4964],"Polygon":[366.0,376.818,393.8052,376.818,393.8052,386.3144,366.0,386.3144],"IndexInText":1365,"OcrConfidence":1.0,"Text":"Unknown","VisualLineNumber":19}]}]},{"IndexInText":1374,"Language":"eng","Length":80,"Rotation":"None","SkewAngle":0.0,"Type":"Paragraph","WordGroups":[{"IndexInText":1374,"Length":80,"Type":"Other","Words":[{"Box":[389.968,366.0,25.4646,9.4964],"Polygon":[366.0,389.968,391.4646,389.968,391.4646,399.4644,366.0,399.4644],"IndexInText":1374,"OcrConfidence":1.0,"Text":"Summon","VisualLineNumber":20},{"Box":[389.968,393.2271,10.1802,9.4964],"Polygon":[393.2271,389.968,403.4073,389.968,403.4073,399.4644,393.2271,399.4644],"IndexInText":1381,"OcrConfidence":1.0,"Text":"and","VisualLineNumber":20},{"Box":[389.968,405.1698,29.7721,9.4964],"Polygon":[405.1698,389.968,434.9419,389.968,434.9419,399.4644,405.1698,399.4644],"IndexInText":1385,"OcrConfidence":1.0,"Text":"Complaint","VisualLineNumber":20},{"Box":[389.968,436.7044,19.5779,9.4964],"Polygon":[436.7044,389.968,456.2823,389.968,456.2823,399.4644,436.7044,399.4644],"IndexInText":1395,"OcrConfidence":1.0,"Text":"alleges","VisualLineNumber":20},{"Box":[389.968,458.0448,18.7882,9.4964],"Polygon":[458.0448,389.968,476.833,389.968,476.833,399.4644,458.0448,399.4644],"IndexInText":1403,"OcrConfidence":1.0,"Text":"breach","VisualLineNumber":20},{"Box":[389.968,478.5955,5.8726,9.4964],"Polygon":[478.5955,389.968,484.4681,389.968,484.4681,399.4644,478.5955,399.4644],"IndexInText":1410,"OcrConfidence":1.0,"Text":"of","VisualLineNumber":20},{"Box":[389.968,486.2307,24.4705,9.4964],"Polygon":[486.2307,389.968,510.7012,389.968,510.7012,399.4644,486.2307,399.4644],"IndexInText":1413,"OcrConfidence":1.0,"Text":"contract,","VisualLineNumber":20},{"Box":[400.468,366.0,24.668,9.4964],"Polygon":[366.0,400.468,390.668,400.468,390.668,409.9644,366.0,409.9644],"IndexInText":1423,"OcrConfidence":1.0,"Text":"damages","VisualLineNumber":21},{"Box":[400.468,392.4304,5.4849,9.4964],"Polygon":[392.4304,400.468,397.9153,400.468,397.9153,409.9644,392.4304,409.9644],"IndexInText":1431,"OcrConfidence":1.0,"Text":"to","VisualLineNumber":21},{"Box":[400.468,399.6778,20.5578,9.4964],"Polygon":[399.6778,400.468,420.2356,400.468,420.2356,409.9644,399.6778,409.9644],"IndexInText":1434,"OcrConfidence":1.0,"Text":"person,","VisualLineNumber":21},{"Box":[400.468,421.9981,10.1802,9.4964],"Polygon":[421.9981,400.468,432.1783,400.468,432.1783,409.9644,421.9981,409.9644],"IndexInText":1442,"OcrConfidence":1.0,"Text":"and","VisualLineNumber":21},{"Box":[400.468,433.9408,23.8854,9.4964],"Polygon":[433.9408,400.468,457.8262,400.468,457.8262,409.9644,433.9408,409.9644],"IndexInText":1446,"OcrConfidence":1.0,"Text":"property","VisualLineNumber":21}]}]},{"IndexInText":1456,"Language":"eng","Length":28,"Rotation":"None","SkewAngle":0.0,"Type":"Paragraph","WordGroups":[{"IndexInText":1456,"Length":28,"Type":"Other","Words":[{"Box":[195.8552,585.25,26.6207,9.7572],"Polygon":[585.25,195.8552,611.8707,195.8552,611.8707,205.6124,585.25,205.6124],"IndexInText":1456,"OcrConfidence":1.0,"Text":"Reserves","VisualLineNumber":8},{"Box":[207.8552,582.6,29.3703,9.7572],"Polygon":[582.6,207.8552,611.9703,207.8552,611.9703,217.6124,582.6,217.6124],"IndexInText":1465,"OcrConfidence":1.0,"Text":"Payments","VisualLineNumber":9},{"Box":[220.7052,579.35,32.4934,9.7572],"Polygon":[579.35,220.7052,611.8434,220.7052,611.8434,230.4624,579.35,230.4624],"IndexInText":1474,"OcrConfidence":1.0,"Text":"Recoveries","VisualLineNumber":10}]}]},{"IndexInText":1486,"Language":"eng","Length":8,"Rotation":"None","SkewAngle":0.0,"Type":"Paragraph","WordGroups":[{"IndexInText":1486,"Length":8,"Type":"Other","Words":[{"Box":[237.8552,584.95,27.0226,9.7572],"Polygon":[584.95,237.8552,611.9726,237.8552,611.9726,247.6124,584.95,247.6124],"IndexInText":1486,"OcrConfidence":1.0,"Text":"Incurred","VisualLineNumber":12}]}]},{"IndexInText":1496,"Language":"eng","Length":28,"Rotation":"None","SkewAngle":0.0,"Type":"Paragraph","WordGroups":[{"IndexInText":1496,"Length":28,"Type":"Other","Words":[{"Box":[280.8552,585.25,26.6207,9.7572],"Polygon":[585.25,280.8552,611.8707,280.8552,611.8707,290.6124,585.25,290.6124],"IndexInText":1496,"OcrConfidence":1.0,"Text":"Reserves","VisualLineNumber":13},{"Box":[292.8552,582.6,29.3703,9.7572],"Polygon":[582.6,292.8552,611.9703,292.8552,611.9703,302.6124,582.6,302.6124],"IndexInText":1505,"OcrConfidence":1.0,"Text":"Payments","VisualLineNumber":14},{"Box":[305.7052,579.35,32.4934,9.7572],"Polygon":[579.35,305.7052,611.8434,305.7052,611.8434,315.4624,579.35,315.4624],"IndexInText":1514,"OcrConfidence":1.0,"Text":"Recoveries","VisualLineNumber":15}]}]},{"IndexInText":1526,"Language":"eng","Length":8,"Rotation":"None","SkewAngle":0.0,"Type":"Paragraph","WordGroups":[{"IndexInText":1526,"Length":8,"Type":"Other","Words":[{"Box":[322.8552,584.95,27.0226,9.7572],"Polygon":[584.95,322.8552,611.9726,322.8552,611.9726,332.6124,584.95,332.6124],"IndexInText":1526,"OcrConfidence":1.0,"Text":"Incurred","VisualLineNumber":17}]}]},{"IndexInText":1536,"Language":"eng","Length":28,"Rotation":"None","SkewAngle":0.0,"Type":"Paragraph","WordGroups":[{"IndexInText":1536,"Length":28,"Type":"Other","Words":[{"Box":[365.8552,585.25,26.6207,9.7572],"Polygon":[585.25,365.8552,611.8707,365.8552,611.8707,375.6124,585.25,375.6124],"IndexInText":1536,"OcrConfidence":1.0,"Text":"Reserves","VisualLineNumber":18},{"Box":[377.8552,582.6,29.3703,9.7572],"Polygon":[582.6,377.8552,611.9703,377.8552,611.9703,387.6124,582.6,387.6124],"IndexInText":1545,"OcrConfidence":1.0,"Text":"Payments","VisualLineNumber":19},{"Box":[390.7052,579.35,32.4934,9.7572],"Polygon":[579.35,390.7052,611.8434,390.7052,611.8434,400.4624,579.35,400.4624],"IndexInText":1554,"OcrConfidence":1.0,"Text":"Recoveries","VisualLineNumber":20}]}]},{"IndexInText":1566,"Language":"eng","Length":8,"Rotation":"None","SkewAngle":0.0,"Type":"Paragraph","WordGroups":[{"IndexInText":1566,"Length":8,"Type":"Other","Words":[{"Box":[407.8552,584.95,27.0226,9.7572],"Polygon":[584.95,407.8552,611.9726,407.8552,611.9726,417.6124,584.95,417.6124],"IndexInText":1566,"OcrConfidence":1.0,"Text":"Incurred","VisualLineNumber":22}]}]},{"IndexInText":1576,"Language":"eng","Length":8,"Rotation":"None","SkewAngle":0.0,"Type":"Paragraph","WordGroups":[{"IndexInText":1576,"Length":8,"Type":"Other","Words":[{"Box":[450.8552,585.25,26.6207,9.7572],"Polygon":[585.25,450.8552,611.8707,450.8552,611.8707,460.6124,585.25,460.6124],"IndexInText":1576,"OcrConfidence":1.0,"Text":"Reserves","VisualLineNumber":23}]}]},{"IndexInText":1586,"Language":"eng","Length":89,"Rotation":"None","SkewAngle":0.0,"Type":"Paragraph","WordGroups":[{"IndexInText":1586,"Length":89,"Type":"Other","Words":[{"Box":[461.818,366.0,30.1458,9.4964],"Polygon":[366.0,461.818,396.1458,461.818,396.1458,471.3144,366.0,471.3144],"IndexInText":1586,"OcrConfidence":1.0,"Text":"Laceration","VisualLineNumber":24},{"Box":[461.818,397.9083,16.0528,9.4964],"Polygon":[397.9083,461.818,413.9611,461.818,413.9611,471.3144,397.9083,471.3144],"IndexInText":1597,"OcrConfidence":1.0,"Text":"under","VisualLineNumber":24},{"Box":[461.818,415.7236,8.2274,9.4964],"Polygon":[415.7236,461.818,423.951,461.818,423.951,471.3144,415.7236,471.3144],"IndexInText":1603,"OcrConfidence":1.0,"Text":"his","VisualLineNumber":24},{"Box":[461.818,425.7135,13.3174,9.4964],"Polygon":[425.7135,461.818,439.0309,461.818,439.0309,471.3144,425.7135,471.3144],"IndexInText":1607,"OcrConfidence":1.0,"Text":"right","VisualLineNumber":24},{"Box":[461.818,440.7934,11.5479,9.4964],"Polygon":[440.7934,461.818,452.3413,461.818,452.3413,471.3144,440.7934,471.3144],"IndexInText":1613,"OcrConfidence":1.0,"Text":"eye,","VisualLineNumber":24},{"Box":[461.818,454.1038,3.1302,9.4964],"Polygon":[454.1038,461.818,457.234,461.818,457.234,471.3144,454.1038,471.3144],"IndexInText":1618,"OcrConfidence":1.0,"Text":"a","VisualLineNumber":24},{"Box":[461.818,458.9965,24.2802,9.4964],"Polygon":[458.9965,461.818,483.2767,461.818,483.2767,471.3144,458.9965,471.3144],"IndexInText":1620,"OcrConfidence":1.0,"Text":"bleeding","VisualLineNumber":24},{"Box":[461.818,485.0392,12.5349,9.4964],"Polygon":[485.0392,461.818,497.5741,461.818,497.5741,471.3144,485.0392,471.3144],"IndexInText":1629,"OcrConfidence":1.0,"Text":"knot","VisualLineNumber":24},{"Box":[461.818,499.3366,7.05,9.4964],"Polygon":[499.3366,461.818,506.3866,461.818,506.3866,471.3144,499.3366,471.3144],"IndexInText":1634,"OcrConfidence":1.0,"Text":"on","VisualLineNumber":24},{"Box":[461.818,508.1491,8.2273,9.4964],"Polygon":[508.1491,461.818,516.3764,461.818,516.3764,471.3144,508.1491,471.3144],"IndexInText":1637,"OcrConfidence":1.0,"Text":"his","VisualLineNumber":24},{"Box":[461.818,518.139,26.4234,9.4964],"Polygon":[518.139,461.818,544.5624,461.818,544.5624,471.3144,518.139,471.3144],"IndexInText":1641,"OcrConfidence":1.0,"Text":"forehead,","VisualLineNumber":24},{"Box":[461.818,546.3249,10.1802,9.4964],"Polygon":[546.3249,461.818,556.5051,461.818,556.5051,471.3144,546.3249,471.3144],"IndexInText":1651,"OcrConfidence":1.0,"Text":"and","VisualLineNumber":24},{"Box":[461.818,558.2676,8.6151,9.4964],"Polygon":[558.2676,461.818,566.8827,461.818,566.8827,471.3144,558.2676,471.3144],"IndexInText":1655,"OcrConfidence":1.0,"Text":"cut","VisualLineNumber":24},{"Box":[461.818,568.6452,8.2273,9.4964],"Polygon":[568.6452,461.818,576.8725,461.818,576.8725,471.3144,568.6452,471.3144],"IndexInText":1659,"OcrConfidence":1.0,"Text":"his","VisualLineNumber":24},{"Box":[461.818,578.635,33.3353,10.7944],"Polygon":[578.635,461.818,611.9703,461.818,611.9703,472.6124,578.635,472.6124],"IndexInText":1663,"OcrConfidence":1.0,"Text":"haPnadyments","VisualLineNumber":24}]}]},{"IndexInText":1677,"Language":"eng","Length":154,"Rotation":"None","SkewAngle":0.0,"Type":"Paragraph","WordGroups":[{"IndexInText":1677,"Length":154,"Type":"Other","Words":[{"Box":[474.968,366.0,8.6151,9.4964],"Polygon":[366.0,474.968,374.6151,474.968,374.6151,484.4644,366.0,484.4644],"IndexInText":1677,"OcrConfidence":1.0,"Text":"On","VisualLineNumber":25},{"Box":[474.968,376.3776,43.0825,9.4964],"Polygon":[376.3776,474.968,419.4601,474.968,419.4601,484.4644,376.3776,484.4644],"IndexInText":1680,"OcrConfidence":1.0,"Text":"April 22, 2017,","VisualLineNumber":25},{"Box":[474.968,421.2226,10.575,9.4964],"Polygon":[421.2226,474.968,431.7976,474.968,431.7976,484.4644,421.2226,484.4644],"IndexInText":1696,"OcrConfidence":1.0,"Text":"two","VisualLineNumber":25},{"Box":[474.968,433.5601,31.9154,9.4964],"Polygon":[433.5601,474.968,465.4755,474.968,465.4755,484.4644,433.5601,484.4644],"IndexInText":1700,"OcrConfidence":1.0,"Text":"consumers,","VisualLineNumber":25},{"Box":[474.968,467.238,22.7151,9.4964],"Polygon":[467.238,474.968,489.9531,474.968,489.9531,484.4644,467.238,484.4644],"IndexInText":1711,"OcrConfidence":1.0,"Text":"Thomas","VisualLineNumber":25},{"Box":[474.968,491.7156,25.4575,9.4964],"Polygon":[491.7156,474.968,517.1731,474.968,517.1731,484.4644,491.7156,484.4644],"IndexInText":1718,"OcrConfidence":1.0,"Text":"Stephens","VisualLineNumber":25},{"Box":[485.468,366.0,10.1802,9.4964],"Polygon":[366.0,485.468,376.1802,485.468,376.1802,494.9644,366.0,494.9644],"IndexInText":1727,"OcrConfidence":1.0,"Text":"and","VisualLineNumber":26},{"Box":[485.468,377.9427,25.4575,9.4964],"Polygon":[377.9427,485.468,403.4002,485.468,403.4002,494.9644,377.9427,494.9644],"IndexInText":1731,"OcrConfidence":1.0,"Text":"Thurston","VisualLineNumber":26},{"Box":[485.468,405.1627,35.4474,9.4964],"Polygon":[405.1627,485.468,440.6101,485.468,440.6101,494.9644,405.1627,494.9644],"IndexInText":1740,"OcrConfidence":1.0,"Text":"Livingstone,","VisualLineNumber":26},{"Box":[485.468,442.3726,12.5349,9.4964],"Polygon":[442.3726,485.468,454.9075,485.468,454.9075,494.9644,442.3726,494.9644],"IndexInText":1753,"OcrConfidence":1.0,"Text":"both","VisualLineNumber":26},{"Box":[485.468,456.67,5.8726,9.4964],"Polygon":[456.67,485.468,462.5426,485.468,462.5426,494.9644,456.67,494.9644],"IndexInText":1758,"OcrConfidence":1.0,"Text":"of","VisualLineNumber":26},{"Box":[485.468,464.3052,17.625,9.4964],"Polygon":[464.3052,485.468,481.9302,485.468,481.9302,494.9644,464.3052,494.9644],"IndexInText":1761,"OcrConfidence":1.0,"Text":"whom","VisualLineNumber":26},{"Box":[485.468,483.6927,16.8354,9.4964],"Polygon":[483.6927,485.468,500.5281,485.468,500.5281,494.9644,483.6927,494.9644],"IndexInText":1766,"OcrConfidence":1.0,"Text":"reside","VisualLineNumber":26},{"Box":[485.468,502.2906,5.0901,9.4964],"Polygon":[502.2906,485.468,507.3807,485.468,507.3807,494.9644,502.2906,494.9644],"IndexInText":1773,"OcrConfidence":1.0,"Text":"at","VisualLineNumber":26},{"Box":[495.968,366.0,20.7552,9.4964],"Polygon":[366.0,495.968,386.7552,495.968,386.7552,505.4644,366.0,505.4644],"IndexInText":1776,"OcrConfidence":1.0,"Text":"insured","VisualLineNumber":27},{"Box":[495.968,388.5177,34.8482,9.4964],"Polygon":[388.5177,495.968,423.3659,495.968,423.3659,505.4644,388.5177,505.4644],"IndexInText":1784,"OcrConfidence":1.0,"Text":"Renaissance","VisualLineNumber":27},{"Box":[495.968,425.1284,19.9726,9.4964],"Polygon":[425.1284,495.968,445.101,495.968,445.101,505.4644,425.1284,505.4644],"IndexInText":1796,"OcrConfidence":1.0,"Text":"Shelter","VisualLineNumber":27},{"Box":[495.968,446.8635,13.6982,9.4964],"Polygon":[446.8635,495.968,460.5617,495.968,460.5617,505.4644,446.8635,505.4644],"IndexInText":1804,"OcrConfidence":1.0,"Text":"were","VisualLineNumber":27},{"Box":[495.968,462.3242,24.6749,9.4964],"Polygon":[462.3242,495.968,486.9991,495.968,486.9991,505.4644,462.3242,505.4644],"IndexInText":1809,"OcrConfidence":1.0,"Text":"involved","VisualLineNumber":27},{"Box":[495.968,488.7616,5.4849,9.4964],"Polygon":[488.7616,495.968,494.2465,495.968,494.2465,505.4644,488.7616,505.4644],"IndexInText":1818,"OcrConfidence":1.0,"Text":"in","VisualLineNumber":27},{"Box":[495.968,496.009,3.1302,9.4964],"Polygon":[496.009,495.968,499.1392,495.968,499.1392,505.4644,496.009,505.4644],"IndexInText":1821,"OcrConfidence":1.0,"Text":"a","VisualLineNumber":27},{"Box":[495.968,500.9017,23.4977,9.4964],"Polygon":[500.9017,495.968,524.3994,495.968,524.3994,505.4644,500.9017,505.4644],"IndexInText":1823,"OcrConfidence":1.0,"Text":"physical","VisualLineNumber":27}]}]},{"IndexInText":1833,"Language":"eng","Length":19,"Rotation":"None","SkewAngle":0.0,"Type":"Paragraph","WordGroups":[{"IndexInText":1833,"Length":19,"Type":"Other","Words":[{"Box":[475.7052,579.35,32.4934,9.7572],"Polygon":[579.35,475.7052,611.8434,475.7052,611.8434,485.4624,579.35,485.4624],"IndexInText":1833,"OcrConfidence":1.0,"Text":"Recoveries","VisualLineNumber":25},{"Box":[492.8552,584.95,27.0226,9.7572],"Polygon":[584.95,492.8552,611.9726,492.8552,611.9726,502.6124,584.95,502.6124],"IndexInText":1844,"OcrConfidence":1.0,"Text":"Incurred","VisualLineNumber":27}]}]},{"IndexInText":1854,"Language":"eng","Length":17,"Rotation":"None","SkewAngle":0.0,"Type":"Paragraph","WordGroups":[{"IndexInText":1854,"Length":17,"Type":"Other","Words":[{"Box":[24.7552,672.0,16.4407,9.7572],"Polygon":[672.0,24.7552,688.4407,24.7552,688.4407,34.5124,672.0,34.5124],"IndexInText":1854,"OcrConfidence":1.0,"Text":"Date:","VisualLineNumber":0},{"Box":[36.7552,672.0,18.0128,9.7572],"Polygon":[672.0,36.7552,690.0128,36.7552,690.0128,46.5124,672.0,46.5124],"IndexInText":1860,"OcrConfidence":1.0,"Text":"Time:","VisualLineNumber":1},{"Box":[48.7552,672.0,16.8354,9.7572],"Polygon":[672.0,48.7552,688.8354,48.7552,688.8354,58.5124,672.0,58.5124],"IndexInText":1866,"OcrConfidence":1.0,"Text":"Page:","VisualLineNumber":2}]}]},{"IndexInText":1873,"Language":"eng","Length":4,"Rotation":"None","SkewAngle":0.0,"Type":"Paragraph","WordGroups":[{"IndexInText":1873,"Length":4,"Type":"Other","Words":[{"Box":[135.8552,670.25,13.7122,9.7572],"Polygon":[670.25,135.8552,683.9622,135.8552,683.9622,145.6124,670.25,145.6124],"IndexInText":1873,"OcrConfidence":1.0,"Text":"Loss","VisualLineNumber":6}]}]},{"IndexInText":1879,"Language":"bul","Length":5,"Rotation":"None","SkewAngle":0.0,"Type":"Paragraph","WordGroups":[{"IndexInText":1879,"Length":5,"Type":"Other","Words":[{"Box":[194.818,680.4625,3.525,9.4964],"Polygon":[680.4625,194.818,683.9875,194.818,683.9875,204.3144,680.4625,204.3144],"IndexInText":1879,"OcrConfidence":1.0,"Text":"0","VisualLineNumber":8},{"Box":[206.818,680.4625,3.525,9.4964],"Polygon":[680.4625,206.818,683.9875,206.818,683.9875,216.3144,680.4625,216.3144],"IndexInText":1881,"OcrConfidence":1.0,"Text":"0","VisualLineNumber":9},{"Box":[218.968,680.4625,3.525,9.4964],"Polygon":[680.4625,218.968,683.9875,218.968,683.9875,228.4644,680.4625,228.4644],"IndexInText":1883,"OcrConfidence":1.0,"Text":"0","VisualLineNumber":10}]}]},{"IndexInText":1886,"Language":"eng","Length":1,"Rotation":"None","SkewAngle":0.0,"Type":"Paragraph","WordGroups":[{"IndexInText":1886,"Length":1,"Type":"Other","Words":[{"Box":[239.368,680.4625,3.525,9.4964],"Polygon":[680.4625,239.368,683.9875,239.368,683.9875,248.8644,680.4625,248.8644],"IndexInText":1886,"OcrConfidence":1.0,"Text":"0","VisualLineNumber":12}]}]},{"IndexInText":1889,"Language":"bul","Length":5,"Rotation":"None","SkewAngle":0.0,"Type":"Paragraph","WordGroups":[{"IndexInText":1889,"Length":5,"Type":"Other","Words":[{"Box":[279.818,680.4625,3.525,9.4964],"Polygon":[680.4625,279.818,683.9875,279.818,683.9875,289.3144,680.4625,289.3144],"IndexInText":1889,"OcrConfidence":1.0,"Text":"0","VisualLineNumber":13},{"Box":[291.818,680.4625,3.525,9.4964],"Polygon":[680.4625,291.818,683.9875,291.818,683.9875,301.3144,680.4625,301.3144],"IndexInText":1891,"OcrConfidence":1.0,"Text":"0","VisualLineNumber":14},{"Box":[303.968,680.4625,3.525,9.4964],"Polygon":[680.4625,303.968,683.9875,303.968,683.9875,313.4644,680.4625,313.4644],"IndexInText":1893,"OcrConfidence":1.0,"Text":"0","VisualLineNumber":15}]}]},{"IndexInText":1896,"Language":"eng","Length":1,"Rotation":"None","SkewAngle":0.0,"Type":"Paragraph","WordGroups":[{"IndexInText":1896,"Length":1,"Type":"Other","Words":[{"Box":[324.368,680.4625,3.525,9.4964],"Polygon":[680.4625,324.368,683.9875,324.368,683.9875,333.8644,680.4625,333.8644],"IndexInText":1896,"OcrConfidence":1.0,"Text":"0","VisualLineNumber":17}]}]},{"IndexInText":1899,"Language":"bul","Length":9,"Rotation":"None","SkewAngle":0.0,"Type":"Paragraph","WordGroups":[{"IndexInText":1899,"Length":9,"Type":"Other","Words":[{"Box":[364.818,680.4625,3.525,9.4964],"Polygon":[680.4625,364.818,683.9875,364.818,683.9875,374.3144,680.4625,374.3144],"IndexInText":1899,"OcrConfidence":1.0,"Text":"0","VisualLineNumber":18},{"Box":[376.818,668.0625,15.8625,9.4964],"Polygon":[668.0625,376.818,683.925,376.818,683.925,386.3144,668.0625,386.3144],"IndexInText":1901,"OcrConfidence":1.0,"Text":"3,000","VisualLineNumber":19},{"Box":[388.968,680.4625,3.525,9.4964],"Polygon":[680.4625,388.968,683.9875,388.968,683.9875,398.4644,680.4625,398.4644],"IndexInText":1907,"OcrConfidence":1.0,"Text":"0","VisualLineNumber":20}]}]},{"IndexInText":1910,"Language":"bul","Length":5,"Rotation":"None","SkewAngle":0.0,"Type":"Paragraph","WordGroups":[{"IndexInText":1910,"Length":5,"Type":"Other","Words":[{"Box":[409.368,668.0625,15.8625,9.4964],"Polygon":[668.0625,409.368,683.925,409.368,683.925,418.8644,668.0625,418.8644],"IndexInText":1910,"OcrConfidence":1.0,"Text":"3,000","VisualLineNumber":22}]}]},{"IndexInText":1917,"Language":"bul","Length":5,"Rotation":"None","SkewAngle":0.0,"Type":"Paragraph","WordGroups":[{"IndexInText":1917,"Length":5,"Type":"Other","Words":[{"Box":[449.818,680.4625,3.525,9.4964],"Polygon":[680.4625,449.818,683.9875,449.818,683.9875,459.3144,680.4625,459.3144],"IndexInText":1917,"OcrConfidence":1.0,"Text":"0","VisualLineNumber":23},{"Box":[461.818,680.4625,3.525,9.4964],"Polygon":[680.4625,461.818,683.9875,461.818,683.9875,471.3144,680.4625,471.3144],"IndexInText":1919,"OcrConfidence":1.0,"Text":"0","VisualLineNumber":24},{"Box":[473.968,680.4625,3.525,9.4964],"Polygon":[680.4625,473.968,683.9875,473.968,683.9875,483.4644,680.4625,483.4644],"IndexInText":1921,"OcrConfidence":1.0,"Text":"0","VisualLineNumber":25}]}]},{"IndexInText":1924,"Language":"eng","Length":1,"Rotation":"None","SkewAngle":0.0,"Type":"Paragraph","WordGroups":[{"IndexInText":1924,"Length":1,"Type":"Other","Words":[{"Box":[494.368,680.4625,3.525,9.4964],"Polygon":[680.4625,494.368,683.9875,494.368,683.9875,503.8644,680.4625,503.8644],"IndexInText":1924,"OcrConfidence":1.0,"Text":"0","VisualLineNumber":27}]}]},{"IndexInText":1927,"Language":"eng","Length":33,"Rotation":"None","SkewAngle":0.0,"Type":"Paragraph","WordGroups":[{"IndexInText":1927,"Length":33,"Type":"Other","Words":[{"Box":[23.718,708.0,28.5948,9.4964],"Polygon":[708.0,23.718,736.5948,23.718,736.5948,33.2144,708.0,33.2144],"IndexInText":1927,"OcrConfidence":1.0,"Text":"6/30/2020","VisualLineNumber":0},{"Box":[35.718,709.7625,31.7321,9.4964],"Polygon":[709.7625,35.718,741.4946,35.718,741.4946,45.2144,709.7625,45.2144],"IndexInText":1937,"OcrConfidence":1.0,"Text":"4:46:11PM","VisualLineNumber":1},{"Box":[47.718,708.0,13.7052,9.4964],"Polygon":[708.0,47.718,721.7052,47.718,721.7052,57.2144,708.0,57.2144],"IndexInText":1947,"OcrConfidence":1.0,"Text":"Page","VisualLineNumber":2},{"Box":[47.718,723.4677,3.525,9.4964],"Polygon":[723.4677,47.718,726.9927,47.718,726.9927,57.2144,723.4677,57.2144],"IndexInText":1952,"OcrConfidence":1.0,"Text":"1","VisualLineNumber":2},{"Box":[47.718,728.7552,5.8727,9.4964],"Polygon":[728.7552,47.718,734.6279,47.718,734.6279,57.2144,728.7552,57.2144],"IndexInText":1954,"OcrConfidence":1.0,"Text":"of","VisualLineNumber":2},{"Box":[47.718,736.3904,10.575,9.4964],"Polygon":[736.3904,47.718,746.9654,47.718,746.9654,57.2144,736.3904,57.2144],"IndexInText":1957,"OcrConfidence":1.0,"Text":"726","VisualLineNumber":2}]}]},{"IndexInText":1962,"Language":"eng","Length":4,"Rotation":"None","SkewAngle":0.0,"Type":"Paragraph","WordGroups":[{"IndexInText":1962,"Length":4,"Type":"Other","Words":[{"Box":[135.8552,706.4,19.585,9.7572],"Polygon":[706.4,135.8552,725.985,135.8552,725.985,145.6124,706.4,145.6124],"IndexInText":1962,"OcrConfidence":1.0,"Text":"ALAE","VisualLineNumber":6}]}]},{"IndexInText":1968,"Language":"bul","Length":5,"Rotation":"None","SkewAngle":0.0,"Type":"Paragraph","WordGroups":[{"IndexInText":1968,"Length":5,"Type":"Other","Words":[{"Box":[194.968,722.4625,3.525,9.4964],"Polygon":[722.4625,194.968,725.9875,194.968,725.9875,204.4644,722.4625,204.4644],"IndexInText":1968,"OcrConfidence":1.0,"Text":"0","VisualLineNumber":8},{"Box":[206.818,722.4625,3.525,9.4964],"Polygon":[722.4625,206.818,725.9875,206.818,725.9875,216.3144,722.4625,216.3144],"IndexInText":1970,"OcrConfidence":1.0,"Text":"0","VisualLineNumber":9},{"Box":[218.968,722.4625,3.525,9.4964],"Polygon":[722.4625,218.968,725.9875,218.968,725.9875,228.4644,722.4625,228.4644],"IndexInText":1972,"OcrConfidence":1.0,"Text":"0","VisualLineNumber":10}]}]},{"IndexInText":1975,"Language":"eng","Length":1,"Rotation":"None","SkewAngle":0.0,"Type":"Paragraph","WordGroups":[{"IndexInText":1975,"Length":1,"Type":"Other","Words":[{"Box":[239.368,722.4625,3.525,9.4964],"Polygon":[722.4625,239.368,725.9875,239.368,725.9875,248.8644,722.4625,248.8644],"IndexInText":1975,"OcrConfidence":1.0,"Text":"0","VisualLineNumber":12}]}]},{"IndexInText":1978,"Language":"bul","Length":5,"Rotation":"None","SkewAngle":0.0,"Type":"Paragraph","WordGroups":[{"IndexInText":1978,"Length":5,"Type":"Other","Words":[{"Box":[279.968,722.4625,3.525,9.4964],"Polygon":[722.4625,279.968,725.9875,279.968,725.9875,289.4644,722.4625,289.4644],"IndexInText":1978,"OcrConfidence":1.0,"Text":"0","VisualLineNumber":13},{"Box":[291.818,722.4625,3.525,9.4964],"Polygon":[722.4625,291.818,725.9875,291.818,725.9875,301.3144,722.4625,301.3144],"IndexInText":1980,"OcrConfidence":1.0,"Text":"0","VisualLineNumber":14},{"Box":[303.968,722.4625,3.525,9.4964],"Polygon":[722.4625,303.968,725.9875,303.968,725.9875,313.4644,722.4625,313.4644],"IndexInText":1982,"OcrConfidence":1.0,"Text":"0","VisualLineNumber":15}]}]},{"IndexInText":1985,"Language":"eng","Length":1,"Rotation":"None","SkewAngle":0.0,"Type":"Paragraph","WordGroups":[{"IndexInText":1985,"Length":1,"Type":"Other","Words":[{"Box":[324.368,722.4625,3.525,9.4964],"Polygon":[722.4625,324.368,725.9875,324.368,725.9875,333.8644,722.4625,333.8644],"IndexInText":1985,"OcrConfidence":1.0,"Text":"0","VisualLineNumber":17}]}]},{"IndexInText":1988,"Language":"bul","Length":10,"Rotation":"None","SkewAngle":0.0,"Type":"Paragraph","WordGroups":[{"IndexInText":1988,"Length":10,"Type":"Other","Words":[{"Box":[364.968,722.4625,3.525,9.4964],"Polygon":[722.4625,364.968,725.9875,364.968,725.9875,374.4644,722.4625,374.4644],"IndexInText":1988,"OcrConfidence":1.0,"Text":"0","VisualLineNumber":18},{"Box":[376.818,706.5125,19.3875,9.4964],"Polygon":[706.5125,376.818,725.9,376.818,725.9,386.3144,706.5125,386.3144],"IndexInText":1990,"OcrConfidence":1.0,"Text":"39,990","VisualLineNumber":19},{"Box":[388.968,722.4625,3.525,9.4964],"Polygon":[722.4625,388.968,725.9875,388.968,725.9875,398.4644,722.4625,398.4644],"IndexInText":1997,"OcrConfidence":1.0,"Text":"0","VisualLineNumber":20}]}]},{"IndexInText":2000,"Language":"bul","Length":6,"Rotation":"None","SkewAngle":0.0,"Type":"Paragraph","WordGroups":[{"IndexInText":2000,"Length":6,"Type":"Other","Words":[{"Box":[409.368,706.5125,19.3875,9.4964],"Polygon":[706.5125,409.368,725.9,409.368,725.9,418.8644,706.5125,418.8644],"IndexInText":2000,"OcrConfidence":1.0,"Text":"39,990","VisualLineNumber":22}]}]},{"IndexInText":2008,"Language":"bul","Length":5,"Rotation":"None","SkewAngle":0.0,"Type":"Paragraph","WordGroups":[{"IndexInText":2008,"Length":5,"Type":"Other","Words":[{"Box":[449.968,722.4625,3.525,9.4964],"Polygon":[722.4625,449.968,725.9875,449.968,725.9875,459.4644,722.4625,459.4644],"IndexInText":2008,"OcrConfidence":1.0,"Text":"0","VisualLineNumber":23},{"Box":[461.818,722.4625,3.525,9.4964],"Polygon":[722.4625,461.818,725.9875,461.818,725.9875,471.3144,722.4625,471.3144],"IndexInText":2010,"OcrConfidence":1.0,"Text":"0","VisualLineNumber":24},{"Box":[473.968,722.4625,3.525,9.4964],"Polygon":[722.4625,473.968,725.9875,473.968,725.9875,483.4644,722.4625,483.4644],"IndexInText":2012,"OcrConfidence":1.0,"Text":"0","VisualLineNumber":25}]}]},{"IndexInText":2015,"Language":"eng","Length":1,"Rotation":"None","SkewAngle":0.0,"Type":"Paragraph","WordGroups":[{"IndexInText":2015,"Length":1,"Type":"Other","Words":[{"Box":[494.368,722.4625,3.525,9.4964],"Polygon":[722.4625,494.368,725.9875,494.368,725.9875,503.8644,722.4625,503.8644],"IndexInText":2015,"OcrConfidence":1.0,"Text":"0","VisualLineNumber":27}]}]},{"IndexInText":2018,"Language":"nld","Length":5,"Rotation":"None","SkewAngle":0.0,"Type":"Paragraph","WordGroups":[{"IndexInText":2018,"Length":5,"Type":"Other","Words":[{"Box":[135.8552,751.9,16.0599,9.7572],"Polygon":[751.9,135.8552,767.9599,135.8552,767.9599,145.6124,751.9,145.6124],"IndexInText":2018,"OcrConfidence":1.0,"Text":"Total","VisualLineNumber":6}]}]},{"IndexInText":2025,"Language":"bul","Length":5,"Rotation":"None","SkewAngle":0.0,"Type":"Paragraph","WordGroups":[{"IndexInText":2025,"Length":5,"Type":"Other","Words":[{"Box":[194.968,764.4625,3.525,9.4964],"Polygon":[764.4625,194.968,767.9875,194.968,767.9875,204.4644,764.4625,204.4644],"IndexInText":2025,"OcrConfidence":1.0,"Text":"0","VisualLineNumber":8},{"Box":[206.818,764.4625,3.525,9.4964],"Polygon":[764.4625,206.818,767.9875,206.818,767.9875,216.3144,764.4625,216.3144],"IndexInText":2027,"OcrConfidence":1.0,"Text":"0","VisualLineNumber":9},{"Box":[218.968,764.4625,3.525,9.4964],"Polygon":[764.4625,218.968,767.9875,218.968,767.9875,228.4644,764.4625,228.4644],"IndexInText":2029,"OcrConfidence":1.0,"Text":"0","VisualLineNumber":10}]}]},{"IndexInText":2032,"Language":"eng","Length":1,"Rotation":"None","SkewAngle":0.0,"Type":"Paragraph","WordGroups":[{"IndexInText":2032,"Length":1,"Type":"Other","Words":[{"Box":[239.718,764.4625,3.525,9.4964],"Polygon":[764.4625,239.718,767.9875,239.718,767.9875,249.2144,764.4625,249.2144],"IndexInText":2032,"OcrConfidence":1.0,"Text":"0","VisualLineNumber":12}]}]},{"IndexInText":2035,"Language":"bul","Length":5,"Rotation":"None","SkewAngle":0.0,"Type":"Paragraph","WordGroups":[{"IndexInText":2035,"Length":5,"Type":"Other","Words":[{"Box":[279.968,764.4625,3.525,9.4964],"Polygon":[764.4625,279.968,767.9875,279.968,767.9875,289.4644,764.4625,289.4644],"IndexInText":2035,"OcrConfidence":1.0,"Text":"0","VisualLineNumber":13},{"Box":[291.818,764.4625,3.525,9.4964],"Polygon":[764.4625,291.818,767.9875,291.818,767.9875,301.3144,764.4625,301.3144],"IndexInText":2037,"OcrConfidence":1.0,"Text":"0","VisualLineNumber":14},{"Box":[303.968,764.4625,3.525,9.4964],"Polygon":[764.4625,303.968,767.9875,303.968,767.9875,313.4644,764.4625,313.4644],"IndexInText":2039,"OcrConfidence":1.0,"Text":"0","VisualLineNumber":15}]}]},{"IndexInText":2042,"Language":"eng","Length":1,"Rotation":"None","SkewAngle":0.0,"Type":"Paragraph","WordGroups":[{"IndexInText":2042,"Length":1,"Type":"Other","Words":[{"Box":[324.718,764.4625,3.525,9.4964],"Polygon":[764.4625,324.718,767.9875,324.718,767.9875,334.2144,764.4625,334.2144],"IndexInText":2042,"OcrConfidence":1.0,"Text":"0","VisualLineNumber":17}]}]},{"IndexInText":2045,"Language":"bul","Length":10,"Rotation":"None","SkewAngle":0.0,"Type":"Paragraph","WordGroups":[{"IndexInText":2045,"Length":10,"Type":"Other","Words":[{"Box":[364.968,764.4625,3.525,9.4964],"Polygon":[764.4625,364.968,767.9875,364.968,767.9875,374.4644,764.4625,374.4644],"IndexInText":2045,"OcrConfidence":1.0,"Text":"0","VisualLineNumber":18},{"Box":[376.818,748.5125,19.3875,9.4964],"Polygon":[748.5125,376.818,767.9,376.818,767.9,386.3144,748.5125,386.3144],"IndexInText":2047,"OcrConfidence":1.0,"Text":"42,990","VisualLineNumber":19},{"Box":[388.968,764.4625,3.525,9.4964],"Polygon":[764.4625,388.968,767.9875,388.968,767.9875,398.4644,764.4625,398.4644],"IndexInText":2054,"OcrConfidence":1.0,"Text":"0","VisualLineNumber":20}]}]},{"IndexInText":2057,"Language":"bul","Length":6,"Rotation":"None","SkewAngle":0.0,"Type":"Paragraph","WordGroups":[{"IndexInText":2057,"Length":6,"Type":"Other","Words":[{"Box":[409.718,748.5125,19.3875,9.4964],"Polygon":[748.5125,409.718,767.9,409.718,767.9,419.2144,748.5125,419.2144],"IndexInText":2057,"OcrConfidence":1.0,"Text":"42,990","VisualLineNumber":22}]}]},{"IndexInText":2065,"Language":"bul","Length":5,"Rotation":"None","SkewAngle":0.0,"Type":"Paragraph","WordGroups":[{"IndexInText":2065,"Length":5,"Type":"Other","Words":[{"Box":[449.968,764.4625,3.525,9.4964],"Polygon":[764.4625,449.968,767.9875,449.968,767.9875,459.4644,764.4625,459.4644],"IndexInText":2065,"OcrConfidence":1.0,"Text":"0","VisualLineNumber":23},{"Box":[461.818,764.4625,3.525,9.4964],"Polygon":[764.4625,461.818,767.9875,461.818,767.9875,471.3144,764.4625,471.3144],"IndexInText":2067,"OcrConfidence":1.0,"Text":"0","VisualLineNumber":24},{"Box":[473.968,764.4625,3.525,9.4964],"Polygon":[764.4625,473.968,767.9875,473.968,767.9875,483.4644,764.4625,483.4644],"IndexInText":2069,"OcrConfidence":1.0,"Text":"0","VisualLineNumber":25}]}]},{"IndexInText":2072,"Language":"eng","Length":1,"Rotation":"None","SkewAngle":0.0,"Type":"Paragraph","WordGroups":[{"IndexInText":2072,"Length":1,"Type":"Other","Words":[{"Box":[494.718,764.4625,3.525,9.4964],"Polygon":[764.4625,494.718,767.9875,494.718,767.9875,504.2144,764.4625,504.2144],"IndexInText":2072,"OcrConfidence":1.0,"Text":"0","VisualLineNumber":27}]}]}],"ProcessingSource":"Pdf","IndexInText":0,"TextLength":2073,"SkewAngle":0.0}]}