{"DocumentTypeId":"LossRun.Reports.DataExtraction","FormId":"eb709dda","FormName":"Amtrust Generic WIth ALlignment(4) non printed","OriginalFileExtension":"pdf","Pages":[{"Page":0,"Size":[0.0,0.0,792.0,612.0],"SkewAngle":0.0,"Evidence":[{"Text":"Claim","Box":[111.8552,24.0,18.4076,9.7572]},{"Text":"No","Box":[111.8552,44.1701,8.6151,9.7572]},{"Text":"Claimant","Box":[111.8552,84.0,28.2001,9.7572]},{"Text":"Claim","Box":[123.8552,246.0,18.4076,9.7572]},{"Text":"Type","Box":[123.8552,266.1701,15.2773,9.7572]},{"Text":"Status","Box":[111.8552,306.0,18.8024,9.7572]},{"Text":"LOB","Box":[123.8552,306.0,14.8897,9.7572]},{"Text":"Reserves","Box":[195.8552,585.25,26.6207,9.7572]},{"Text":"Payments","Box":[207.8552,582.6,29.3703,9.7572]},{"Text":"Recoveries","Box":[220.7052,579.35,32.4934,9.7572]},{"Text":"Incurred","Box":[237.8552,584.95,27.0226,9.7572]}],"Fields":[],"Tables":[{"FieldId":"LossRun.Reports.DataExtraction.ClaimDetails","Headers":[{"FieldId":"LossRun.Reports.DataExtraction.ClaimDetails.Carrier","Box":[0.0,0.0,0.0,0.0]},{"FieldId":"LossRun.Reports.DataExtraction.ClaimDetails.PolicyNumber","Box":[0.0,0.0,0.0,0.0]},{"FieldId":"LossRun.Reports.DataExtraction.ClaimDetails.PolicyYear","Box":[0.0,0.0,0.0,0.0]},{"FieldId":"LossRun.Reports.DataExtraction.ClaimDetails.PolicyEffectiveDate","Box":[0.0,0.0,0.0,0.0]},{"FieldId":"LossRun.Reports.DataExtraction.ClaimDetails.PolicyExpirationDate","Box":[0.0,0.0,0.0,0.0]},{"FieldId":"LossRun.Reports.DataExtraction.ClaimDetails.CoverageType","Box":[0.0,0.0,0.0,0.0]},{"FieldId":"LossRun.Reports.DataExtraction.ClaimDetails.Customer","Box":[0.0,0.0,0.0,0.0]},{"FieldId":"LossRun.Reports.DataExtraction.ClaimDetails.ClaimNumber","Box":[0.0,0.0,0.0,0.0]},{"FieldId":"LossRun.Reports.DataExtraction.ClaimDetails.DateofLoss","Box":[0.0,0.0,0.0,0.0]},{"FieldId":"LossRun.Reports.DataExtraction.ClaimDetails.DateReportedtoEmployer","Box":[0.0,0.0,0.0,0.0]},{"FieldId":"LossRun.Reports.DataExtraction.ClaimDetails.DateReportedtoCarrier","Box":[0.0,0.0,0.0,0.0]},{"FieldId":"LossRun.Reports.DataExtraction.ClaimDetails.Status","Box":[0.0,0.0,0.0,0.0]},{"FieldId":"LossRun.Reports.DataExtraction.ClaimDetails.OpenedDate","Box":[0.0,0.0,0.0,0.0]},{"FieldId":"LossRun.Reports.DataExtraction.ClaimDetails.CloseDate","Box":[0.0,0.0,0.0,0.0]},{"FieldId":"LossRun.Reports.DataExtraction.ClaimDetails.ReopenedDate","Box":[0.0,0.0,0.0,0.0]},{"FieldId":"LossRun.Reports.DataExtraction.ClaimDetails.ClaimType","Box":[0.0,0.0,0.0,0.0]},{"FieldId":"LossRun.Reports.DataExtraction.ClaimDetails.ClaimantFirstName","Box":[0.0,0.0,0.0,0.0]},{"FieldId":"LossRun.Reports.DataExtraction.ClaimDetails.ClaimantLastname","Box":[0.0,0.0,0.0,0.0]},{"FieldId":"LossRun.Reports.DataExtraction.ClaimDetails.EntityName(IfnotaPerson)","Box":[0.0,0.0,0.0,0.0]},{"FieldId":"LossRun.Reports.DataExtraction.ClaimDetails.AccidentDescription","Box":[0.0,0.0,0.0,0.0]},{"FieldId":"LossRun.Reports.DataExtraction.ClaimDetails.AccidentLocation(Description)","Box":[0.0,0.0,0.0,0.0]},{"FieldId":"LossRun.Reports.DataExtraction.ClaimDetails.AccidentLocation(Number)","Box":[0.0,0.0,0.0,0.0]},{"FieldId":"LossRun.Reports.DataExtraction.ClaimDetails.AccidentLocation(NumberCode)","Box":[0.0,0.0,0.0,0.0]},{"FieldId":"LossRun.Reports.DataExtraction.ClaimDetails.AccidentSite","Box":[0.0,0.0,0.0,0.0]},{"FieldId":"LossRun.Reports.DataExtraction.ClaimDetails.AccidentSiteCity","Box":[0.0,0.0,0.0,0.0]},{"FieldId":"LossRun.Reports.DataExtraction.ClaimDetails.AccidentState","Box":[0.0,0.0,0.0,0.0]},{"FieldId":"LossRun.Reports.DataExtraction.ClaimDetails.ValueDate","Box":[0.0,0.0,0.0,0.0]},{"FieldId":"LossRun.Reports.DataExtraction.ClaimDetails.PaidTotal","Box":[0.0,0.0,0.0,0.0]},{"FieldId":"LossRun.Reports.DataExtraction.ClaimDetails.OutstandingTotal","Box":[0.0,0.0,0.0,0.0]},{"FieldId":"LossRun.Reports.DataExtraction.ClaimDetails.IncurredTotal","Box":[0.0,0.0,0.0,0.0]},{"FieldId":"LossRun.Reports.DataExtraction.ClaimDetails.Recoveries","Box":[0.0,0.0,0.0,0.0]},{"FieldId":"LossRun.Reports.DataExtraction.ClaimDetails.PaidIndPDColl","Box":[0.0,0.0,0.0,0.0]},{"FieldId":"LossRun.Reports.DataExtraction.ClaimDetails.OutstandingINdPDColl","Box":[0.0,0.0,0.0,0.0]},{"FieldId":"LossRun.Reports.DataExtraction.ClaimDetails.RecoveredindPDColl","Box":[0.0,0.0,0.0,0.0]},{"FieldId":"LossRun.Reports.DataExtraction.ClaimDetails.PaidMedBIComp","Box":[0.0,0.0,0.0,0.0]},{"FieldId":"LossRun.Reports.DataExtraction.ClaimDetails.OutstandingMedBIComp","Box":[0.0,0.0,0.0,0.0]},{"FieldId":"LossRun.Reports.DataExtraction.ClaimDetails.RecoveredMedBIComp","Box":[0.0,0.0,0.0,0.0]},{"FieldId":"LossRun.Reports.DataExtraction.ClaimDetails.PaidExpense","Box":[0.0,0.0,0.0,0.0]},{"FieldId":"LossRun.Reports.DataExtraction.ClaimDetails.OutstandingExpense","Box":[0.0,0.0,0.0,0.0]},{"FieldId":"LossRun.Reports.DataExtraction.ClaimDetails.RecoveredExpense","Box":[0.0,0.0,0.0,0.0]},{"FieldId":"LossRun.Reports.DataExtraction.ClaimDetails.PaidSalvage","Box":[0.0,0.0,0.0,0.0]},{"FieldId":"LossRun.Reports.DataExtraction.ClaimDetails.OutstandingSalvage","Box":[0.0,0.0,0.0,0.0]},{"FieldId":"LossRun.Reports.DataExtraction.ClaimDetails.RecoveredSalvage","Box":[0.0,0.0,0.0,0.0]},{"FieldId":"LossRun.Reports.DataExtraction.ClaimDetails.PaidSubro","Box":[0.0,0.0,0.0,0.0]},{"FieldId":"LossRun.Reports.DataExtraction.ClaimDetails.OutstandingSubro","Box":[0.0,0.0,0.0,0.0]},{"FieldId":"LossRun.Reports.DataExtraction.ClaimDetails.RecoveredSubro","Box":[0.0,0.0,0.0,0.0]},{"FieldId":"LossRun.Reports.DataExtraction.ClaimDetails.LossType","Box":[0.0,0.0,0.0,0.0]},{"FieldId":"LossRun.Reports.DataExtraction.ClaimDetails.CauseOFInjury","Box":[0.0,0.0,0.0,0.0]},{"FieldId":"LossRun.Reports.DataExtraction.ClaimDetails.DetailedCauseofInjury","Box":[0.0,0.0,0.0,0.0]},{"FieldId":"LossRun.Reports.DataExtraction.ClaimDetails.NatureOfInjury","Box":[0.0,0.0,0.0,0.0]},{"FieldId":"LossRun.Reports.DataExtraction.ClaimDetails.DetailedNatureOfInjury","Box":[0.0,0.0,0.0,0.0]},{"FieldId":"LossRun.Reports.DataExtraction.ClaimDetails.BodyPartInjured","Box":[0.0,0.0,0.0,0.0]},{"FieldId":"LossRun.Reports.DataExtraction.ClaimDetails.DetailedBodyPartInjured","Box":[0.0,0.0,0.0,0.0]},{"FieldId":"LossRun.Reports.DataExtraction.ClaimDetails.ContributingFactor","Box":[0.0,0.0,0.0,0.0]},{"FieldId":"LossRun.Reports.DataExtraction.ClaimDetails.LitigationIndication","Box":[0.0,0.0,0.0,0.0]},{"FieldId":"LossRun.Reports.DataExtraction.ClaimDetails.Subrogation","Box":[0.0,0.0,0.0,0.0]},{"FieldId":"LossRun.Reports.DataExtraction.ClaimDetails.Occupation","Box":[0.0,0.0,0.0,0.0]},{"FieldId":"LossRun.Reports.DataExtraction.ClaimDetails.WorkLocation","Box":[0.0,0.0,0.0,0.0]},{"FieldId":"LossRun.Reports.DataExtraction.ClaimDetails.NCCICode","Box":[0.0,0.0,0.0,0.0]},{"FieldId":"LossRun.Reports.DataExtraction.ClaimDetails.DateOfBirth","Box":[0.0,0.0,0.0,0.0]},{"FieldId":"LossRun.Reports.DataExtraction.ClaimDetails.RTW","Box":[0.0,0.0,0.0,0.0]},{"FieldId":"LossRun.Reports.DataExtraction.ClaimDetails.RTWDATE","Box":[0.0,0.0,0.0,0.0]},{"FieldId":"LossRun.Reports.DataExtraction.ClaimDetails.Death","Box":[0.0,0.0,0.0,0.0]},{"FieldId":"LossRun.Reports.DataExtraction.ClaimDetails.Section32","Box":[0.0,0.0,0.0,0.0]},{"FieldId":"LossRun.Reports.DataExtraction.ClaimDetails.SLU","Box":[0.0,0.0,0.0,0.0]},{"FieldId":"LossRun.Reports.DataExtraction.ClaimDetails.GroupNumber","Box":[0.0,0.0,0.0,0.0]},{"FieldId":"LossRun.Reports.DataExtraction.ClaimDetails.EntityNumber","Box":[0.0,0.0,0.0,0.0]},{"FieldId":"LossRun.Reports.DataExtraction.ClaimDetails.BargainUnit","Box":[0.0,0.0,0.0,0.0]},{"FieldId":"LossRun.Reports.DataExtraction.ClaimDetails.EmployerReimburse","Box":[0.0,0.0,0.0,0.0]},{"FieldId":"LossRun.Reports.DataExtraction.ClaimDetails.Medicare","Box":[0.0,0.0,0.0,0.0]},{"FieldId":"LossRun.Reports.DataExtraction.ClaimDetails.DriverName","Box":[0.0,0.0,0.0,0.0]},{"FieldId":"LossRun.Reports.DataExtraction.ClaimDetails.VehicleUnitdescription","Box":[0.0,0.0,0.0,0.0]},{"FieldId":"LossRun.Reports.DataExtraction.ClaimDetails.Vehicleyear","Box":[0.0,0.0,0.0,0.0]},{"FieldId":"LossRun.Reports.DataExtraction.ClaimDetails.VehicleManufacturer","Box":[0.0,0.0,0.0,0.0]},{"FieldId":"LossRun.Reports.DataExtraction.ClaimDetails.VehicleModel","Box":[0.0,0.0,0.0,0.0]},{"FieldId":"LossRun.Reports.DataExtraction.ClaimDetails.VehicleID","Box":[0.0,0.0,0.0,0.0]},{"FieldId":"LossRun.Reports.DataExtraction.ClaimDetails.VehicleLicensePlate","Box":[0.0,0.0,0.0,0.0]},{"FieldId":"LossRun.Reports.DataExtraction.ClaimDetails.VehicleLicenseState","Box":[0.0,0.0,0.0,0.0]},{"FieldId":"LossRun.Reports.DataExtraction.ClaimDetails.TotaledIndicator","Box":[0.0,0.0,0.0,0.0]},{"FieldId":"LossRun.Reports.DataExtraction.ClaimDetails.AdjusterName","Box":[0.0,0.0,0.0,0.0]},{"FieldId":"LossRun.Reports.DataExtraction.ClaimDetails.AdjusterPhone","Box":[0.0,0.0,0.0,0.0]},{"FieldId":"LossRun.Reports.DataExtraction.ClaimDetails.AdjusterEmail","Box":[0.0,0.0,0.0,0.0]},{"FieldId":"LossRun.Reports.DataExtraction.ClaimDetails.ConcurrentEmp","Box":[0.0,0.0,0.0,0.0]},{"FieldId":"LossRun.Reports.DataExtraction.ClaimDetails.DegreeofDisability","Box":[0.0,0.0,0.0,0.0]},{"FieldId":"LossRun.Reports.DataExtraction.ClaimDetails.AvgWklyWage","Box":[0.0,0.0,0.0,0.0]},{"FieldId":"LossRun.Reports.DataExtraction.ClaimDetails.AttorneyFirm","Box":[0.0,0.0,0.0,0.0]},{"FieldId":"LossRun.Reports.DataExtraction.ClaimDetails.ClaimantSSN","Box":[0.0,0.0,0.0,0.0]},{"FieldId":"LossRun.Reports.DataExtraction.ClaimDetails.LAG","Box":[0.0,0.0,0.0,0.0]},{"FieldId":"LossRun.Reports.DataExtraction.ClaimDetails.GaragingLoc","Box":[0.0,0.0,0.0,0.0]},{"FieldId":"LossRun.Reports.DataExtraction.ClaimDetails.LOB","Box":[0.0,0.0,0.0,0.0]},{"FieldId":"LossRun.Reports.DataExtraction.ClaimDetails.ReservesLoss","Box":[0.0,0.0,0.0,0.0]},{"FieldId":"LossRun.Reports.DataExtraction.ClaimDetails.ReservesALAE","Box":[0.0,0.0,0.0,0.0]},{"FieldId":"LossRun.Reports.DataExtraction.ClaimDetails.PaymentsLoss","Box":[0.0,0.0,0.0,0.0]},{"FieldId":"LossRun.Reports.DataExtraction.ClaimDetails.PaymentsALAE","Box":[0.0,0.0,0.0,0.0]},{"FieldId":"LossRun.Reports.DataExtraction.ClaimDetails.RecoveriesLoss","Box":[0.0,0.0,0.0,0.0]},{"FieldId":"LossRun.Reports.DataExtraction.ClaimDetails.RecoveriesALAE","Box":[0.0,0.0,0.0,0.0]},{"FieldId":"LossRun.Reports.DataExtraction.ClaimDetails.IncurredLoss","Box":[0.0,0.0,0.0,0.0]},{"FieldId":"LossRun.Reports.DataExtraction.ClaimDetails.IncurredALAE","Box":[0.0,0.0,0.0,0.0]},{"FieldId":"LossRun.Reports.DataExtraction.ClaimDetails.UnitLocation","Box":[0.0,0.0,0.0,0.0]},{"FieldId":"LossRun.Reports.DataExtraction.ClaimDetails.DateCanc","Box":[0.0,0.0,0.0,0.0]},{"FieldId":"LossRun.Reports.DataExtraction.ClaimDetails.PaidLoss","Box":[0.0,0.0,0.0,0.0]},{"FieldId":"LossRun.Reports.DataExtraction.ClaimDetails.PaidALAE","Box":[0.0,0.0,0.0,0.0]},{"FieldId":"LossRun.Reports.DataExtraction.ClaimDetails.PaidULAE","Box":[0.0,0.0,0.0,0.0]},{"FieldId":"LossRun.Reports.DataExtraction.ClaimDetails.ReservedLoss","Box":[0.0,0.0,0.0,0.0]},{"FieldId":"LossRun.Reports.DataExtraction.ClaimDetails.ReservedALAE","Box":[0.0,0.0,0.0,0.0]},{"FieldId":"LossRun.Reports.DataExtraction.ClaimDetails.ReservedULAE","Box":[0.0,0.0,0.0,0.0]},{"FieldId":"LossRun.Reports.DataExtraction.ClaimDetails.RecoveredLoss","Box":[0.0,0.0,0.0,0.0]},{"FieldId":"LossRun.Reports.DataExtraction.ClaimDetails.RecoveredALAE","Box":[0.0,0.0,0.0,0.0]},{"FieldId":"LossRun.Reports.DataExtraction.ClaimDetails.RecoveredULAE","Box":[0.0,0.0,0.0,0.0]},{"FieldId":"LossRun.Reports.DataExtraction.ClaimDetails.IncurredULAE","Box":[0.0,0.0,0.0,0.0]},{"FieldId":"LossRun.Reports.DataExtraction.ClaimDetails.Adj","Box":[0.0,0.0,0.0,0.0]},{"FieldId":"LossRun.Reports.DataExtraction.ClaimDetails.AgencyID","Box":[0.0,0.0,0.0,0.0]},{"FieldId":"LossRun.Reports.DataExtraction.ClaimDetails.AgencyName","Box":[0.0,0.0,0.0,0.0]}],"Cells":[{"Row":0,"Column":1,"Box":[203.6719,20.1094,57.2344,12.375]},{"Row":0,"Column":3,"Box":[206.25,86.1094,45.8906,13.4063]},{"Row":0,"Column":4,"Box":[206.25,139.7344,48.4688,15.9844]},{"Row":0,"Column":6,"Box":[229.9688,81.4688,109.3125,39.7031]},{"Row":0,"Column":7,"Box":[191.8125,19.0781,60.3281,12.8906]},{"Row":0,"Column":8,"Box":[193.3594,195.9375,38.1563,12.375]},{"Row":0,"Column":10,"Box":[217.5938,195.4219,40.2188,11.8594]},{"Row":0,"Column":11,"Box":[191.2969,302.1563,48.4688,15.9844]},{"Row":0,"Column":13,"Box":[229.9688,195.4219,38.1563,12.375]},{"Row":0,"Column":15,"Box":[195.4219,241.3125,58.2656,24.2344]},{"Row":0,"Column":16,"Box":[191.2969,80.9531,110.3438,15.4688]},{"Row":0,"Column":19,"Box":[217.0781,360.9375,196.9688,52.5938]},{"Row":0,"Column":25,"Box":[203.6719,193.875,43.3125,15.9844]},{"Row":0,"Column":70,"Box":[185.625,359.9063,139.2188,20.625]},{"Row":0,"Column":79,"Box":[217.0781,300.6094,61.3594,33.5156]},{"Row":0,"Column":87,"Box":[217.5938,244.9219,27.3281,12.375]},{"Row":0,"Column":88,"Box":[227.9063,240.7969,62.9063,41.7656]},{"Row":0,"Column":89,"Box":[206.25,302.1563,51.0469,10.8281]},{"Row":0,"Column":90,"Box":[189.2344,645.0469,46.4063,16.5]},{"Row":0,"Column":91,"Box":[192.8438,691.4531,37.125,13.4063]},{"Row":0,"Column":92,"Box":[206.25,627.0,61.3594,12.375]},{"Row":0,"Column":93,"Box":[205.2188,691.4531,37.6406,13.4063]},{"Row":0,"Column":94,"Box":[216.5625,635.25,51.0469,14.4375]},{"Row":0,"Column":95,"Box":[216.0469,689.9063,39.7031,15.9844]},{"Row":0,"Column":96,"Box":[235.6406,636.2813,55.6875,17.5313]},{"Row":0,"Column":97,"Box":[236.1563,694.5469,37.6406,14.4375]},{"Row":0,"Column":98,"Box":[205.2188,364.5469,152.1094,14.4375]},{"Row":1,"Column":1,"Box":[290.2969,22.1719,53.625,10.8281]},{"Row":1,"Column":3,"Box":[290.2969,83.0156,50.5313,13.4063]},{"Row":1,"Column":4,"Box":[288.2344,141.2813,52.5938,19.5938]},{"Row":1,"Column":6,"Box":[315.5625,79.4063,113.4375,38.6719]},{"Row":1,"Column":7,"Box":[277.4063,21.6563,53.1094,12.375]},{"Row":1,"Column":8,"Box":[277.9219,192.8438,45.375,12.8906]},{"Row":1,"Column":10,"Box":[304.7344,196.4531,36.0938,9.7969]},{"Row":1,"Column":11,"Box":[277.4063,302.6719,50.5313,12.375]},{"Row":1,"Column":13,"Box":[315.0469,194.9063,38.1563,11.8594]},{"Row":1,"Column":15,"Box":[282.5625,240.2813,60.8438,21.6563]},{"Row":1,"Column":16,"Box":[276.8906,79.9219,113.9531,15.4688]},{"Row":1,"Column":19,"Box":[305.25,363.5156,194.3906,48.4688]},{"Row":1,"Column":25,"Box":[288.75,196.4531,37.6406,13.4063]},{"Row":1,"Column":70,"Box":[274.3125,362.4844,137.1563,17.0156]},{"Row":1,"Column":79,"Box":[302.6719,300.0938,61.3594,45.8906]},{"Row":1,"Column":87,"Box":[302.1563,244.9219,28.875,13.4063]},{"Row":1,"Column":88,"Box":[311.9531,242.3438,63.9375,43.8281]},{"Row":1,"Column":89,"Box":[291.3281,304.2188,52.0781,12.8906]},{"Row":1,"Column":90,"Box":[275.8594,629.5781,59.2969,15.4688]},{"Row":1,"Column":91,"Box":[277.4063,689.3906,39.1875,12.8906]},{"Row":1,"Column":92,"Box":[290.8125,634.2188,52.0781,12.375]},{"Row":1,"Column":93,"Box":[290.2969,692.4844,36.0938,11.8594]},{"Row":1,"Column":94,"Box":[302.1563,636.2813,50.5313,15.9844]},{"Row":1,"Column":95,"Box":[302.1563,693.5156,38.1563,13.9219]},{"Row":1,"Column":96,"Box":[319.6875,630.0938,57.75,18.0469]},{"Row":1,"Column":97,"Box":[322.7813,696.0938,33.5156,14.9531]},{"Row":1,"Column":98,"Box":[289.2656,363.0,156.2344,15.4688]},{"Row":2,"Column":1,"Box":[374.3438,20.625,55.1719,11.3438]},{"Row":2,"Column":3,"Box":[377.4375,83.5313,47.4375,15.4688]},{"Row":2,"Column":4,"Box":[372.2813,142.8281,51.5625,18.0469]},{"Row":2,"Column":6,"Box":[401.6719,81.4688,107.7656,36.6094]},{"Row":2,"Column":7,"Box":[362.4844,18.5625,56.7188,11.8594]},{"Row":2,"Column":8,"Box":[363.0,194.9063,38.1563,11.8594]},{"Row":2,"Column":10,"Box":[387.2344,194.9063,37.125,12.8906]},{"Row":2,"Column":11,"Box":[362.4844,302.6719,48.9844,12.8906]},{"Row":2,"Column":13,"Box":[399.6094,195.4219,36.0938,12.8906]},{"Row":2,"Column":15,"Box":[367.125,240.7969,58.2656,21.1406]},{"Row":2,"Column":16,"Box":[363.0,78.375,115.5,14.4375]},{"Row":2,"Column":19,"Box":[388.7813,362.4844,195.4219,48.9844]},{"Row":2,"Column":25,"Box":[374.8594,194.9063,33.0,13.4063]},{"Row":2,"Column":70,"Box":[360.9375,368.1563,149.0156,17.5313]},{"Row":2,"Column":79,"Box":[388.7813,300.6094,61.875,42.7969]},{"Row":2,"Column":87,"Box":[386.2031,243.375,37.125,18.0469]},{"Row":2,"Column":88,"Box":[397.5469,242.3438,59.8125,41.7656]},{"Row":2,"Column":89,"Box":[374.3438,303.7031,53.625,14.9531]},{"Row":2,"Column":90,"Box":[362.4844,635.7656,54.1406,12.8906]},{"Row":2,"Column":91,"Box":[361.9688,694.0313,36.0938,14.4375]},{"Row":2,"Column":92,"Box":[375.375,631.6406,54.1406,13.4063]},{"Row":2,"Column":93,"Box":[375.375,693.5156,34.0313,11.3438]},{"Row":2,"Column":94,"Box":[386.2031,644.0156,43.3125,13.9219]},{"Row":2,"Column":95,"Box":[387.2344,696.6094,33.0,14.4375]},{"Row":2,"Column":96,"Box":[404.7656,643.5,41.25,15.9844]},{"Row":2,"Column":97,"Box":[406.8281,693.0,36.6094,15.9844]},{"Row":2,"Column":98,"Box":[372.2813,360.9375,156.2344,16.5]},{"Row":3,"Column":1,"Box":[460.4531,22.1719,53.1094,10.3125]},{"Row":3,"Column":3,"Box":[459.9375,83.5313,38.1563,18.0469]},{"Row":3,"Column":4,"Box":[456.3281,141.7969,53.625,19.0781]},{"Row":3,"Column":6,"Box":[486.2344,83.0156,110.8594,36.0938]},{"Row":3,"Column":7,"Box":[447.5625,17.0156,56.2031,10.3125]},{"Row":3,"Column":8,"Box":[449.1094,196.4531,37.125,9.2813]},{"Row":3,"Column":10,"Box":[474.8906,195.9375,35.0625,10.3125]},{"Row":3,"Column":11,"Box":[449.625,302.6719,51.0469,12.8906]},{"Row":3,"Column":13,"Box":[484.6875,194.3906,36.0938,12.375]},{"Row":3,"Column":15,"Box":[452.2031,241.3125,58.7813,21.6563]},{"Row":3,"Column":16,"Box":[446.5313,79.4063,115.5,15.9844]},{"Row":3,"Column":19,"Box":[473.8594,360.9375,209.8594,49.5]},{"Row":3,"Column":25,"Box":[458.9063,195.4219,33.0,14.9531]},{"Row":3,"Column":70,"Box":[447.5625,368.6719,150.0469,17.0156]},{"Row":3,"Column":79,"Box":[472.3125,300.0938,61.875,47.9531]},{"Row":3,"Column":87,"Box":[474.375,244.9219,29.3906,10.3125]},{"Row":3,"Column":88,"Box":[482.625,242.3438,62.9063,42.7969]},{"Row":3,"Column":89,"Box":[459.9375,302.6719,51.5625,13.4063]},{"Row":3,"Column":90,"Box":[447.0469,631.6406,54.6563,14.9531]},{"Row":3,"Column":91,"Box":[448.5938,691.4531,37.6406,11.8594]},{"Row":3,"Column":92,"Box":[459.4219,636.7969,53.625,14.9531]},{"Row":3,"Column":93,"Box":[461.4844,690.9375,39.7031,12.375]},{"Row":3,"Column":94,"Box":[472.3125,634.7344,53.625,13.9219]},{"Row":3,"Column":95,"Box":[472.8281,696.0938,34.5469,13.4063]},{"Row":3,"Column":96,"Box":[493.4531,639.375,47.9531,12.8906]},{"Row":3,"Column":97,"Box":[492.9375,694.0313,38.6719,15.4688]},{"Row":3,"Column":98,"Box":[457.875,359.9063,208.3125,20.1094]}]}]}],"AnchorBasedConfiguration":{"AnchorBasedFieldConfiguration":[]}}